date,Q1,Q2,Q3,Q4,Q5,基准(等权全池)
2013-06-03,1.0,1.0,1.0,1.0,1.0,1.0
2013-06-04,1.0,1.0,1.0,1.0,1.0,1.0
2013-06-05,1.0,1.0,1.0,1.0,1.0,1.0
2013-06-06,1.0,1.0,1.0,1.0,1.0,1.0
2013-06-07,1.0,1.0,1.0,1.0,1.0,1.0
2013-06-13,1.0,1.0,1.0,1.0,1.0,1.0
2013-06-14,1.0,1.0,1.0,1.0,1.0,1.0
2013-06-17,1.0,1.0,1.0,1.0,1.0,1.0
2013-06-18,1.0,1.0,1.0,1.0,1.0,1.0
2013-06-19,1.0,1.0,1.0,1.0,1.0,1.0
2013-06-20,1.0,1.0,1.0,1.0,1.0,1.0
2013-06-21,1.0,1.0,1.0,1.0,1.0,1.0
2013-06-24,1.0,1.0,1.0,1.0,1.0,1.0
2013-06-25,1.0,1.0,1.0,1.0,1.0,1.0
2013-06-26,1.0,1.0,1.0,1.0,1.0,1.0
2013-06-27,1.0,1.0,1.0,1.0,1.0,1.0
2013-06-28,1.0,1.0,1.0,1.0,1.0,1.0
2013-07-01,1.0,1.0,1.0,1.0,1.0,1.0
2013-07-02,1.0,1.0,1.0,1.0,1.0,1.0
2013-07-03,1.0,1.0,1.0,1.0,1.0,1.0
2013-07-04,1.0,1.0,1.0,1.0,1.0,1.0
2013-07-05,1.0,1.0,1.0,1.0,1.0,1.0
2013-07-08,1.0,1.0,1.0,1.0,1.0,1.0
2013-07-09,1.0,1.0,1.0,1.0,1.0,1.0
2013-07-10,1.0,1.0,1.0,1.0,1.0,1.0
2013-07-11,1.0,1.0,1.0,1.0,1.0,1.0
2013-07-12,1.0,1.0,1.0,1.0,1.0,1.0
2013-07-15,1.0,1.0,1.0,1.0,1.0,1.0
2013-07-16,1.0,1.0,1.0,1.0,1.0,1.0
2013-07-17,1.0,1.0,1.0,1.0,1.0,1.0
2013-07-18,1.0,1.0,1.0,1.0,1.0,1.0
2013-07-19,1.0,1.0,1.0,1.0,1.0,1.0
2013-07-22,1.0,1.0,1.0,1.0,1.0,1.0
2013-07-23,1.0,1.0,1.0,1.0,1.0,1.0
2013-07-24,1.0,1.0,1.0,1.0,1.0,1.0
2013-07-25,1.0,1.0,1.0,1.0,1.0,1.0
2013-07-26,1.0,1.0,1.0,1.0,1.0,1.0
2013-07-29,1.0,1.0,1.0,1.0,1.0,1.0
2013-07-30,1.0,1.0,1.0,1.0,1.0,1.0
2013-07-31,1.0,1.0,1.0,1.0,1.0,1.0
2013-08-01,1.0,1.0,1.0,1.0,1.0,1.0
2013-08-02,1.0,1.0,1.0,1.0,1.0,1.0
2013-08-05,1.0,1.0,1.0,1.0,1.0,1.0
2013-08-06,1.0,1.0,1.0,1.0,1.0,1.0
2013-08-07,1.0,1.0,1.0,1.0,1.0,1.0
2013-08-08,1.0,1.0,1.0,1.0,1.0,1.0
2013-08-09,1.0,1.0,1.0,1.0,1.0,1.0
2013-08-12,1.0,1.0,1.0,1.0,1.0,1.0
2013-08-13,1.0,1.0,1.0,1.0,1.0,1.0
2013-08-14,1.0,1.0,1.0,1.0,1.0,1.0
2013-08-15,1.0,1.0,1.0,1.0,1.0,1.0
2013-08-16,1.0,1.0,1.0,1.0,1.0,1.0
2013-08-19,1.0,1.0,1.0,1.0,1.0,1.0
2013-08-20,1.0,1.0,1.0,1.0,1.0,1.0
2013-08-21,1.0,1.0,1.0,1.0,1.0,1.0
2013-08-22,1.0,1.0,1.0,1.0,1.0,1.0
2013-08-23,1.0,1.0,1.0,1.0,1.0,1.0
2013-08-26,1.0,1.0,1.0,1.0,1.0,1.0
2013-08-27,1.0,1.0,1.0,1.0,1.0,1.0
2013-08-28,1.0,1.0,1.0,1.0,1.0,1.0
2013-08-29,1.0,1.0,1.0,1.0,1.0,1.0
2013-08-30,1.0,1.0,1.0,1.0,1.0,1.0
2013-09-02,1.0,1.0,1.0,1.0,1.0,1.0
2013-09-03,1.0,1.0,1.0,1.0,1.0,1.0
2013-09-04,1.0,1.0,1.0,1.0,1.0,1.0
2013-09-05,1.0,1.0,1.0,1.0,1.0,1.0
2013-09-06,1.0,1.0,1.0,1.0,1.0,1.0
2013-09-09,1.0,1.0,1.0,1.0,1.0,1.0
2013-09-10,1.0,1.0,1.0,1.0,1.0,1.0
2013-09-11,1.0,1.0,1.0,1.0,1.0,1.0
2013-09-12,1.0,1.0,1.0,1.0,1.0,1.0
2013-09-13,1.0,1.0,1.0,1.0,1.0,1.0
2013-09-16,1.0,1.0,1.0,1.0,1.0,1.0
2013-09-17,1.0,1.0,1.0,1.0,1.0,1.0
2013-09-18,1.0,1.0,1.0,1.0,1.0,1.0
2013-09-23,1.0,1.0,1.0,1.0,1.0,1.0
2013-09-24,1.0,1.0,1.0,1.0,1.0,1.0
2013-09-25,1.0,1.0,1.0,1.0,1.0,1.0
2013-09-26,1.0,1.0,1.0,1.0,1.0,1.0
2013-09-27,1.0,1.0,1.0,1.0,1.0,1.0
2013-09-30,1.0,1.0,1.0,1.0,1.0,1.0
2013-10-08,1.0,1.0,1.0,1.0,1.0,1.0
2013-10-09,1.0,1.0,1.0,1.0,1.0,1.0
2013-10-10,1.0,1.0,1.0,1.0,1.0,1.0
2013-10-11,1.0,1.0,1.0,1.0,1.0,1.0
2013-10-14,1.0,1.0,1.0,1.0,1.0,1.0
2013-10-15,1.0,1.0,1.0,1.0,1.0,1.0
2013-10-16,1.0,1.0,1.0,1.0,1.0,1.0
2013-10-17,1.0,1.0,1.0,1.0,1.0,1.0
2013-10-18,1.0,1.0,1.0,1.0,1.0,1.0
2013-10-21,1.0,1.0,1.0,1.0,1.0,1.0
2013-10-22,1.0,1.0,1.0,1.0,1.0,1.0
2013-10-23,1.0,1.0,1.0,1.0,1.0,1.0
2013-10-24,1.0,1.0,1.0,1.0,1.0,1.0
2013-10-25,1.0,1.0,1.0,1.0,1.0,1.0
2013-10-28,1.0,1.0,1.0,1.0,1.0,1.0
2013-10-29,1.0,1.0,1.0,1.0,1.0,1.0
2013-10-30,1.0,1.0,1.0,1.0,1.0,1.0
2013-10-31,1.0,1.0,1.0,1.0,1.0,1.0
2013-11-01,1.0,1.0,1.0,1.0,1.0,1.0
2013-11-04,1.0,1.0,1.0,1.0,1.0,1.0
2013-11-05,1.0,1.0,1.0,1.0,1.0,1.0
2013-11-06,1.0,1.0,1.0,1.0,1.0,1.0
2013-11-07,1.0,1.0,1.0,1.0,1.0,1.0
2013-11-08,1.0,1.0,1.0,1.0,1.0,1.0
2013-11-11,1.0,1.0,1.0,1.0,1.0,1.0
2013-11-12,1.0,1.0,1.0,1.0,1.0,1.0
2013-11-13,1.0,1.0,1.0,1.0,1.0,1.0
2013-11-14,1.0,1.0,1.0,1.0,1.0,1.0
2013-11-15,1.0,1.0,1.0,1.0,1.0,1.0
2013-11-18,1.0,1.0,1.0,1.0,1.0,1.0
2013-11-19,1.0,1.0,1.0,1.0,1.0,1.0
2013-11-20,1.0,1.0,1.0,1.0,1.0,1.0
2013-11-21,1.0,1.0,1.0,1.0,1.0,1.0
2013-11-22,1.0,1.0,1.0,1.0,1.0,1.0
2013-11-25,1.0,1.0,1.0,1.0,1.0,1.0
2013-11-26,1.0,1.0,1.0,1.0,1.0,1.0
2013-11-27,1.0,1.0,1.0,1.0,1.0,1.0
2013-11-28,1.0,1.0,1.0,1.0,1.0,1.0
2013-11-29,1.0,1.0,1.0,1.0,1.0,1.0
2013-12-02,1.0,1.0,1.0,1.0,1.0,1.0
2013-12-03,1.0,1.0,1.0,1.0,1.0,1.0
2013-12-04,1.0,1.0,1.0,1.0,1.0,1.0
2013-12-05,1.0,1.0,1.0,1.0,1.0,1.0
2013-12-06,1.0,1.0,1.0,1.0,1.0,1.0
2013-12-09,1.0,1.0,1.0,1.0,1.0,1.0
2013-12-10,1.0,1.0,1.0,1.0,1.0,1.0
2013-12-11,1.0,1.0,1.0,1.0,1.0,1.0
2013-12-12,1.0,1.0,1.0,1.0,1.0,1.0
2013-12-13,1.0,1.0,1.0,1.0,1.0,1.0
2013-12-16,1.0,1.0,1.0,1.0,1.0,1.0
2013-12-17,1.0,1.0,1.0,1.0,1.0,1.0
2013-12-18,1.0,1.0,1.0,1.0,1.0,1.0
2013-12-19,1.0,1.0,1.0,1.0,1.0,1.0
2013-12-20,1.0,1.0,1.0,1.0,1.0,1.0
2013-12-23,1.0,1.0,1.0,1.0,1.0,1.0
2013-12-24,1.0,1.0,1.0,1.0,1.0,1.0
2013-12-25,1.0,1.0,1.0,1.0,1.0,1.0
2013-12-26,1.0,1.0,1.0,1.0,1.0,1.0
2013-12-27,1.0,1.0,1.0,1.0,1.0,1.0
2013-12-30,1.0,1.0,1.0,1.0,1.0,1.0
2013-12-31,1.0,1.0,1.0,1.0,1.0,1.0
2014-01-02,1.0,1.0,1.0,1.0,1.0,1.0
2014-01-03,1.0,1.0,1.0,1.0,1.0,1.0
2014-01-06,1.0,1.0,1.0,1.0,1.0,1.0
2014-01-07,1.0,1.0,1.0,1.0,1.0,1.0
2014-01-08,1.0,1.0,1.0,1.0,1.0,1.0
2014-01-09,1.0,1.0,1.0,1.0,1.0,1.0
2014-01-10,1.0,1.0,1.0,1.0,1.0,1.0
2014-01-13,1.0,1.0,1.0,1.0,1.0,1.0
2014-01-14,1.0,1.0,1.0,1.0,1.0,1.0
2014-01-15,1.0,1.0,1.0,1.0,1.0,1.0
2014-01-16,1.0,1.0,1.0,1.0,1.0,1.0
2014-01-17,1.0,1.0,1.0,1.0,1.0,1.0
2014-01-20,1.0,1.0,1.0,1.0,1.0,1.0
2014-01-21,1.0,1.0,1.0,1.0,1.0,1.0
2014-01-22,1.0,1.0,1.0,1.0,1.0,1.0
2014-01-23,1.0,1.0,1.0,1.0,1.0,1.0
2014-01-24,1.0,1.0,1.0,1.0,1.0,1.0
2014-01-27,1.0,1.0,1.0,1.0,1.0,1.0
2014-01-28,1.0,1.0,1.0,1.0,1.0,1.0
2014-01-29,1.0,1.0,1.0,1.0,1.0,1.0
2014-01-30,1.0,1.0,1.0,1.0,1.0,1.0
2014-02-07,1.0,1.0,1.0,1.0,1.0,1.0
2014-02-10,1.0,1.0,1.0,1.0,1.0,1.0
2014-02-11,1.0,1.0,1.0,1.0,1.0,1.0
2014-02-12,1.0,1.0,1.0,1.0,1.0,1.0
2014-02-13,1.0,1.0,1.0,1.0,1.0,1.0
2014-02-14,1.0,1.0,1.0,1.0,1.0,1.0
2014-02-17,1.0,1.0,1.0,1.0,1.0,1.0
2014-02-18,1.0,1.0,1.0,1.0,1.0,1.0
2014-02-19,1.0,1.0,1.0,1.0,1.0,1.0
2014-02-20,1.0,1.0,1.0,1.0,1.0,1.0
2014-02-21,1.0,1.0,1.0,1.0,1.0,1.0
2014-02-24,1.0,1.0,1.0,1.0,1.0,1.0
2014-02-25,1.0,1.0,1.0,1.0,1.0,1.0
2014-02-26,1.0,1.0,1.0,1.0,1.0,1.0
2014-02-27,1.0,1.0,1.0,1.0,1.0,1.0
2014-02-28,1.0,1.0,1.0,1.0,1.0,1.0
2014-03-03,1.0,1.0,1.0,1.0,1.0,1.0
2014-03-04,1.0,1.0,1.0,1.0,1.0,1.0
2014-03-05,1.0,1.0,1.0,1.0,1.0,1.0
2014-03-06,1.0,1.0,1.0,1.0,1.0,1.0
2014-03-07,1.0,1.0,1.0,1.0,1.0,1.0
2014-03-10,1.0,1.0,1.0,1.0,1.0,1.0
2014-03-11,1.0,1.0,1.0,1.0,1.0,1.0
2014-03-12,1.0,1.0,1.0,1.0,1.0,1.0
2014-03-13,1.0,1.0,1.0,1.0,1.0,1.0
2014-03-14,1.0,1.0,1.0,1.0,1.0,1.0
2014-03-17,1.0,1.0,1.0,1.0,1.0,1.0
2014-03-18,1.0,1.0,1.0,1.0,1.0,1.0
2014-03-19,1.0,1.0,1.0,1.0,1.0,1.0
2014-03-20,1.0,1.0,1.0,1.0,1.0,1.0
2014-03-21,1.0,1.0,1.0,1.0,1.0,1.0
2014-03-24,1.0,1.0,1.0,1.0,1.0,1.0
2014-03-25,1.0,1.0,1.0,1.0,1.0,1.0
2014-03-26,1.0,1.0,1.0,1.0,1.0,1.0
2014-03-27,1.0,1.0,1.0,1.0,1.0,1.0
2014-03-28,1.0,1.0,1.0,1.0,1.0,1.0
2014-03-31,1.0,1.0,1.0,1.0,1.0,1.0
2014-04-01,1.0,1.0,1.0,1.0,1.0,1.0
2014-04-02,1.0,1.0,1.0,1.0,1.0,1.0
2014-04-03,1.0,1.0,1.0,1.0,1.0,1.0
2014-04-04,1.0,1.0,1.0,1.0,1.0,1.0
2014-04-08,1.0,1.0,1.0,1.0,1.0,1.0
2014-04-09,1.0,1.0,1.0,1.0,1.0,1.0
2014-04-10,1.0,1.0,1.0,1.0,1.0,1.0
2014-04-11,1.0,1.0,1.0,1.0,1.0,1.0
2014-04-14,1.0,1.0,1.0,1.0,1.0,1.0
2014-04-15,1.0,1.0,1.0,1.0,1.0,1.0
2014-04-16,1.0,1.0,1.0,1.0,1.0,1.0
2014-04-17,1.0,1.0,1.0,1.0,1.0,1.0
2014-04-18,1.0,1.0,1.0,1.0,1.0,1.0
2014-04-21,1.0,1.0,1.0,1.0,1.0,1.0
2014-04-22,1.0,1.0,1.0,1.0,1.0,1.0
2014-04-23,1.0,1.0,1.0,1.0,1.0,1.0
2014-04-24,1.0,1.0,1.0,1.0,1.0,1.0
2014-04-25,1.0,1.0,1.0,1.0,1.0,1.0
2014-04-28,1.0,1.0,1.0,1.0,1.0,1.0
2014-04-29,1.0,1.0,1.0,1.0,1.0,1.0
2014-04-30,1.0,1.0,1.0,1.0,1.0,1.0
2014-05-05,1.0,1.0,1.0,1.0,1.0,1.0
2014-05-06,1.0,1.0,1.0,1.0,1.0,1.0
2014-05-07,1.0,1.0,1.0,1.0,1.0,1.0
2014-05-08,1.0,1.0,1.0,1.0,1.0,1.0
2014-05-09,1.0,1.0,1.0,1.0,1.0,1.0
2014-05-12,1.0,1.0,1.0,1.0,1.0,1.0
2014-05-13,1.0,1.0,1.0,1.0,1.0,1.0
2014-05-14,1.0,1.0,1.0,1.0,1.0,1.0
2014-05-15,1.0,1.0,1.0,1.0,1.0,1.0
2014-05-16,1.0,1.0,1.0,1.0,1.0,1.0
2014-05-19,1.0,1.0,1.0,1.0,1.0,1.0
2014-05-20,1.0,1.0,1.0,1.0,1.0,1.0
2014-05-21,1.0,1.0,1.0,1.0,1.0,1.0
2014-05-22,1.0,1.0,1.0,1.0,1.0,1.0
2014-05-23,1.0,1.0,1.0,1.0,1.0,1.0
2014-05-26,1.0,1.0,1.0,1.0,1.0,1.0
2014-05-27,1.0,1.0,1.0,1.0,1.0,1.0
2014-05-28,1.0,1.0,1.0,1.0,1.0,1.0
2014-05-29,1.0,1.0,1.0,1.0,1.0,1.0
2014-05-30,1.0,1.0,1.0,1.0,1.0,1.0
2014-06-03,1.0,1.0,1.0,1.0,1.0,1.0
2014-06-04,1.0,1.0,1.0,1.0,1.0,1.0
2014-06-05,1.0,1.0,1.0,1.0,1.0,1.0
2014-06-06,1.0,1.0,1.0,1.0,1.0,1.0
2014-06-09,1.0,1.0,1.0,1.0,1.0,1.0
2014-06-10,1.0,1.0,1.0,1.0,1.0,1.0
2014-06-11,1.0,1.0,1.0,1.0,1.0,1.0
2014-06-12,1.0,1.0,1.0,1.0,1.0,1.0
2014-06-13,1.0,1.0,1.0,1.0,1.0,1.0
2014-06-16,1.0,1.0,1.0,1.0,1.0,1.0
2014-06-17,1.0,1.0,1.0,1.0,1.0,1.0
2014-06-18,1.0,1.0,1.0,1.0,1.0,1.0
2014-06-19,1.0,1.0,1.0,1.0,1.0,1.0
2014-06-20,1.0,1.0,1.0,1.0,1.0,1.0
2014-06-23,1.0,1.0,1.0,1.0,1.0,1.0
2014-06-24,1.0,1.0,1.0,1.0,1.0,1.0
2014-06-25,1.0,1.0,1.0,1.0,1.0,1.0
2014-06-26,1.0,1.0,1.0,1.0,1.0,1.0
2014-06-27,1.0,1.0,1.0,1.0,1.0,1.0
2014-06-30,1.0,1.0,1.0,1.0,1.0,1.0
2014-07-01,1.0,1.0,1.0,1.0,1.0,1.0
2014-07-02,1.0,1.0,1.0,1.0,1.0,1.0
2014-07-03,1.0,1.0,1.0,1.0,1.0,1.0
2014-07-04,1.0,1.0,1.0,1.0,1.0,1.0
2014-07-07,1.0,1.0,1.0,1.0,1.0,1.0
2014-07-08,1.0,1.0,1.0,1.0,1.0,1.0
2014-07-09,1.0,1.0,1.0,1.0,1.0,1.0
2014-07-10,1.0,1.0,1.0,1.0,1.0,1.0
2014-07-11,1.0,1.0,1.0,1.0,1.0,1.0
2014-07-14,1.0,1.0,1.0,1.0,1.0,1.0
2014-07-15,1.0,1.0,1.0,1.0,1.0,1.0
2014-07-16,1.0,1.0,1.0,1.0,1.0,1.0
2014-07-17,1.0,1.0,1.0,1.0,1.0,1.0
2014-07-18,1.0,1.0,1.0,1.0,1.0,1.0
2014-07-21,1.0,1.0,1.0,1.0,1.0,1.0
2014-07-22,1.0,1.0,1.0,1.0,1.0,1.0
2014-07-23,1.0,1.0,1.0,1.0,1.0,1.0
2014-07-24,1.0,1.0,1.0,1.0,1.0,1.0
2014-07-25,1.0,1.0,1.0,1.0,1.0,1.0
2014-07-28,1.0,1.0,1.0,1.0,1.0,1.0
2014-07-29,1.0,1.0,1.0,1.0,1.0,1.0
2014-07-30,1.0,1.0,1.0,1.0,1.0,1.0
2014-07-31,1.0,1.0,1.0,1.0,1.0,1.0
2014-08-01,1.0,1.0,1.0,1.0,1.0,1.0
2014-08-04,1.0,1.0,1.0,1.0,1.0,1.0
2014-08-05,1.0,1.0,1.0,1.0,1.0,1.0
2014-08-06,1.0,1.0,1.0,1.0,1.0,1.0
2014-08-07,1.0,1.0,1.0,1.0,1.0,1.0
2014-08-08,1.0,1.0,1.0,1.0,1.0,1.0
2014-08-11,1.0,1.0,1.0,1.0,1.0,1.0
2014-08-12,1.0,1.0,1.0,1.0,1.0,1.0
2014-08-13,1.0,1.0,1.0,1.0,1.0,1.0
2014-08-14,1.0,1.0,1.0,1.0,1.0,1.0
2014-08-15,1.0,1.0,1.0,1.0,1.0,1.0
2014-08-18,1.0,1.0,1.0,1.0,1.0,1.0
2014-08-19,1.0,1.0,1.0,1.0,1.0,1.0
2014-08-20,1.0,1.0,1.0,1.0,1.0,1.0
2014-08-21,1.0,1.0,1.0,1.0,1.0,1.0
2014-08-22,1.0,1.0,1.0,1.0,1.0,1.0
2014-08-25,1.0,1.0,1.0,1.0,1.0,1.0
2014-08-26,1.0,1.0,1.0,1.0,1.0,1.0
2014-08-27,1.0,1.0,1.0,1.0,1.0,1.0
2014-08-28,1.0,1.0,1.0,1.0,1.0,1.0
2014-08-29,1.0,1.0,1.0,1.0,1.0,1.0
2014-09-01,1.0,1.0,1.0,1.0,1.0,1.0
2014-09-02,1.0,1.0,1.0,1.0,1.0,1.0
2014-09-03,1.0,1.0,1.0,1.0,1.0,1.0
2014-09-04,1.0,1.0,1.0,1.0,1.0,1.0
2014-09-05,1.0,1.0,1.0,1.0,1.0,1.0
2014-09-09,1.0,1.0,1.0,1.0,1.0,1.0
2014-09-10,1.0,1.0,1.0,1.0,1.0,1.0
2014-09-11,1.0,1.0,1.0,1.0,1.0,1.0
2014-09-12,1.0,1.0,1.0,1.0,1.0,1.0
2014-09-15,1.0,1.0,1.0,1.0,1.0,1.0
2014-09-16,1.0,1.0,1.0,1.0,1.0,1.0
2014-09-17,1.0,1.0,1.0,1.0,1.0,1.0
2014-09-18,1.0,1.0,1.0,1.0,1.0,1.0
2014-09-19,1.0,1.0,1.0,1.0,1.0,1.0
2014-09-22,1.0,1.0,1.0,1.0,1.0,1.0
2014-09-23,1.0,1.0,1.0,1.0,1.0,1.0
2014-09-24,1.0,1.0,1.0,1.0,1.0,1.0
2014-09-25,1.0,1.0,1.0,1.0,1.0,1.0
2014-09-26,1.0,1.0,1.0,1.0,1.0,1.0
2014-09-29,1.0,1.0,1.0,1.0,1.0,1.0
2014-09-30,1.0,1.0,1.0,1.0,1.0,1.0
2014-10-08,1.0,1.0,1.0,1.0,1.0,1.0
2014-10-09,1.0,1.0,1.0,1.0,1.0,1.0
2014-10-10,1.0,1.0,1.0,1.0,1.0,1.0
2014-10-13,1.0,1.0,1.0,1.0,1.0,1.0
2014-10-14,1.0,1.0,1.0,1.0,1.0,1.0
2014-10-15,1.0,1.0,1.0,1.0,1.0,1.0
2014-10-16,1.0,1.0,1.0,1.0,1.0,1.0
2014-10-17,1.0,1.0,1.0,1.0,1.0,1.0
2014-10-20,1.0,1.0,1.0,1.0,1.0,1.0
2014-10-21,1.0,1.0,1.0,1.0,1.0,1.0
2014-10-22,1.0,1.0,1.0,1.0,1.0,1.0
2014-10-23,1.0,1.0,1.0,1.0,1.0,1.0
2014-10-24,1.0,1.0,1.0,1.0,1.0,1.0
2014-10-27,1.0,1.0,1.0,1.0,1.0,1.0
2014-10-28,1.0,1.0,1.0,1.0,1.0,1.0
2014-10-29,1.0,1.0,1.0,1.0,1.0,1.0
2014-10-30,1.0,1.0,1.0,1.0,1.0,1.0
2014-10-31,1.0,1.0,1.0,1.0,1.0,1.0
2014-11-03,1.0,1.0,1.0,1.0,1.0,1.0
2014-11-04,1.0,1.0,1.0,1.0,1.0,1.0
2014-11-05,1.0,1.0,1.0,1.0,1.0,1.0
2014-11-06,1.0,1.0,1.0,1.0,1.0,1.0
2014-11-07,1.0,1.0,1.0,1.0,1.0,1.0
2014-11-10,1.0,1.0,1.0,1.0,1.0,1.0
2014-11-11,1.0,1.0,1.0,1.0,1.0,1.0
2014-11-12,1.0,1.0,1.0,1.0,1.0,1.0
2014-11-13,1.0,1.0,1.0,1.0,1.0,1.0
2014-11-14,1.0,1.0,1.0,1.0,1.0,1.0
2014-11-17,1.0,1.0,1.0,1.0,1.0,1.0
2014-11-18,1.0,1.0,1.0,1.0,1.0,1.0
2014-11-19,1.0,1.0,1.0,1.0,1.0,1.0
2014-11-20,1.0,1.0,1.0,1.0,1.0,1.0
2014-11-21,1.0,1.0,1.0,1.0,1.0,1.0
2014-11-24,1.0,1.0,1.0,1.0,1.0,1.0
2014-11-25,1.0,1.0,1.0,1.0,1.0,1.0
2014-11-26,1.0,1.0,1.0,1.0,1.0,1.0
2014-11-27,1.0,1.0,1.0,1.0,1.0,1.0
2014-11-28,1.0,1.0,1.0,1.0,1.0,1.0
2014-12-01,1.0,1.0,1.0,1.0,1.0,1.0
2014-12-02,1.0,1.0,1.0,1.0,1.0,1.0
2014-12-03,1.0,1.0,1.0,1.0,1.0,1.0
2014-12-04,1.0,1.0,1.0,1.0,1.0,1.0
2014-12-05,1.0,1.0,1.0,1.0,1.0,1.0
2014-12-08,1.0,1.0,1.0,1.0,1.0,1.0
2014-12-09,1.0,1.0,1.0,1.0,1.0,1.0
2014-12-10,1.0,1.0,1.0,1.0,1.0,1.0
2014-12-11,1.0,1.0,1.0,1.0,1.0,1.0
2014-12-12,1.0,1.0,1.0,1.0,1.0,1.0
2014-12-15,1.0,1.0,1.0,1.0,1.0,1.0
2014-12-16,0.9985,0.9985,0.9985,0.9985,0.9985,0.9985
2014-12-17,0.9798452101697109,0.9849226985232944,0.9846141304802819,0.9855668800367895,0.9992935144224366,0.9868514305423738
2014-12-18,0.9758302024859209,0.9815885636291065,0.9824305554476415,0.9873633188355574,1.0021948663689138,0.985871238623324
2014-12-19,0.9621066243582935,0.9707381320588723,0.9753934005078508,0.9865863777150609,1.0232050341141226,0.9834909639086005
2014-12-22,0.9068801924673622,0.9277798758852965,0.9389176894044495,0.9540417570205247,1.0108750612399116,0.9472819173058772
2014-12-23,0.8998191305923763,0.9147081806783203,0.9164675712610771,0.9327217349390247,0.9768892136526933,0.9285358487636883
2014-12-24,0.9244036971020878,0.9365333372620985,0.9346129104519787,0.9453752896632862,0.9690677381069936,0.942744174670741
2014-12-25,0.9359785451014656,0.9499031533389974,0.9458090658144072,0.9636961244541188,1.001081781064787,0.959940803515616
2014-12-26,0.9377029563636569,0.9551544267010219,0.9521404621836493,0.9725232259765226,1.0247861527753126,0.9689492762638833
2014-12-29,0.9227563480913661,0.941704604899503,0.9415164931757337,0.96368998477595,1.026493343041477,0.9595352525773876
2014-12-30,0.9128424974183039,0.919700904493417,0.9223077774411917,0.9448640715860622,1.0105947916741393,0.9430926535828175
2014-12-31,0.9195859572053426,0.9281276859876054,0.9311571408825036,0.9548901154384433,1.0269885676598152,0.9530852208364049
2015-01-05,0.930637599581665,0.9449268100226899,0.9528002616025574,0.977520717755424,1.058801103124026,0.9736790185594817
2015-01-06,0.9449778527544882,0.9578832211882505,0.9645588513454725,0.9879399349984437,1.0632055109738505,0.9846388128760267
2015-01-07,0.943481641491671,0.9582158196846672,0.9648583302333712,0.9870954544705449,1.0662299061957763,0.9848483808650457
2015-01-08,0.9392011541790055,0.9556722504101757,0.9572600845744764,0.9751876346763332,1.0411639796222694,0.9756784276434789
2015-01-09,0.9331851202245492,0.9486946319378748,0.9480364809070853,0.9654779208038626,1.029462271070962,0.9669874751859074
2015-01-12,0.9168361697090746,0.933697886793789,0.9290643199029305,0.9470568994426637,1.010439305033772,0.9494081110290908
2015-01-13,0.9317798650365396,0.9473120853912942,0.94573248200308,0.9603216425045116,1.0144884584208862,0.9620987636647317
2015-01-14,0.9308528628118541,0.9451282509726642,0.9400938842619265,0.9541864146928108,1.0069244552458678,0.9576525172993424
2015-01-15,0.936718170108562,0.9522135256557852,0.9482937752271325,0.9643128273225583,1.0322117973035656,0.9697226554546658
2015-01-16,0.9455535506845013,0.9608489523500217,0.9565936723298566,0.97543469392492,1.0430955023694417,0.9792895203067089
2015-01-19,0.9239878739850155,0.9291628091380811,0.9163523981278591,0.9272006027404825,0.969832791477737,0.9366799418182162
2015-01-20,0.9553685988197321,0.9609337239877371,0.9496790946735244,0.9602429201523645,0.996232112799646,0.96803450227245
2015-01-21,0.9787677619169295,0.9845645890573568,0.9746030548910422,0.9869133078042938,1.0342237069958347,0.9953821699786578
2015-01-22,0.9918471758418186,0.9976923047873328,0.9898791065015401,1.000077698405583,1.0450895879471387,1.009576268883581
2015-01-23,0.9862595556916068,0.991220222140998,0.9831618000319445,0.9911185841571216,1.0383024093594049,1.002639850832349
2015-01-26,1.0076822795763316,1.0131033975206263,1.005394418287387,1.0149265705609176,1.056119212584544,1.024212895882541
2015-01-27,1.013656492139801,1.0194697737218368,1.0118006160533097,1.0195281691214069,1.0531567623175437,1.0283719248908614
2015-01-28,1.0112982556946095,1.0157141945735975,1.0069191191843057,1.0135329853347002,1.040103528701095,1.0223832518417233
2015-01-29,1.0076021065309846,1.010593991264481,0.9982142475140804,1.0059196495019127,1.0290877460676209,1.0161964169834599
2015-01-30,1.0035446066486315,1.0020113820860208,0.9899931044464869,0.9952981545047942,1.013246493880605,1.0067035459452218
2015-02-02,1.0012496254716645,0.9948559305949141,0.9819989471426328,0.9877791617193995,0.9991420983122448,0.9988557999283167
2015-02-03,1.0144733082500286,1.008693260492737,0.9976250329477058,1.0036163381947216,1.020132142457196,1.014851430066655
2015-02-04,1.0107847739512625,1.0038856527937385,0.9946303958102838,0.9972893690661666,1.012954136246999,1.009829057902515
2015-02-05,1.0031388971048276,0.9961477051624192,0.985238477989039,0.989156783038011,1.0032202101692609,1.0023534923139548
2015-02-06,0.985623175012371,0.9776374997812477,0.9674821855543444,0.9689639564524349,0.9780797095790857,0.9823988362155274
2015-02-09,0.9829441762559739,0.9732565211820909,0.962729228938592,0.9635213763663252,0.9760789748842307,0.9785135562356987
2015-02-10,0.9901775590587124,0.9813988188983352,0.9709833594755437,0.9773198781392033,0.9971845202504668,0.99030313785091
2015-02-11,1.0010519284057675,0.9927702575934608,0.9811607933696808,0.9884197438179093,1.007582720886058,1.0011639506317107
2015-02-12,1.0101756717733172,1.0005910917970886,0.9884244359299238,0.9952265790946692,1.0125112501858784,1.0094607897069825
2015-02-13,1.0268817642940902,1.0170378437992948,1.0043749242452236,1.009384624563166,1.0259681164017371,1.0249309534638318
2015-02-16,1.042970642911445,1.0344148308639438,1.021829340446444,1.026717542480095,1.042548196280567,1.0420394708663199
2015-02-17,1.0471069120165477,1.0405483780393519,1.029940306006704,1.0351974476055013,1.050440163321611,1.0490540649997164
2015-02-25,1.0493817266987926,1.0427227600639128,1.0295305675412807,1.0397088629114442,1.0444025921446904,1.0495739204693746
2015-02-26,1.0601900401463504,1.0535502279004667,1.0399511193389492,1.0508261878143395,1.0636546119228063,1.0632572312717223
2015-02-27,1.0689513762807656,1.062562668803214,1.0488027934242512,1.058928089523592,1.0721069865154593,1.0719731590262611
2015-03-02,1.0890942717828909,1.0836380925306746,1.0713068373082992,1.0796886262967285,1.0911863944092661,1.092884137771922
2015-03-03,1.0853297975721294,1.082388664782387,1.0667054743113231,1.0726137818372194,1.0749795532154829,1.0862558569547762
2015-03-04,1.1045459336220087,1.1000361120104334,1.0865980870972498,1.08836213287986,1.0898709405770926,1.1038962473682576
2015-03-05,1.112154526372619,1.1080267197041456,1.0914121386590954,1.088390790958647,1.083460617689887,1.1079749974145159
2015-03-06,1.10910186114482,1.1028166467983882,1.0813052079787602,1.0748088872158563,1.0692588849529963,1.0986030589285414
2015-03-09,1.12201381934671,1.1185864182144114,1.098000843962954,1.087028504580499,1.082380480226702,1.1128900745477863
2015-03-10,1.1360108486886416,1.1321699469255475,1.1101107120745723,1.0991671660136018,1.0873579102735071,1.1243313600000329
2015-03-11,1.1393947065005046,1.133367762764505,1.1099146155151192,1.099491407088939,1.08384203467654,1.1245378501773287
2015-03-12,1.13437602123478,1.1282136670617502,1.1081408403779045,1.0970757354490177,1.089332123957724,1.1240918410934064
2015-03-13,1.14884577330546,1.1428480854066851,1.1240675793451542,1.1097620869577463,1.1009213940674794,1.1380988019440124
2015-03-16,1.1822789820375226,1.1760636578315669,1.1588714473163138,1.1446167382590815,1.1348147090183263,1.1725426068571674
2015-03-17,1.1986353226499316,1.1934939726818379,1.1763410885823093,1.1614669737636867,1.1531323092789079,1.1900355238602178
2015-03-18,1.221546602626771,1.2164505793382834,1.1968464633947125,1.1872480148413314,1.1777588515390915,1.2136763511006525
2015-03-19,1.2323011177141936,1.2242801371002079,1.2058617752305676,1.1946953936482965,1.1810897318631972,1.222837530260188
2015-03-20,1.245679333947134,1.2355355328338473,1.2156083735758831,1.2034266578436628,1.1922505349999102,1.233817452884147
2015-03-23,1.275815921471816,1.2655652212805968,1.2434039888649913,1.2345097349717542,1.2218520564933955,1.2639265800389041
2015-03-24,1.2766738092294496,1.2639556460237582,1.2440879347795661,1.2416681230920825,1.2299157740604802,1.267048527913318
2015-03-25,1.2942992405089322,1.2796354792659124,1.2596977492473862,1.2537152437343702,1.2297131003980657,1.2792848071249538
2015-03-26,1.2893891643950433,1.276758860631321,1.249844738277302,1.244241212940545,1.2210251448929983,1.2731758240441224
2015-03-27,1.3106530381851407,1.2940793635564314,1.2650943916638613,1.254642333319457,1.2294544491986394,1.2878228302209669
2015-03-30,1.3244562364363932,1.3125643410236758,1.2851839952970474,1.2728575606102317,1.2588853538538392,1.3082096274208113
2015-03-31,1.3246092634229891,1.310280344876654,1.2806058371699431,1.2682878414668703,1.252817030183883,1.3046519926884155
2015-04-01,1.3576324305930918,1.3410185034562017,1.3129925647626077,1.3008759881250156,1.2767528254324576,1.335567041527656
2015-04-02,1.3931810858182958,1.369333405685619,1.3428569302552067,1.3271262274266182,1.2853834344841806,1.362688498217427
2015-04-03,1.4329867400804817,1.401896701032661,1.3733686543425643,1.3472099435432747,1.2998435088259572,1.3903466705093204
2015-04-07,1.4633522202089346,1.4361139675374766,1.4051271870686184,1.3763346881144338,1.3283141935477552,1.4215572579399587
2015-04-08,1.44917603827847,1.4220822192489369,1.3841227751129372,1.3562489319286994,1.3251196739000117,1.4069427520189042
2015-04-09,1.4325417775054214,1.3983236814939881,1.3649276799386583,1.3388257995101995,1.309207466057986,1.3881173620432457
2015-04-10,1.4747648068633696,1.4374825678101875,1.4028711232490536,1.3739584604030777,1.3363119941917152,1.4261731177491443
2015-04-13,1.5180087054776825,1.479850343911797,1.442432316896925,1.4059718010326776,1.3591752021286887,1.462517135964128
2015-04-14,1.5250276079859282,1.4886315111019042,1.4482278378619022,1.4045084881075236,1.362714142825018,1.4672389942678514
2015-04-15,1.474181718118999,1.4341663514906398,1.3887472111874215,1.3473225791446501,1.3189161382555805,1.4132901256007242
2015-04-16,1.48993118385267,1.4507907739589483,1.4085247126208824,1.3671873230433464,1.3434710629842166,1.4330386611905062
2015-04-17,1.499924566585345,1.4581108107156557,1.412955205920923,1.3773373326319798,1.37146218745391,1.4468953019436137
2015-04-20,1.467610061530284,1.422464342219866,1.372163075453311,1.3446766740473124,1.3520690292146902,1.4142789899291612
2015-04-21,1.5229425381379118,1.4741451763374924,1.4233512407799767,1.3967422673365342,1.3923748714990383,1.4651576469985785
2015-04-22,1.5683560613517795,1.5194985692241403,1.4656723905405287,1.4354257550306162,1.4330158821727457,1.508293040684237
2015-04-23,1.5888407834119285,1.538636560888348,1.4821179823017767,1.4514105028116162,1.4412542351516935,1.5245129202829617
2015-04-24,1.5920466843262817,1.5406106583206531,1.482519102023321,1.4437441538553317,1.4295719267127696,1.52315513239325
2015-04-27,1.6072323044599226,1.5561399055771674,1.4926335297406992,1.4540763439026334,1.4585527959316789,1.5395655300687277
2015-04-28,1.5582058273658421,1.5022158085875692,1.4385726301898594,1.401328039180105,1.4205883416990648,1.4891664305286383
2015-04-29,1.59428199125888,1.5340921607436944,1.4707154261667372,1.4339384044959815,1.4371580195334526,1.5194413213750508
2015-04-30,1.6040657939566423,1.5376664949955112,1.4682597424700612,1.4340471106499169,1.4321508352880756,1.520471120959033
2015-05-04,1.6247754058841464,1.5523476342406735,1.4803399713687715,1.4442802484628643,1.4525797634699777,1.537833151894583
2015-05-05,1.5773008404835978,1.5038143617000714,1.4268635255704314,1.3880506644691541,1.3901760083359835,1.4829309538496178
2015-05-06,1.551919851294039,1.47296343536332,1.398228599973478,1.3639918048549824,1.3641442119719014,1.4554282296462102
2015-05-07,1.5195788293678918,1.437711377300371,1.3653618916670298,1.3306087831921618,1.326453961798771,1.4203870487688044
2015-05-08,1.5827518091607136,1.4987058028052709,1.424533584621356,1.3833807126883386,1.3668605821231492,1.4764774090337451
2015-05-11,1.6523443211069573,1.5641677978571624,1.4867138178882287,1.4411210736432134,1.4192053524269153,1.540449588939958
2015-05-12,1.688187065259613,1.593586986631346,1.5155071643957583,1.4665620744603436,1.44778051904673,1.5705362978408592
2015-05-13,1.717822050226062,1.6152554278576565,1.5365272377777706,1.4832318443867956,1.4455101440199452,1.5877556515583622
2015-05-14,1.7347816522673893,1.6339084917345212,1.5463827168515505,1.48867198949768,1.4481449351635705,1.5983381779787296
2015-05-15,1.7261643495115733,1.6194773822793267,1.5268253219432806,1.4664154727720493,1.4274216350386362,1.5805302464295181
2015-05-18,1.7695716327808484,1.6458295365931963,1.5504234217365442,1.4862704827725581,1.4270864669124874,1.6045417375728395
2015-05-19,1.827270028295537,1.697076501090759,1.593530319046475,1.52921170049142,1.4704029260042542,1.6529346680200057
2015-05-20,1.8652333728820352,1.728107879738362,1.623823602208398,1.5533184619809663,1.489553196469463,1.6816482661694523
2015-05-21,1.9371373350296632,1.7975047134888407,1.6908708873732343,1.6113110405986835,1.5327640321745388,1.744312945376475
2015-05-22,1.9824029249253656,1.839178518145482,1.7304987113538974,1.6368245513675184,1.5627625847720805,1.7810816076615221
2015-05-25,2.056411370017622,1.8982807157159214,1.7831142762110597,1.6792503073230236,1.6071579913960794,1.8377637814977572
2015-05-26,2.132339503411958,1.9667195111659828,1.8510039484146308,1.7411679271376408,1.6561749236837635,1.9033398923266933
2015-05-27,2.1807292864105308,1.99983517383447,1.8780177026612705,1.7627310438459263,1.6596813110551718,1.929462850105945
2015-05-28,2.0484080778520983,1.8740973339292077,1.7499713597085047,1.6346616450047131,1.5397948904033134,1.7995640793775864
2015-05-29,2.073866291348461,1.8902957441183563,1.7721228225750612,1.6452873961761985,1.5409892981498277,1.8143172974301027
2015-06-01,2.2004373990609554,2.001319825235545,1.8811722395350794,1.742437556391702,1.6230175178388868,1.922730781865109
2015-06-02,2.3202373380533525,2.1014528856954113,1.9753049301839258,1.819163863731873,1.6695483267939983,2.010107281512069
2015-06-03,2.346687035869069,2.124037232139453,1.987636813489886,1.8233952834082245,1.6678989276106493,2.022058455460206
2015-06-04,2.3404086444758296,2.126578549359264,1.9905987760051087,1.824677398078789,1.6744713820247104,2.023940962547089
2015-06-05,2.389329024772175,2.182086387788109,2.0397393847509138,1.868249251999208,1.7117266357209913,2.0716326864383063
2015-06-08,2.373375753129518,2.1647313637774017,2.0148732303862786,1.8535308694451658,1.7247236810064581,2.062174574400497
2015-06-09,2.3666282660636764,2.160643842818444,2.0195324063887345,1.8533538647259902,1.7239457495610853,2.0609526619797505
2015-06-10,2.4211942921717,2.207166952668975,2.061445479855054,1.8892646879655295,1.7351382809368172,2.098542750847273
2015-06-11,2.494759223748483,2.257344686554448,2.1190586265655145,1.927782546770572,1.7445836496504146,2.14340782369981
2015-06-12,2.5651774279099713,2.311452958680428,2.158733915004874,1.9573591992809969,1.764727784781675,2.185336204110095
2015-06-15,2.539590035858529,2.287128161266424,2.1229246714662557,1.9271757754571375,1.735252467468255,2.1573054450303313
2015-06-16,2.4122436323683725,2.175783107509609,2.027000927629946,1.840845939009848,1.6627919772001367,2.0578254541361325
2015-06-17,2.4531514273320183,2.218759562047407,2.0710087765839233,1.8825528254049657,1.6954025729130762,2.0992607335216804
2015-06-18,2.3820927447152846,2.155784610840438,2.0085042044518993,1.8197699562505674,1.633931541517785,2.0332829713281964
2015-06-19,2.196976259932518,1.987092799000916,1.8450753424656503,1.6754891827778515,1.5112877823491802,1.874010387238453
2015-06-23,2.1868265401957996,1.9749141179240837,1.8430050378081206,1.68122347723161,1.542103442171574,1.8802162782539074
2015-06-24,2.255249690261516,2.039307951448998,1.8975985531904642,1.731792866462107,1.5905389841972097,1.938504958667133
2015-06-25,2.172329781493243,1.9517638938761928,1.8091280763947615,1.6561895202907984,1.531779722048888,1.858288485801759
2015-06-26,1.969153204777567,1.764463930984912,1.6330844186869817,1.4987417025885665,1.3941592309441693,1.6829739551767815
2015-06-29,1.809809724139919,1.6261325731145004,1.4988022556086837,1.3783108780092215,1.3192998845917183,1.556544905645806
2015-06-30,1.898120809071143,1.709308317696311,1.5833792334775176,1.4538743255505864,1.3991776561834337,1.6426605747578706
2015-07-01,1.7544624075332893,1.5871733428873518,1.4705005212493643,1.3532419673241982,1.3085993035215884,1.526893030050706
2015-07-02,1.5998878999727817,1.4537063395481697,1.3434083144268893,1.2398186855142603,1.21792480762259,1.4011634441457725
2015-07-03,1.4665277200771558,1.333576325319922,1.2350399339461604,1.139666985185549,1.1236489343408658,1.2877120861668974
2015-07-06,1.3619220291615934,1.2631603379470513,1.1666735587367203,1.089682352784197,1.1079809070639537,1.2266062377207172
2015-07-07,1.2458920402027929,1.1595499039662416,1.0734710590497494,1.0040125243015272,1.037476184429606,1.1321563714658454
2015-07-08,1.1843584840815455,1.100934745348002,1.0248311831155894,0.9589018653517088,0.969679233526783,1.0742875268704457
2015-07-09,1.2572931615053928,1.1614475018325432,1.080463983110554,1.0147166940777779,1.034474169231516,1.1378621823799833
2015-07-10,1.3337048373641691,1.2271606179715557,1.140895924595234,1.0743311329945615,1.1009872613734233,1.2053038557975164
2015-07-13,1.4152700817142565,1.2972436862585948,1.206069082827074,1.1382129294755452,1.1601414533524095,1.2748691320209316
2015-07-14,1.4601451879043175,1.3363004193257677,1.2369568044034842,1.16453637242131,1.16328897184814,1.303942042487006
2015-07-15,1.3331715060518108,1.2207941580642483,1.1408069516955317,1.1263684838104082,1.1718122997959972,1.2318141752457763
2015-07-16,1.3482404585003995,1.2344580755409857,1.1497556770562023,1.12843412065921,1.1599134606352883,1.237238988970719
2015-07-17,1.427478294072493,1.2961847412776486,1.2063836181494834,1.1689205639444495,1.179222556352995,1.2893396017416798
2015-07-20,1.4410181878210568,1.3074193779152274,1.204618156806144,1.150184134706988,1.1709986166012254,1.2877115141815592
2015-07-21,1.4622234636481921,1.3275231929234603,1.2091103696852623,1.1458907448623494,1.1660441982673722,1.2946192679331765
2015-07-22,1.486318091065723,1.346534989762316,1.227199228544844,1.1607055817009695,1.1779329436107777,1.3124541528803497
2015-07-23,1.551206386398327,1.4048519171069012,1.277013752253179,1.204947081841067,1.2147759706225345,1.364148224091562
2015-07-24,1.524280677916955,1.3776163317071461,1.2490805275252335,1.1828522847324194,1.1940519512964054,1.338501477646411
2015-07-27,1.3852920972206704,1.249708138082673,1.1304545387145386,1.0711757213242847,1.0813113548896982,1.2132641503187382
2015-07-28,1.3246105425540637,1.1902352334221342,1.0785611832526225,1.0327166385044015,1.0580921649042265,1.1669455123350556
2015-07-29,1.4149615896703895,1.2676703518134027,1.1522374115562908,1.0990387486439377,1.1193906667662186,1.2425011858936765
2015-07-30,1.3762671201230834,1.232858416259532,1.1157536034167335,1.060964072267683,1.088481791380306,1.2055444683926206
2015-07-31,1.358724416907331,1.2124449605903789,1.0979833696405616,1.0410437032013462,1.068736936265557,1.1857400746899922
2015-08-03,1.3025193096396028,1.1525949815876644,1.047373326041209,0.9983287503717382,1.0331014105761995,1.135659497223051
2015-08-04,1.3982205563513144,1.2401427811618304,1.1258708964670314,1.0698617680490266,1.0981317865027214,1.218188935372985
2015-08-05,1.391802565611558,1.234319010252015,1.117150649603049,1.0604946872237655,1.080815537795007,1.2080643881654791
2015-08-06,1.4011683830862638,1.2403355052901446,1.1141407651869675,1.0558193823926878,1.06834011443992,1.2063629876893338
2015-08-07,1.4616268179582785,1.2930308353971642,1.1607182219413494,1.0965463231087016,1.1071919016969118,1.255191571466016
2015-08-10,1.548618297524713,1.3690955926650115,1.2327570483483414,1.1628888298131819,1.1762646403107653,1.331330100282379
2015-08-11,1.5704096469363515,1.3840437957090415,1.2449730811781357,1.173804125928518,1.1763682393083754,1.3443472969646835
2015-08-12,1.5615841730598852,1.3693806090362861,1.2204606234129323,1.1508064327610408,1.1522014504633067,1.3239023883029237
2015-08-13,1.6137824848336964,1.4148728029010664,1.2583805916112711,1.188793387009737,1.1848087950371902,1.3660070769794725
2015-08-14,1.6428848843525403,1.433852193085723,1.2771499583568886,1.2002354163415536,1.1882745757346738,1.382102829207616
2015-08-17,1.6991883623916422,1.483456273141342,1.3162552263609397,1.2318889267228283,1.2094274954472852,1.4218097570778956
2015-08-18,1.5519758417567417,1.3497458276430916,1.1986661140015915,1.1202892169672185,1.1109904805113486,1.2989804507368965
2015-08-19,1.5956752392661875,1.3923217953093534,1.230774417045901,1.1486504484818418,1.1365473749334751,1.3340004515561381
2015-08-20,1.549773026996607,1.3463920884693843,1.1850536838525234,1.1026840411479506,1.0814863045134786,1.2840091220288654
2015-08-21,1.4514709671538197,1.2574103113701252,1.1039596733598294,1.030071040156416,1.0209297749046216,1.2018926369422127
2015-08-24,1.3157953411136012,1.1352891270207468,0.996895289545948,0.9310115195051912,0.9222536377963896,1.0864167340079676
2015-08-25,1.2002992668546275,1.0282862728967055,0.9015238535644322,0.8436818314954289,0.8367127129676935,0.9866487969691807
2015-08-26,1.1555785440739645,0.9839654343598506,0.8565260849242254,0.7992888473042579,0.7947550183782373,0.9406693467336902
2015-08-27,1.2153926406450837,1.0318964793744807,0.8999521013111389,0.8392354435016299,0.8342686052340568,0.9878672270140888
2015-08-28,1.3060111554857792,1.1136692558423933,0.971844512148367,0.9049380428082553,0.8981685140784752,1.064636728430461
2015-08-31,1.2492463600868673,1.0628594365599269,0.9317859561060663,0.8703037127189421,0.878466040986549,1.0240671796294187
2015-09-01,1.161927779322484,0.9810525750528748,0.8596812433328339,0.8095708312996805,0.83324388790343,0.9543535179510338
2015-09-02,1.1200304909700094,0.9437687722118105,0.8279810599900849,0.7793424251618587,0.8101336004104448,0.9207621429688504
2015-09-07,1.1475957437235347,0.9674877746617432,0.8453757873717372,0.7905219327048465,0.803835366114431,0.9349931884648975
2015-09-08,1.2176077941476626,1.0289125936733041,0.9003638216044102,0.8371670417859038,0.8407265446861968,0.9900470491053052
2015-09-09,1.2724841591532037,1.078662334372863,0.9450032478498588,0.8767994911975951,0.8748527400749256,1.035769731132318
2015-09-10,1.248243561946446,1.0572396036749712,0.9244800129514604,0.8572569743906538,0.8580263893090023,1.015420852941691
2015-09-11,1.2649126349590523,1.0726946097183667,0.93792755944529,0.8681872937843917,0.8661571811138855,1.0285695067139935
2015-09-14,1.152412687922453,0.9758706786573004,0.8552134069536252,0.7962201582019328,0.8183265555202769,0.9451515593723577
2015-09-15,1.0838859831979974,0.9107627395677738,0.7965404617934801,0.7381734929007756,0.7643725569536082,0.8820867794135111
2015-09-16,1.1834680104682904,0.9957916610248976,0.8699652899350406,0.8055499192417601,0.8257277239931565,0.9612907566497881
2015-09-17,1.1573874427688555,0.9745912056117039,0.8471983629775571,0.7861410656046517,0.8034966494656385,0.9385664995829829
2015-09-18,1.1706657179984292,0.986753002073955,0.8552360263474299,0.7937999082815692,0.8063141658672383,0.9473263846824966
2015-09-21,1.2189418094438247,1.0250023417932808,0.8899066348956807,0.8223491609263848,0.8298645432390483,0.9825083221674895
2015-09-22,1.2363150193727601,1.0394456940103916,0.9058207460113246,0.8329460021434103,0.8411433449209428,0.9967933365566412
2015-09-23,1.2174074904199084,1.0238469279657334,0.8859187340489089,0.8136698148667448,0.8211502153074425,0.9770211140385362
2015-09-24,1.2431638963302711,1.0426587084010273,0.9042665850519424,0.8254569117720647,0.8318302956028552,0.9946732176028351
2015-09-25,1.2007968890324578,1.0048321788668984,0.8691262887393658,0.7903416596583763,0.7967299094343878,0.9560893202781835
2015-09-28,1.2287802717139988,1.0286509924864045,0.888035078765526,0.8094680396368444,0.812455840294188,0.9776384241537133
2015-09-29,1.2097728678997957,1.0102689977394737,0.8696973065751588,0.7911130598249162,0.790507611568353,0.9573658784851142
2015-09-30,1.2212847341509738,1.018344814458819,0.8752727244187779,0.7959481063260381,0.7936861124229347,0.9638857830874571
2015-10-08,1.2756082558806279,1.0658431553602805,0.916922146577415,0.8351390814925104,0.8324668766157437,1.0105994187137584
2015-10-09,1.3004985321742883,1.0907818327550358,0.9395309939040051,0.8525201515810018,0.8460494778749099,1.0317569133229365
2015-10-12,1.3656343335402625,1.1491530498231581,0.9888159272669669,0.8953854796044836,0.8881912675784329,1.0846114443595969
2015-10-13,1.3839236928732428,1.164029599305418,1.0037891115441673,0.909965434047936,0.9058910940848066,1.1014660700281558
2015-10-14,1.3671457525357442,1.1486250859784555,0.9882911171148243,0.8974668220826747,0.8935299884648735,1.0864480830475411
2015-10-15,1.411980598507842,1.1888870084856016,1.022628934513562,0.9286984461768288,0.9288029779759772,1.1260590950529688
2015-10-16,1.4389204867325698,1.2097342120403378,1.0436484308415546,0.9474201979813723,0.9502110571808969,1.1486652202438867
2015-10-19,1.4353231522028362,1.2090316334552214,1.0445079668075028,0.9485747646668169,0.9555897883495323,1.149727046569223
2015-10-20,1.4676681658294206,1.2343891019602233,1.0659688253185196,0.9666084143976934,0.9743165092277943,1.173333954170804
2015-10-21,1.3605920393983388,1.142677043943283,0.9874147116135963,0.8963402924359527,0.9018541649421058,1.086973082480742
2015-10-22,1.419223478047042,1.1905464478971715,1.0269209469701384,0.9311268094679952,0.9402108737805008,1.1328093676289406
2015-10-23,1.4754629443678282,1.2373226160264328,1.0660033951217043,0.9631825574494061,0.9639840157185777,1.172837865780721
2015-10-26,1.4990835896110304,1.2599208484767226,1.074830785189177,0.9746836106058351,0.9711832811747158,1.1873751828819383
2015-10-27,1.5154345278103158,1.2706660553489326,1.0782508947295133,0.9813523572747508,0.9768012267453219,1.1957476157804143
2015-10-28,1.4876744927575232,1.247159218318717,1.0547783347472106,0.957199713445322,0.9464822987718454,1.1684269891110255
2015-10-29,1.5108551215555273,1.2633587197729315,1.0657836886633154,0.9684818099873013,0.9536149763479908,1.183372463015726
2015-10-30,1.511665417927752,1.2590781871713197,1.0640595927479035,0.9635820017174815,0.947535882012324,1.1796088505921651
2015-11-02,1.4867801003310372,1.2304614709421458,1.0353642962854896,0.9334536359028401,0.9148147262911913,1.1484783101006815
2015-11-03,1.493779585364192,1.2358361729008234,1.0363627031212657,0.9314429658773851,0.9118146494209803,1.149536164834104
2015-11-04,1.5708042951034054,1.303533530914801,1.0949107768853195,0.9859419815021597,0.9680562730179403,1.2146062165271372
2015-11-05,1.5729834678522518,1.3082257474233796,1.1006805148391718,0.9890571762038878,0.9728845080357987,1.220575761427173
2015-11-06,1.6134023938630293,1.3408470986124865,1.1271961544294622,1.0118010368769617,0.9950434521447873,1.249990265109321
2015-11-09,1.6348180623229294,1.3604007010690808,1.1440177347848526,1.0273983044542714,1.0112350679179634,1.2686068612973336
2015-11-10,1.6540782559320684,1.3713319219979052,1.1558462347599854,1.0326250755893525,1.016122657410378,1.2787774946405048
2015-11-11,1.6839986932675455,1.395317167383364,1.1731023537471268,1.0503946094370633,1.0287906209958317,1.2992828391907727
2015-11-12,1.6873390810847475,1.394092759254973,1.1740472656531562,1.0468187537209965,1.0284219234763403,1.30034461793989
2015-11-13,1.6607426108283911,1.3705176816890434,1.1514335194374155,1.025559832954985,1.0121415240554341,1.2774411192708368
2015-11-16,1.7061809141972484,1.404614693625275,1.1822809839009139,1.0496884647973428,1.0287679256406463,1.3078394751086253
2015-11-17,1.704742152693014,1.4004093827197022,1.174135917805379,1.0408301278760064,1.0214940572332665,1.3009777306517178
2015-11-18,1.6808730858055476,1.381045511586186,1.154552725750995,1.023046730949386,0.9997116413209813,1.2794011947266026
2015-11-19,1.7215100342710956,1.41019048266559,1.1847619504272553,1.0479163720235125,1.026184977708272,1.3121653561653759
2015-11-20,1.7497924717172757,1.4349062032536795,1.2035523652597166,1.0672992848685,1.0359501242547375,1.3325863025581481
2015-11-23,1.7532546232143744,1.431709081316599,1.202171609831815,1.0580371412203764,1.0197618202245198,1.3257369241767316
2015-11-24,1.7706374999153676,1.44842487400042,1.2120856605177706,1.0678186712556639,1.0269472082298772,1.3379657408352148
2015-11-25,1.806706078390685,1.4760279925753563,1.2389358211850836,1.0874050768576862,1.0454810501351037,1.3641831460677964
2015-11-26,1.8056958368120455,1.4739705663725304,1.232461636319776,1.0808002138069168,1.035233096150711,1.3595989740621484
2015-11-27,1.6857654735750904,1.3719026682120772,1.1459389452455315,1.0022195888450132,0.9603905540411274,1.2641920065719672
2015-11-30,1.6969905776343586,1.3794759096654785,1.1489563146861617,1.0054307402680707,0.9662756754808889,1.2702988639337924
2015-12-01,1.7211135093769554,1.398906883793948,1.1598837427568545,1.011025013097315,0.9623031153973884,1.2802701956321414
2015-12-02,1.7223285338832734,1.3962704647794488,1.1515539318244434,1.008023887206839,0.9653165146772752,1.2781766328674944
2015-12-03,1.7624484158107203,1.4283010108798913,1.1790173402549267,1.0320794884917328,0.9871363891631725,1.3094993615863937
2015-12-04,1.7644857584733094,1.4256198439589285,1.1748287180577277,1.0270644145692354,0.9776770878027027,1.3045971932320237
2015-12-07,1.7932881032962995,1.4484068535502377,1.1900304231807812,1.0417562760375683,0.990354794608155,1.3235177833212475
2015-12-08,1.7538277000515141,1.4155988288524421,1.1597611772825143,1.0127831255566795,0.9664211979837126,1.2912066916202332
2015-12-09,1.748711394011196,1.411030668230037,1.1545923106865055,1.0108211870177257,0.9665234922071784,1.2879962708699955
2015-12-10,1.7400580991633385,1.4044470910291473,1.1483989586970575,1.0046863289477967,0.9627091895476223,1.2831188154262507
2015-12-11,1.7337753174328185,1.394874014121868,1.141585397763207,0.9975501085918922,0.9526877822870894,1.2744257032383577
2015-12-14,1.7760810805482834,1.4275011744890183,1.1671854638802186,1.0206679762886504,0.9768990086492111,1.3047082851567353
2015-12-15,1.7932099058839577,1.4433890265421678,1.1835527752693353,1.0326946853691386,0.9833058576499164,1.3185718083485831
2015-12-16,1.8063693030623076,1.4545909455495927,1.1934804128155558,1.037897725226612,0.985895383328266,1.326787304640907
2015-12-17,1.853971581056966,1.494105707835995,1.225895928069405,1.063825584196912,1.0106503150662312,1.3630554972640196
2015-12-18,1.8611246176957505,1.4911654917639428,1.2203459665410386,1.0611153749390823,1.0069878526098897,1.3606563434943895
2015-12-21,1.8951588916266882,1.5159641729057585,1.2359659971354156,1.074910815057355,1.0138887460752255,1.3790450451967473
2015-12-22,1.9146011693272356,1.5334508534397167,1.2485603062652804,1.085293377036501,1.0232706247481034,1.3930826535983314
2015-12-23,1.9055584277537116,1.5203490410083036,1.2363604682155056,1.0707780709628993,1.006628106740248,1.3784054403826353
2015-12-24,1.8972354161648237,1.516169137157986,1.227567525399911,1.0654028245705403,1.000086576364825,1.373091329283698
2015-12-25,1.9285388478562882,1.5376094519446244,1.2383510617740292,1.0737872551437182,1.0039319139954366,1.387135256869767
2015-12-28,1.8902533950908242,1.5023843505781123,1.2079354980552544,1.0462849560926977,0.973190474821161,1.3528575173479283
2015-12-29,1.9232444630892271,1.52300477646513,1.2217296440975163,1.0619716129124526,0.9828809842997328,1.3711341282828953
2015-12-30,1.950257914638137,1.5419475339637583,1.2351377873650509,1.0741044084620248,0.9895181877736541,1.3863909665718441
2015-12-31,1.9233943006716834,1.5173661371067468,1.216703468815841,1.0526247866788325,0.9706258173974812,1.3651011912494906
2016-01-04,1.7520313286047051,1.3784511234399532,1.106404721799766,0.953818269971843,0.8840106957647391,1.2410432810692804
2016-01-05,1.7364289286771575,1.3524825321569287,1.0872146426080285,0.9306179009691025,0.8703227065422896,1.2199775966308808
2016-01-06,1.7942970433192895,1.395379670378713,1.123006213096813,0.9591862842834529,0.8939979684943801,1.2580078726601476
2016-01-07,1.6324869246308416,1.2642645818995584,1.017450809044904,0.8690593822427597,0.8132206162689324,1.1416556288499646
2016-01-08,1.669369265724225,1.284991235260548,1.0310949730330248,0.8769489734613215,0.8207165322314651,1.1592253882661094
2016-01-11,1.5427979302105341,1.1838001835879512,0.9505731288286218,0.8099778054374185,0.7578957032274388,1.0698325534499258
2016-01-12,1.5485397773785574,1.1853830681455262,0.9495723764966606,0.8068299045144407,0.7534943992192169,1.0686155419869354
2016-01-13,1.4951485507689983,1.1412663668681442,0.9112723546789767,0.7723191419692992,0.7197631924635395,1.0259632142992225
2016-01-14,1.546083402052972,1.1805692274347324,0.9435182594313339,0.802079725198206,0.7478291001493046,1.0631892664548745
2016-01-15,1.4804627697780977,1.1275934964451437,0.9006745887292571,0.7653919300258782,0.7156116251465524,1.0170987683972164
2016-01-18,1.509782725480437,1.149466265545491,0.92018120195079,0.7803390765474434,0.7267474343378121,1.0366155088552196
2016-01-19,1.5727414347955926,1.2007295186141982,0.9631616066503536,0.817621106941732,0.7579013108086514,1.0829823429578913
2016-01-20,1.5639198986283898,1.1939264631752557,0.9576811950511459,0.8114638781675302,0.7501464572154015,1.0754597307387248
2016-01-21,1.5057203956006397,1.1468408710929694,0.9156775893134398,0.7718102049414735,0.7145768682042938,1.028829205385446
2016-01-22,1.5320117453773967,1.1676146839482904,0.9310583939942255,0.7856882113035261,0.7285869381751146,1.048369313607594
2016-01-25,1.560265540230674,1.1882504263231846,0.9460142678522514,0.7998409208195043,0.7378916334545037,1.0657630716612791
2016-01-26,1.4385429530596625,1.0893371533062959,0.8682561929185568,0.7351088210506831,0.6785161613203297,0.9794695533412897
2016-01-27,1.4242195749880415,1.0746468713534565,0.8538430621645493,0.7257381794114443,0.6737878660103496,0.9677644920622656
2016-01-28,1.3712199835673538,1.0292222014828676,0.8118543053942525,0.6878711284223596,0.6388230017202398,0.922719840252655
2016-01-29,1.4219184763718407,1.0685770679213948,0.8453985611987969,0.7166467248705012,0.6651527630000441,0.9604133867463029
2016-02-01,1.4095891338820987,1.0570261412788153,0.8328993668837238,0.704252178771996,0.6502955514012131,0.9462182492085218
2016-02-02,1.4602435081807064,1.095762568675255,0.8652723372949378,0.7316401380879832,0.6758826160743987,0.9821148588928759
2016-02-03,1.4723509672203754,1.1042134243448785,0.8716923362258626,0.7344618220200236,0.678142432471715,0.9881296891631457
2016-02-04,1.507137875580362,1.132091330571487,0.8926914789121386,0.7521083585854466,0.693743401660927,1.011843209320748
2016-02-05,1.4955899556685552,1.12182785298175,0.8858316330351186,0.7432374777467423,0.6819052051025495,1.00196971411461
2016-02-15,1.4959400295110878,1.1196760729497026,0.8838363581712653,0.7425661213789084,0.6817292354323155,1.000948848229046
2016-02-16,1.5585081837071562,1.1693660144980678,0.9262030215671356,0.7772085214845783,0.715144002923253,1.0469513652049658
2016-02-17,1.5772240452088548,1.1845368154162497,0.9427809903434686,0.7919065904700786,0.7294768616535503,1.064084155796872
2016-02-18,1.577601719723292,1.1834710881595067,0.9430443615055772,0.7915742541644939,0.7293130395405366,1.0638662557875294
2016-02-19,1.5854078093853003,1.1885665874962352,0.945049905640987,0.792633962174127,0.7324370624602551,1.0685276739612477
2016-02-22,1.6267357692040347,1.2189887624608844,0.9684277011237397,0.8130214919069975,0.7501871472954962,1.095530968304752
2016-02-23,1.6221933419355745,1.215948919997683,0.9631111018258784,0.8080617112344464,0.745077441196835,1.0903412986122083
2016-02-24,1.6354203335790363,1.2298756995361257,0.9706167674636991,0.8134512180474609,0.7501357114129558,1.0992515612011808
2016-02-25,1.4960330973897027,1.125804650392146,0.8859392345415956,0.7418411162372767,0.6872514573158964,1.0049469213149005
2016-02-26,1.5090280805980447,1.1334084616169304,0.8894332063123626,0.7419741358475559,0.684454910321896,1.0091259173613962
2016-02-29,1.4238245287951092,1.068480416158469,0.834486640261233,0.6958926260542255,0.6395092837763692,0.9479149946689629
2016-03-01,1.4614419177891764,1.0950234899877582,0.8562047868149819,0.7155001207100817,0.6562270585392324,0.9728651558393927
2016-03-02,1.5440800866379525,1.1575757887822613,0.905596221603314,0.756559626298105,0.6950766609686263,1.0288906436158531
2016-03-03,1.5531172819592154,1.1631572572460698,0.9091211983093278,0.7596234563402734,0.6977786303170332,1.0335222079156428
2016-03-04,1.5108212787541588,1.1269128630692697,0.8796530353221241,0.7353333433219695,0.674613347453551,1.0024580778997298
2016-03-07,1.5548953525349412,1.1601854963819838,0.9028488736849345,0.7555007651643663,0.689882171741368,1.0295498508802254
2016-03-08,1.5705734959410849,1.1692045855748179,0.9088024572251239,0.7598300724791526,0.6896076794245286,1.0356825987417115
2016-03-09,1.5332053329974435,1.1415659242885514,0.8872694634703497,0.7391509970740511,0.6670069296839835,1.008524081487133
2016-03-10,1.5081753456296834,1.1233064958487946,0.8714230891356898,0.7239090485155014,0.6536346677966037,0.9901993815901227
2016-03-11,1.5076169376301052,1.120126057120747,0.8683536836900732,0.7202455396872864,0.6508182760373504,0.9880603267344386
2016-03-14,1.562304727230233,1.1623438915520088,0.9021627742669223,0.7494548655702294,0.674765761926824,1.025655535310295
2016-03-15,1.557083645454972,1.1572609928060298,0.8958344929287608,0.7439561143880266,0.6675812179985202,1.0189451546786352
2016-03-16,1.549665437743513,1.1479805672401373,0.8859181641276449,0.7336626807827114,0.6607360831708455,1.0091758010628935
2016-03-17,1.5977885251473685,1.184129073698499,0.9166894984406823,0.7614992172124035,0.6835252540124825,1.0434285974621074
2016-03-18,1.653366430147461,1.227711483402948,0.9514236941576117,0.791992777046634,0.7066682235771371,1.0829146591820626
2016-03-21,1.697121056852144,1.2607092513343745,0.9780698743973029,0.8165661253655977,0.7301052483948542,1.1144371562163824
2016-03-22,1.6924194370408092,1.257652801548124,0.9759878519524544,0.8138554129331113,0.7255990232926652,1.1106879266727157
2016-03-23,1.7054597876660536,1.269269671809904,0.9845348522705952,0.821336635100304,0.7319295812445369,1.1203761278207656
2016-03-24,1.681729329779003,1.2486759669909135,0.9686737868601641,0.8074610196471506,0.7152821147880453,1.1011293340266017
2016-03-25,1.7001115374475968,1.262177874302279,0.9792280354935274,0.8144277021037629,0.7205497993877541,1.1129964845389344
2016-03-28,1.7001981912995758,1.2595945184697892,0.9718845700539822,0.8093855115245151,0.7142757189985355,1.1075665196370827
2016-03-29,1.6695045818064318,1.2345975742267785,0.950741198494241,0.7911420355272122,0.6995757787823713,1.0848008602531833
2016-03-30,1.7276231875355428,1.2794919267072855,0.9855808872129511,0.8221474619187404,0.7277617642388896,1.1254377252589518
2016-03-31,1.737743723590408,1.2895239404210084,0.9910499937710399,0.8225863713685294,0.7292016840738432,1.130335681705411
2016-04-01,1.7395130452381857,1.2894400808110567,0.9876525673714937,0.816753560562595,0.724856657398858,1.1281586359792006
2016-04-05,1.7927596577169345,1.3259442348881914,1.0149956319386417,0.8397536343117351,0.745522820666703,1.1604868685696332
2016-04-06,1.8046378638845264,1.33424579425154,1.0205438909071827,0.8435137357550602,0.7473074356961101,1.1663410741117073
2016-04-07,1.7798352853356871,1.312780454612112,1.005238835022476,0.8265253885792291,0.7317782961293765,1.1463372196776167
2016-04-08,1.7697484189625983,1.3037525568737554,0.997147857220948,0.8189855087928767,0.7228171112692539,1.1367166697472741
2016-04-11,1.8137517939022252,1.3338515999939224,1.0200810994972425,0.8362841242871423,0.7365243334258985,1.1634115206159847
2016-04-12,1.8124695312947008,1.3316983868198622,1.0141491284168542,0.8300214459981842,0.7284506664949304,1.1572281123845005
2016-04-13,1.839431333736847,1.3520942933957214,1.0295479513686001,0.8440325128311791,0.7395842374702448,1.175173937456967
2016-04-14,1.8643341736327461,1.3701687741933972,1.0419658534787781,0.8530136251599635,0.7459154343017822,1.1888468474472
2016-04-15,1.867754076890886,1.3746701895287343,1.0450223429677798,0.8529157321958265,0.7444426668111241,1.1902652864746996
2016-04-18,1.845347096802072,1.352793200750734,1.0275453759141602,0.8369894451972956,0.7328223957543046,1.1729301248134865
2016-04-19,1.8548014098031207,1.3582023327847477,1.0344246850809269,0.8413448038848077,0.7359018367138692,1.1788459073156718
2016-04-20,1.7701434168775974,1.29203379558892,0.9834460921999586,0.7980962528283548,0.7021595869467283,1.12205027912486
2016-04-21,1.7548966439419331,1.2796968105073245,0.9738526290940577,0.790055349655452,0.6949814306032213,1.111230457726049
2016-04-22,1.7710850241621556,1.2922425192780405,0.9803901764756167,0.7967103494752017,0.7000505479976616,1.1204454674791942
2016-04-25,1.7691917661984826,1.2912897916960882,0.975238552186609,0.7896723572515951,0.6938730380346295,1.1162259157178407
2016-04-26,1.7913945173899055,1.3083906380045236,0.9879762036665621,0.8015059060956131,0.7019356600176528,1.1308393579859481
2016-04-27,1.790125941663671,1.308584645903309,0.98551135992224,0.7995894201311055,0.6967085788129638,1.1279234404056753
2016-04-28,1.7874885405063292,1.3031097049026832,0.9802092162157372,0.7956150120052122,0.6935645535479048,1.123295114901484
2016-04-29,1.7890849573895824,1.304083735832255,0.9839257543395016,0.7962675348481218,0.6918551043753272,1.1241441628987001
2016-05-03,1.8416887968578433,1.3382946873415749,1.0113221645291939,0.8185815700634484,0.7135397314793898,1.1576654947276401
2016-05-04,1.847844626025693,1.3396119213291895,1.0108647967513802,0.8187021638888965,0.7127828924281291,1.1583517912913865
2016-05-05,1.8577099573380194,1.3461396178855396,1.0170550258189743,0.8237029409090145,0.7187499142025743,1.1654915826844272
2016-05-06,1.786924419813294,1.2883671449869172,0.9730768246240188,0.7861688094753875,0.6860722166251993,1.1153086013945834
2016-05-09,1.7140466191680663,1.2290974358949402,0.9276654881412274,0.7511116612765013,0.6535517967736598,1.0650208374534138
2016-05-10,1.7147404968625142,1.225647544526052,0.9251723357365436,0.7506919529706649,0.6502755409099327,1.063990131276354
2016-05-11,1.7092544759208492,1.2204995711776712,0.9204866070912671,0.746432345014218,0.6450854194520387,1.0584314456017618
2016-05-12,1.69998806289038,1.2132162226837286,0.9143750839592829,0.7447654201484228,0.6480966727031631,1.0551336540966347
2016-05-13,1.6952530263646515,1.2104046306033842,0.9104809650799865,0.7434367046463389,0.6456638246679367,1.0519891335797589
2016-05-16,1.720032990467834,1.2359200809114594,0.929502584746701,0.7572708710700964,0.6607624128892571,1.0727298008337445
2016-05-17,1.7142875206328536,1.2306533078325972,0.9264222252049851,0.754079633420363,0.6579388549434507,1.069821649267731
2016-05-18,1.66063778867097,1.1893152078448774,0.8957518494439373,0.7279078639547273,0.64035575593413,1.0357140313191804
2016-05-19,1.6660109621007162,1.1942530312669066,0.9003532289842923,0.7319591372487536,0.645350058969748,1.0410771826938254
2016-05-20,1.68460495125259,1.2097428634344212,0.9118129741119078,0.7413296265514189,0.6522046654064042,1.0536276247299323
2016-05-23,1.7076347460665329,1.2275877562196582,0.926224177582759,0.7538745939393875,0.6626234230985804,1.0698788512612365
2016-05-24,1.6901552473282222,1.2166392274830793,0.9174740671874234,0.7438801034314709,0.6529154293022826,1.0589848669829578
2016-05-25,1.6893316251342427,1.2147161513086753,0.9159678498288358,0.7418443680992911,0.6482563674270886,1.056108223966806
2016-05-26,1.6953382645129729,1.217477095773493,0.9180656456578787,0.744799644611202,0.6541496038574341,1.0605847259261503
2016-05-27,1.6988997985170662,1.2208329019661142,0.9212171621085061,0.7448589618523574,0.6523894969437555,1.061789313235798
2016-05-30,1.6938941907543401,1.21513321048686,0.9176936621945735,0.7415953327599486,0.6476758404014744,1.056895173385912
2016-05-31,1.7571604033481838,1.2613543599883557,0.9541230003605535,0.7724653940307535,0.6793059037734479,1.1014832035495334
2016-06-01,1.764776589755217,1.2662852439330508,0.9575178943859776,0.7773828883148574,0.687312170566389,1.1080843350612257
2016-06-02,1.7792840233488918,1.2773709413904992,0.9675873532684055,0.784847906997374,0.6949165210400375,1.1187569538888844
2016-06-03,1.7887391485352497,1.2830393075101887,0.9723408585032433,0.7879024281992844,0.6944104802217353,1.1227444489614395
2016-06-06,1.793961044192681,1.284366995869538,0.9741609278908324,0.7899251251271087,0.6990725921263974,1.126138856074095
2016-06-07,1.7912565853587845,1.2843410070609687,0.9737611998132876,0.7902648575223794,0.6993502490249511,1.126969644956277
2016-06-08,1.789866300409104,1.2797303098332602,0.9725579199054851,0.7876705149630793,0.6964627896147847,1.1240364950590007
2016-06-13,1.7102372034967885,1.2206915630867246,0.9271270981602857,0.7475444478195058,0.6566556544143108,1.068861102320131
2016-06-14,1.7151832800911986,1.2256928864259498,0.9316888826763376,0.7507586905037061,0.6600583379861679,1.0734339213154225
2016-06-15,1.7647633182249196,1.2622531548252716,0.9615567958005775,0.7747941112111447,0.6881240366768132,1.1089275479394385
2016-06-16,1.7585165158009566,1.259156532165525,0.9577704943705054,0.7731134105886123,0.6899263975854546,1.1079045118654407
2016-06-17,1.7766190297625077,1.2729756573842144,0.9665950246390239,0.7769276676134437,0.6911025899676138,1.1161281145240727
2016-06-20,1.7758020448129144,1.2727828602985714,0.9658108641478891,0.7790187320509533,0.694269196149009,1.1174352680789135
2016-06-21,1.7642348284667777,1.2653868030947346,0.9591854805203792,0.7715483525223447,0.6841802431794609,1.107754674009046
2016-06-22,1.7923490328980052,1.287145514195013,0.9728541436489595,0.7838892673108675,0.6968511086357986,1.125899843407445
2016-06-23,1.7872960244995881,1.2816577663892428,0.9675628736533751,0.7808037979191369,0.692727281580755,1.122184290370262
2016-06-24,1.767898876617075,1.2682780096234731,0.9555834365436152,0.7715293558256293,0.6856101359504101,1.1096551992685277
2016-06-27,1.80066711391872,1.2960122128925613,0.9774101957876267,0.7908712126184962,0.7042951147666244,1.135300276983175
2016-06-28,1.8224074038818903,1.3148893343152852,0.9903543859106374,0.801238626208155,0.7084942605973771,1.148686414571851
2016-06-29,1.830014071097773,1.3213574312375165,0.9934376558696819,0.8020995178883438,0.7099677276032068,1.1522159880283314
2016-06-30,1.8314915618212635,1.3230547632325125,0.9963103681423523,0.801876516823078,0.7070322408682795,1.1537690226104855
2016-07-01,1.833805059638117,1.3222793984127486,0.9957708379002767,0.8006986967403233,0.7036367651884807,1.1523531965263405
2016-07-04,1.869012619348808,1.3495062877131219,1.0163438124771498,0.818392745641688,0.7180945054841779,1.1761137593315023
2016-07-05,1.8862510026226553,1.3586226496656755,1.0227016044495043,0.8246136805901172,0.7215494026478193,1.1842634624780566
2016-07-06,1.8959872562546107,1.3696684250518913,1.0307397743241955,0.8287267364899548,0.7246762367879713,1.1914810561018485
2016-07-07,1.898835542513922,1.3695001356615477,1.030794191937943,0.8271056854848013,0.7267018947587993,1.193520724365366
2016-07-08,1.897179255474091,1.3663826722131902,1.0284452680695906,0.8246574993664788,0.7230253732202495,1.1903109893059762
2016-07-11,1.8958976421459814,1.3629616019637654,1.02642478517457,0.824188084110595,0.7234196482363741,1.189080733942486
2016-07-12,1.9201517206931442,1.3790050691837843,1.0400450182047407,0.8358767443939051,0.7309939535180136,1.20394084655054
2016-07-13,1.937605970548276,1.3892258819725538,1.0478965219794534,0.8428983074166607,0.7347006287045624,1.21297568409001
2016-07-14,1.9369819375742978,1.3889925319953333,1.0490956688532211,0.8434774991627694,0.7336423385652513,1.2144431100704602
2016-07-15,1.936185578619387,1.3878136858355214,1.0467393834171053,0.8394598804704094,0.7310071669641698,1.2115627076002267
2016-07-18,1.9313942444021355,1.3827323348811806,1.0406466717894867,0.834440167546429,0.7273591727764009,1.2060083692475518
2016-07-19,1.9384054206427823,1.3907271481262575,1.0449305483318918,0.8378445796302505,0.7291111420637421,1.2108352641810838
2016-07-20,1.9472568690946908,1.3920864970694347,1.0462372230328043,0.8383698390884459,0.7255528611523728,1.21144972839503
2016-07-21,1.953664792943527,1.3947168927476572,1.0487612812458176,0.8401102122261862,0.7253340793593541,1.2153142756347695
2016-07-22,1.9360681808778568,1.3833951774392035,1.0382339724283471,0.8322539517752705,0.7204518027523275,1.2048030380609485
2016-07-25,1.9481603184923213,1.3882597604960663,1.0421553590435624,0.8352350027225054,0.7188084405408455,1.2083788910574942
2016-07-26,1.9733806235146285,1.4075601251824859,1.0562711621295813,0.8462436730409499,0.7284870749037977,1.2245804093248187
2016-07-27,1.8954987993389567,1.3451058810459526,1.011181286347352,0.8082827330329945,0.6952799090943577,1.1714418349623414
2016-07-28,1.9005135501304407,1.3457381124199093,1.009670579473962,0.8059052485574668,0.6936726968960685,1.1721156764994702
2016-07-29,1.893231480433912,1.3384955108067147,1.0029069430618378,0.8003099706422795,0.685037801448906,1.1638384397834274
2016-08-01,1.868460370671438,1.3173841904220864,0.987707492129144,0.7831493551209108,0.6733732415575248,1.144641069295645
2016-08-02,1.885520821491951,1.3296792681357936,0.9987869401156967,0.7920341548863358,0.6802469524732909,1.1563692560013124
2016-08-03,1.9023320230306762,1.33895623865338,1.0054624117095676,0.7961335218510383,0.6831240168866555,1.1637659683625534
2016-08-04,1.907320926746334,1.343353149109644,1.0086625814406411,0.7992191715383594,0.6882161252964998,1.1700045026517978
2016-08-05,1.905781432115922,1.338283077938469,1.0042691039237555,0.7944290532847316,0.684174877548037,1.1651376720017361
2016-08-08,1.9303790236877167,1.3575209750125208,1.0173579942583777,0.8053875249935386,0.6914367724914031,1.1802185533999974
2016-08-09,1.947854632577162,1.3708489010302114,1.0270058430241957,0.8125084930460899,0.6988381788699262,1.1915254345752617
2016-08-10,1.9456579161857854,1.3656426925808745,1.0239319639259858,0.8098488903581299,0.696564490270871,1.188083880852243
2016-08-11,1.918309934022253,1.3432552892370928,1.0061006538898505,0.7964426550707553,0.6857610607745379,1.1705156887066017
2016-08-12,1.9423168524432697,1.35892376694504,1.0169929429771194,0.8061874671736668,0.6956677892824775,1.1849582260037572
2016-08-15,1.9817846395847103,1.387756612346892,1.0387966614100048,0.8243851048070598,0.7139969846661595,1.2114780106999332
2016-08-16,1.9949145982544194,1.3995711478614439,1.0454724823537342,0.8293667260862109,0.7180581177306089,1.219544843294931
2016-08-17,2.001668738166038,1.405488235214221,1.0503202664155118,0.8317623830518047,0.7194435155517724,1.2237070052784353
2016-08-18,2.0046459246951875,1.4041965471466615,1.0516509039743838,0.830311860564838,0.7194260308060735,1.225123188006955
2016-08-19,2.012945526058956,1.4084943115564754,1.0536583328630746,0.829696100955026,0.7191241609946994,1.2270705587251918
2016-08-22,2.0000293948883248,1.395764656180191,1.0429769705433978,0.8199783045642646,0.7075721376216187,1.2139729068571248
2016-08-23,2.0074296528623594,1.400726848709367,1.0452753185566561,0.8201746331110027,0.7069605658951941,1.2161174805813113
2016-08-24,2.014007688907231,1.4030385767023845,1.048381025214087,0.8212358452371497,0.7058477286143696,1.2179694903217009
2016-08-25,2.0021811422167866,1.3933379858613522,1.037969293435964,0.812826462247285,0.6984242368111337,1.2090780889434676
2016-08-26,2.0152487990808035,1.401312271128442,1.044133801599404,0.8152576969859165,0.6975948830461723,1.2139113854646568
2016-08-29,2.0276002488792266,1.407193215807329,1.0478508175545724,0.8164905504452876,0.6991168939489235,1.2181793887694854
2016-08-30,2.030904918490206,1.4073033602880813,1.0474842924814345,0.8158168394549685,0.6993260614162695,1.2183825096496714
2016-08-31,2.0317023957943423,1.408002208972133,1.0485610077267358,0.8166269133045242,0.7028398136773465,1.2203163356929274
2016-09-01,2.0196924762777146,1.3965354791647433,1.0381445858061134,0.8087321632537374,0.6937134430908095,1.2106606039139134
2016-09-02,2.020510554641149,1.3933058448093338,1.0343659261780234,0.8061522881409564,0.6908103874977933,1.2075319308900592
2016-09-05,2.032583309910434,1.4005360137141007,1.039199643515297,0.8111124910064877,0.6951328455440329,1.2143538460613716
2016-09-06,2.0568880665830314,1.4187851198385133,1.0543321571431594,0.8237293841434906,0.7052279692960627,1.231263747979379
2016-09-07,2.061987611651979,1.4218422255115095,1.0549429714214937,0.8248277406547265,0.7042368879249877,1.232528923347453
2016-09-08,2.072452694157732,1.4274250466391047,1.0590613997943654,0.8264238628538819,0.7051583947812718,1.2382536691377835
2016-09-09,2.0630617667248528,1.4206013091241347,1.0519662700283947,0.8206271157222662,0.6980921253796124,1.230071048961964
2016-09-12,2.001594972302313,1.3802322073540205,1.0191947548927864,0.7932111049287964,0.676710950573727,1.1923329957295976
2016-09-13,2.020843710931614,1.3945591003022488,1.0287014041295297,0.8000211801309355,0.6809125744636979,1.2028543189033887
2016-09-14,2.014355066403135,1.388565662567061,1.0251192276477434,0.7953348849401479,0.6762392261822229,1.1971508722417443
2016-09-19,2.0379708649463155,1.401774339335339,1.0369371901819735,0.8045039871266764,0.6827360958544861,1.211612368014025
2016-09-20,2.0402340757546997,1.4027078187819257,1.0383124413031384,0.8050362533997146,0.6824656814189609,1.2124281745918535
2016-09-21,2.048066250695127,1.4075615074900636,1.0409721442868698,0.8063256835633085,0.6833090387180949,1.21550728024863
2016-09-22,2.0583691766228682,1.4140481481697311,1.0460344499929102,0.8116020189491642,0.6896917017735058,1.2228956787117016
2016-09-23,2.055601253821789,1.411308252145974,1.043107252307413,0.8092707404930198,0.6847651199800072,1.2189575632603802
2016-09-26,2.020448521397925,1.3808730834866563,1.018282409970917,0.788637872850631,0.6664298951981571,1.1926723296846162
2016-09-27,2.035763793080284,1.394361245165637,1.0271659424705626,0.7942011122838339,0.6706570556915299,1.2020869135526577
2016-09-28,2.0359387730964835,1.3925494807793477,1.0261393757578927,0.7928631326164721,0.6691893845781716,1.2006245645182154
2016-09-29,2.0456335264611205,1.3992517450764588,1.031130650816642,0.7973428845643362,0.670294481317112,1.2058452269441329
2016-09-30,2.055586662517183,1.4078762047861544,1.0368007493372264,0.8030739103872656,0.6730499303209986,1.2125556929298977
2016-10-10,2.0916940662764976,1.4313041148961467,1.0531116809645549,0.8166465591985341,0.6866009576593688,1.235165061135749
2016-10-11,2.1067089446721643,1.442378313364141,1.0594199416935899,0.8222990446372783,0.6943778687623464,1.2448391590063619
2016-10-12,2.1139647717791514,1.4449321702975781,1.0591627526696938,0.821366485001272,0.6938856261347186,1.2456191255873148
2016-10-13,2.119265684930198,1.4504528651821251,1.062253399739343,0.822473058912215,0.693732671572961,1.2482021235349086
2016-10-14,2.11793764789349,1.449396219134758,1.0615634734396473,0.8228309745659114,0.6924376648639762,1.2473435944023195
2016-10-17,2.1015744283151583,1.43359730643793,1.0488816189150019,0.8129012331384984,0.6847395847973444,1.2355699703697498
2016-10-18,2.133827824337471,1.4562952411125527,1.0650551851743508,0.8261631941477072,0.6970061054916388,1.2555438049791212
2016-10-19,2.1355170081186934,1.456189694811542,1.06554713019407,0.8265304236773292,0.6974163065644591,1.2560997749410296
2016-10-20,2.1393402942245343,1.4608617141994655,1.0673558805137096,0.8286049162000253,0.6963874190430412,1.2580419062156678
2016-10-21,2.130812476828056,1.4557260399816507,1.0632072415594251,0.8246239996292986,0.6936489395548461,1.2529782104630616
2016-10-24,2.148781760316531,1.4662122941277385,1.0717931841421158,0.8307051510648961,0.6992705664210017,1.264583357869105
2016-10-25,2.159845299378903,1.4744894859792368,1.078310883320984,0.8354186799796448,0.701619279350139,1.2711347584949566
2016-10-26,2.1590528702534195,1.4709559275798338,1.0750685934455482,0.831328946358694,0.6964217067019363,1.2665396181844029
2016-10-27,2.15799179285538,1.4715215384077802,1.0744069812033699,0.8312327988021764,0.6969402691999642,1.266516146568895
2016-10-28,2.141731599712588,1.459488672513797,1.0632342427702055,0.8228597578151599,0.6881035150222875,1.2541384586198732
2016-10-31,2.143528670183062,1.4589171439054855,1.060221709910708,0.8195297355259734,0.6875326003050674,1.2541712234955464
2016-11-01,2.1692717668523196,1.4732531284845234,1.070739854971805,0.8277015675436425,0.6959044459575421,1.2676935213845506
2016-11-02,2.1589272625080844,1.4657312482617952,1.0642292322712295,0.8221422103298092,0.6907168058515182,1.2600552894584023
2016-11-03,2.17219535088022,1.4763935984548493,1.0712540709460705,0.8264253637435431,0.6989171801688903,1.269407148150739
2016-11-04,2.1703975575963335,1.4743838961712006,1.0699817999524126,0.8241997926609981,0.6947526895382082,1.2663529769991277
2016-11-07,2.1703083008983737,1.475528001003521,1.071405918032992,0.8244913728368194,0.6955367413687784,1.269042405011445
2016-11-08,2.184502015372805,1.485043752823658,1.078051003044549,0.8299091013390595,0.6989899281037656,1.2768407093198604
2016-11-09,2.1679338357092783,1.4738653143416822,1.0692142559702227,0.8238384756439397,0.6969471353191748,1.2682750359460786
2016-11-10,2.204564955334957,1.4999557003950403,1.0867720647538992,0.8354932317013619,0.7058213984946622,1.2880343150903244
2016-11-11,2.223234160891336,1.5113532636091618,1.094505441174818,0.8406980815661088,0.7119812643991503,1.2978603266985047
2016-11-14,2.2332132784169585,1.516134507244058,1.0958622841382424,0.8423972409760635,0.7116241365856153,1.30242472383316
2016-11-15,2.245736855522593,1.5256501627216852,1.1026172811108645,0.8461839879178923,0.7115630924190305,1.3082753409396626
2016-11-16,2.2515384790479405,1.5308408615596993,1.10391008349815,0.8457517028651995,0.7093409738739758,1.3091987733975516
2016-11-17,2.2538654644548335,1.530296724917745,1.102240030150531,0.8443339603556171,0.7080089330096228,1.3080508385634224
2016-11-18,2.2463142231762494,1.522348821702535,1.0986193997966898,0.8413090543130249,0.7026640740669514,1.3020449414776312
2016-11-21,2.2569065070593073,1.524457288965292,1.1008261834124444,0.8414808048590539,0.7052445698237833,1.3069628051664086
2016-11-22,2.2751263978920835,1.5377118682343638,1.1126956865460476,0.848851008911879,0.711997398279716,1.318957057879135
2016-11-23,2.2658132003378686,1.5319218883947296,1.1068502820950454,0.8421538875431143,0.7056671490756552,1.3110714340369132
2016-11-24,2.2572846317676527,1.525726550042361,1.1033204414598192,0.8379544799327041,0.7037047657447796,1.306152080898948
2016-11-25,2.2614879570504445,1.5271887313832968,1.1062936291839294,0.8392968709621784,0.7042445097144701,1.308212070582534
2016-11-28,2.2608047815713888,1.5232308902618075,1.1045820415615821,0.8394506276126859,0.7066292864543173,1.3099080863635828
2016-11-29,2.238190481749314,1.5050577934760863,1.0940454544857732,0.8281734255649819,0.7001710510275005,1.2957482170291421
2016-11-30,2.2260815530425924,1.4984001082936265,1.0877793259456596,0.823605680276861,0.6940919007092713,1.2880360383023175
2016-12-01,2.241891374184286,1.5089145346875865,1.0942436295752462,0.8285319696934096,0.6986855084762683,1.2964502259481632
2016-12-02,2.2050154606872385,1.4850427599182798,1.076068208465163,0.8145544882216154,0.6867808647922764,1.2749841801919692
2016-12-05,2.1899317901462094,1.4744689755488358,1.067930423242712,0.8068817073560928,0.6777275379523208,1.2654645076213193
2016-12-06,2.201450891459748,1.4803001133714553,1.0734235383696367,0.8099076712790613,0.6780371549694962,1.2701633057544386
2016-12-07,2.2274860618181966,1.4968574413819284,1.087734383410117,0.8196455584912317,0.6862433333187897,1.2855245966833797
2016-12-08,2.216277015588247,1.4897370340552132,1.082780548170344,0.8146235999963904,0.6839988674100258,1.2794206769173193
2016-12-09,2.2146387574381325,1.4875041497213122,1.081686155141492,0.8115246072033906,0.6843193276673891,1.2777358192858879
2016-12-12,2.0988818081156704,1.4051683444762992,1.0270058909582434,0.7694341425133251,0.656127728329612,1.2152870101283608
2016-12-13,2.106816983077522,1.4117465636957882,1.032131174783097,0.7753587382894924,0.662213536644006,1.2226813479061875
2016-12-14,2.0968716972585693,1.4073694466654674,1.0300536872283506,0.7717541525382942,0.6575277216839097,1.2174092031313013
2016-12-15,2.114013602974881,1.420423834237491,1.0420172524533406,0.7790727440563139,0.6612443412723554,1.2281708713616248
2016-12-16,2.139661193451911,1.4381792124297372,1.0512877241887888,0.7864439146380328,0.6655066307825919,1.2403154644810233
2016-12-19,2.1439122526983754,1.439410119880847,1.051254106886859,0.7858232170890307,0.6637045309660612,1.2415806118841795
2016-12-20,2.147715235222093,1.4399186713756496,1.0499049681799428,0.7834195844273772,0.657992523367305,1.2388959955657513
2016-12-21,2.1696920856838893,1.4540153787240906,1.0601834858267374,0.7903765016042075,0.6638766439986581,1.2506994662083866
2016-12-22,2.171868548475243,1.4573923507917532,1.0606381092114947,0.7908979685198456,0.6624526456408297,1.2512674413099394
2016-12-23,2.148377956506047,1.441494632148651,1.0468456702410707,0.7818589073229542,0.6534339288561387,1.2363102393780403
2016-12-26,2.1577727996256133,1.4466617642232311,1.0488012205985116,0.7817833548850678,0.656111501378849,1.2412478371809736
2016-12-27,2.1672990200746076,1.4515946994804,1.051482795001739,0.783294052730887,0.657501284998721,1.2448315408376487
2016-12-28,2.1622660127349995,1.4480984496934843,1.0474539303238668,0.7808966213705945,0.6548399579385636,1.240930553009265
2016-12-29,2.1602343715239125,1.4451354860696322,1.0444549959499463,0.7781466339331617,0.652342115029357,1.237659319707489
2016-12-30,2.167701878590509,1.4488939729595511,1.0462425696232227,0.7798186996817651,0.6489241730325856,1.2388189119748396
2017-01-03,2.1891575282125095,1.461621028125393,1.0553326144707855,0.7869162575533094,0.6564417012140189,1.2522832595967681
2017-01-04,2.211042113883931,1.4758868188738372,1.0678777849531356,0.7971783871669118,0.6648361985102796,1.2666768994770834
2017-01-05,2.2168032140988903,1.4801810952725591,1.070384979933603,0.7991714081790381,0.6654951956754672,1.2695535727750882
2017-01-06,2.2095806677835874,1.4752456494655584,1.0653786085405523,0.7947635254436389,0.6594474439475408,1.26298540187581
2017-01-09,2.227739936879392,1.4835667224558788,1.073707372614261,0.7999676391091014,0.6639532187917812,1.271841502625327
2017-01-10,2.2191722309370907,1.4765453878749726,1.0682143745994677,0.7964142246442735,0.6604468065600093,1.2675637031372033
2017-01-11,2.20025029544793,1.4592753629002808,1.0561668254414025,0.7869732943899833,0.6511115631375239,1.2529911089287848
2017-01-12,2.180475548541044,1.4452180143089364,1.0467116740938183,0.780119799255894,0.6447777783069574,1.2414614051167714
2017-01-13,2.149565490570591,1.423507147669391,1.0304076790254713,0.767476523123437,0.6340740412778197,1.2221991485890886
2017-01-16,2.0669773449512006,1.367894905115876,0.9933878859169771,0.7414420161018161,0.6144686250023029,1.1786243044887927
2017-01-17,2.080171711466695,1.3773583762742294,1.0004027125448427,0.7470165257034622,0.6206026432895954,1.1889855069422322
2017-01-18,2.07416978277533,1.3735092181579378,0.9986292472422453,0.7471334702344314,0.6228059428428527,1.1880935026079362
2017-01-19,2.0678613055507546,1.3687092165334531,0.9940199462662467,0.7435140761829703,0.6181332501469688,1.1825107220908504
2017-01-20,2.101989273788633,1.3901887315545252,1.0091048630417214,0.7547413485469454,0.626036984131016,1.200310641469284
2017-01-23,2.1254395923793137,1.4047855630905262,1.0192556783816393,0.7616842887071625,0.6316648774018739,1.2122914420462196
2017-01-24,2.1208952941459764,1.4003831334358894,1.0162109115667821,0.7583501427800838,0.6300474000015779,1.2100869163896903
2017-01-25,2.130469300754352,1.405290454714907,1.0187429149536211,0.7596390430865182,0.6298604487332155,1.2129697840813665
2017-01-26,2.1450475338383197,1.4137224933169124,1.0255024004123647,0.764579882581211,0.6314719314019245,1.219892943618679
2017-02-03,2.136844096652688,1.4095126613226692,1.0220473238376104,0.7621311677387564,0.6314161081172882,1.2166088734862166
2017-02-06,2.158419821296928,1.4240193174982063,1.032326305867809,0.7705890027154579,0.6373589217587574,1.2290069028345523
2017-02-07,2.156819071791726,1.4221315578059448,1.0314310524383767,0.7725553610552479,0.6410067551666212,1.2317460217570841
2017-02-08,2.1734143020838497,1.431052612966977,1.0385662109127045,0.7774931622668703,0.644973231344483,1.2399903973174664
2017-02-09,2.191222762223498,1.4460777970364291,1.0467739944833196,0.7839189142885158,0.6495356438384391,1.2503889090611298
2017-02-10,2.1936935771645913,1.4463829954235337,1.0480591640305918,0.7840528681647868,0.6505987646346645,1.251483586550197
2017-02-13,2.205516129578913,1.4541498649021194,1.0541397682398606,0.7898609166532987,0.6545937127319948,1.2590193499342266
2017-02-14,2.1999203124161224,1.449673128423643,1.0519571705714945,0.7892532428500826,0.6560633014871469,1.2589502683758085
2017-02-15,2.185195766305841,1.4389446136617698,1.042511363987444,0.7812551123184249,0.646027039633114,1.2467372850939726
2017-02-16,2.1985169889178886,1.4482230605391455,1.0530844393133791,0.7887003085339823,0.6523971308371931,1.2572289138314003
2017-02-17,2.1861732631406356,1.4369306105037143,1.0433817198208857,0.7811381625488018,0.6449494006661249,1.2462584103922236
2017-02-20,2.1990116902565098,1.4528089542272336,1.0537148088374528,0.7915485851682644,0.6542172669480714,1.2598484493808924
2017-02-21,2.2152997959185567,1.4628233617651831,1.0613887411275138,0.7966100571753416,0.6574924764201381,1.2696858799141357
2017-02-22,2.22414386407207,1.4708579340815453,1.067106447634901,0.8015120588466985,0.660033260000579,1.2760052452813058
2017-02-23,2.227467571287373,1.4706458726129321,1.0658996139026826,0.7986631234210698,0.6541983253502517,1.2728972936140084
2017-02-24,2.2381449539239036,1.4746747729557,1.070232403402613,0.7996293001323833,0.6527079292709577,1.275578054313403
2017-02-27,2.223587219707311,1.464409234539297,1.0611700305060892,0.7912469445731765,0.6462484453136098,1.2647838000148126
2017-02-28,2.23008124635751,1.467209266898461,1.0619450114053073,0.7926136089451146,0.6503527835885465,1.2699532049725748
2017-03-01,2.2382789535970815,1.4701705736608273,1.0649272994492398,0.7954361985613775,0.6520911356630766,1.2736964654828875
2017-03-02,2.2247981040152083,1.4598552993002827,1.0577389440272438,0.7888664334927048,0.6456316947703366,1.26402752387664
2017-03-03,2.226058544753164,1.4620028988628568,1.0589607204358245,0.7901378604478472,0.6441241888491354,1.2646501196134998
2017-03-06,2.2526636943325675,1.4782454164149192,1.071727165948252,0.7980038533308796,0.6485643511232364,1.2777925851220202
2017-03-07,2.2617552862355503,1.482007263282276,1.072778827470456,0.7974187397189519,0.6470573976841905,1.280643067962196
2017-03-08,2.253900773031443,1.4762496974974304,1.0686293244159448,0.7944735583154842,0.6449318336038851,1.2759806228684685
2017-03-09,2.238917316152091,1.4640243583525567,1.0594817480273102,0.7864062457374147,0.6386031875113942,1.2648906310426642
2017-03-10,2.236557995491149,1.4646689601269405,1.0592954302485227,0.7869756273068436,0.6391480067788863,1.265090141992511
2017-03-13,2.2482861790359543,1.4748737336036375,1.064790857896426,0.792965740297438,0.6453798980985995,1.2738863531477234
2017-03-14,2.2445507602190276,1.4687222139109828,1.0599395354171388,0.7905204288772714,0.6442535558809472,1.2717021175958418
2017-03-15,2.2397225151713225,1.4675314760997575,1.0579568055128497,0.7907281708190056,0.6432187474935978,1.2701307801066029
2017-03-16,2.2612325123637245,1.4818152278697618,1.070145258162605,0.799338385255949,0.6495231580109231,1.2832249120441785
2017-03-17,2.2497898345833813,1.4707929638339405,1.063025973578229,0.7919237641445266,0.6425404101445535,1.2731718415689868
2017-03-20,2.2617719015963917,1.4782489654899171,1.0664232656665322,0.7945650739574752,0.6440502769778575,1.2780811509594647
2017-03-21,2.262135136389571,1.4780475961465724,1.065517759404774,0.795465503750007,0.6450835575761422,1.280312297202372
2017-03-22,2.24685678331459,1.4682216528623044,1.0587847413779155,0.7910293658028318,0.6426880794988394,1.2728836424274104
2017-03-23,2.244275844174282,1.467859757350381,1.0566739132395204,0.7913554272684233,0.6437051331368393,1.272528734779426
2017-03-24,2.2510975774971533,1.473099323546737,1.0615228537542514,0.7935459200753994,0.6469582256712252,1.277369367876438
2017-03-27,2.2434463688147717,1.4691432293677678,1.0610634894647668,0.7925045041858474,0.6468214383083242,1.275315110808291
2017-03-28,2.237485284811355,1.4643206419720802,1.0562195768016978,0.7889248385381781,0.64335547403919,1.2718493077316926
2017-03-29,2.217902692412694,1.4546058421822752,1.0494914327498683,0.786874139740318,0.6423526413819676,1.2652567275834532
2017-03-30,2.1653822732209633,1.4206353937351346,1.0301176853808767,0.773266159293712,0.6304459237356347,1.2396166544892948
2017-03-31,2.1730540278858,1.4247771741304054,1.0319867627730133,0.7762365820530067,0.629876764963595,1.2423948416959503
2017-04-05,2.218576642720977,1.4580136167973055,1.051854762257674,0.7927182875932016,0.6445605634705529,1.2692479860479213
2017-04-06,2.2237009528189975,1.4584871043834173,1.0533590178645071,0.793225491473113,0.6477279506856207,1.2732700503703178
2017-04-07,2.223074943406766,1.4611783757774806,1.0540916401884284,0.79313988895678,0.6458197638717721,1.2730658218407493
2017-04-10,2.2027266676874246,1.4472936898922286,1.0426246342141463,0.7844052448749288,0.6416417790544713,1.2610969280315443
2017-04-11,2.2153713445486876,1.4559552405311074,1.0486650953589713,0.7897489205519681,0.6484315204686834,1.2699041255699208
2017-04-12,2.205873496757525,1.4489075177929318,1.044247819892739,0.7848337677512334,0.6414574214186434,1.26220176825881
2017-04-13,2.21261309524643,1.4506585718147134,1.0442035229152302,0.7853654759124065,0.6421620417462329,1.2652749387659779
2017-04-14,2.1773969170470227,1.428629012407316,1.0278987370840391,0.7729279441009813,0.6328802292281082,1.2457881554027246
2017-04-17,2.1451215050476935,1.4111856755370664,1.0121593474070991,0.7639623256563425,0.6222658240521228,1.2281666574060972
2017-04-18,2.1201180824324783,1.3978723016348789,1.0021129553120414,0.7577207766333759,0.6189304510727979,1.2172252016969607
2017-04-19,2.0761068812357433,1.3754209424591737,0.9870327462198055,0.7469069016123611,0.6123082617386736,1.198518609973422
2017-04-20,2.0619206594355988,1.3702061676060469,0.9844081689355445,0.7451807728839854,0.6083241141775351,1.1945079620866914
2017-04-21,2.056560508130096,1.3665213325382033,0.9817541883113797,0.7418849010592332,0.6023679896384381,1.1892035958488825
2017-04-24,1.9904952057621799,1.3202508166666178,0.9509177309821937,0.7170389553086776,0.5821256526668586,1.1500823909194606
2017-04-25,1.9953705163962252,1.3233725917066326,0.9518394879243646,0.718754252871172,0.586184388144739,1.153567327166206
2017-04-26,1.9974797713848833,1.325939607898406,0.952798187564281,0.7205579200269171,0.5897453605643507,1.156471949167509
2017-04-27,2.0016311238874684,1.3274180195737773,0.956562531603825,0.7215045019572135,0.5920169367882664,1.1608081205479173
2017-04-28,2.02020567890392,1.3382798425174454,0.9631596166623767,0.7252951505337012,0.5936732252438686,1.1683323712102693
2017-05-02,2.0251198033981446,1.3396876612667306,0.9617249068857567,0.724661792357595,0.5953967464563976,1.1692741392860118
2017-05-03,2.025178498712974,1.3396764674998825,0.9606452173076275,0.7240664509016865,0.592447933785064,1.167665947730538
2017-05-04,2.0218141991846634,1.3343676306439292,0.9557778350622264,0.7202666473593227,0.5901994533514542,1.1630580687928171
2017-05-05,1.9937745724020806,1.3157507706896914,0.9421321636206009,0.7082302004394987,0.5804806143403706,1.146861875138927
2017-05-08,1.9552636180365386,1.2911652807038638,0.9255060547876702,0.6945761179056918,0.5650325280043385,1.12356985925406
2017-05-09,1.9670827974321188,1.3009421420612046,0.9307632610115162,0.6988535191850886,0.5683093252278221,1.130592585004261
2017-05-10,1.933859568052035,1.2747784318528501,0.9120944021022318,0.685833256142257,0.5551310477639666,1.1082339897079119
2017-05-11,1.9041631455083894,1.258256657829402,0.9024420148981047,0.6816515464785604,0.5584371347032999,1.0995825691437484
2017-05-12,1.8923234207638078,1.2528309633878771,0.8999899142865347,0.6803569578899606,0.561090222936465,1.0984629919517692
2017-05-15,1.898029386725236,1.2567194728513083,0.9021546375379272,0.6829630229337244,0.5642149034687268,1.1024014757749243
2017-05-16,1.9340807662413997,1.280340567741001,0.919949564151488,0.6977452818991439,0.57680010150667,1.124772864377467
2017-05-17,1.9441097324719026,1.2873409495014836,0.9228561653503775,0.7005375501822259,0.5788412317075685,1.1295764355908304
2017-05-18,1.9344772204848077,1.2796507903884644,0.9174009221623712,0.6966281886476725,0.5724195201554148,1.122003580915664
2017-05-19,1.9356908139600768,1.278783650215985,0.9177733166627243,0.6966542369885852,0.5710820907474388,1.1227582921985313
2017-05-22,1.8952775104393094,1.254084876275393,0.9006019856218744,0.685525950170386,0.562222600413546,1.102459646477031
2017-05-23,1.8368496479366248,1.2144210411724432,0.8733435571144379,0.666181172114941,0.5488403681588064,1.0705437427537818
2017-05-24,1.8430851232707208,1.2169462049074435,0.8758392074664415,0.6699085047790129,0.5538509172421293,1.0754795853438972
2017-05-25,1.859133183290566,1.2291523003542413,0.8846979275502639,0.6777476285971098,0.5611314135894656,1.0870289094524932
2017-05-26,1.860358534655467,1.2285653496817746,0.8855298880800453,0.6775294025848302,0.5593435695559843,1.0876266821259544
2017-05-31,1.8609587635330083,1.228665471992503,0.8841384272081838,0.6768497524289814,0.5581713683031108,1.0866987195351845
2017-06-01,1.807999907071357,1.1984973748610337,0.861953312871198,0.6615422026937567,0.5461456170254618,1.0601257798084354
2017-06-02,1.8280028531990236,1.212031903380393,0.8715550377442398,0.6690499008649619,0.5508509943309393,1.0714607248248493
2017-06-05,1.8441188269045299,1.223751361740241,0.8796528537998934,0.674879512124976,0.5534796772553465,1.0803028399286976
2017-06-06,1.8519057368845369,1.229289106518037,0.8852507316501788,0.678220936490352,0.5554222521355814,1.0864570059392278
2017-06-07,1.8921182557030445,1.2568132213575989,0.9036924170467748,0.6919972131368753,0.5691126049500466,1.1103367836112537
2017-06-08,1.8904365094668507,1.2565124026942627,0.9042898844641809,0.69265829935645,0.5707771740552118,1.1110947337364516
2017-06-09,1.8932613355896721,1.2599133781574956,0.9066761854876089,0.6936930624246707,0.5711375769315498,1.1130869585971224
2017-06-12,1.8607580869423972,1.2396339722746985,0.8942768947372134,0.6856154848453376,0.5662973263994842,1.0981586048798766
2017-06-13,1.8863948929511378,1.25624865841286,0.9056198915429611,0.6947403602122417,0.5724178054602054,1.1133623887731683
2017-06-14,1.8930100657233309,1.2602205121420162,0.9071912426810588,0.6941881073561038,0.5680056283503407,1.1133402769418148
2017-06-15,1.919411503290476,1.2778715318449767,0.9183601804898717,0.7006878653122469,0.5707343510536984,1.1254605010223127
2017-06-16,1.916573538709377,1.2769516382793105,0.9172938914867024,0.699884656355364,0.569926971431368,1.1241278543136013
2017-06-19,1.9330503093462117,1.2866513356542293,0.9259944279632264,0.7051318460735769,0.5740041012369597,1.133194838722927
2017-06-20,1.9335296889175582,1.2854260612917583,0.9257196521671114,0.7048983989596385,0.574459018463778,1.1344273343638756
2017-06-21,1.9346451936154516,1.2862891226284017,0.9278357582120205,0.7061705230279675,0.5778520965803633,1.1369798925460524
2017-06-22,1.9056043282063078,1.2664908232810377,0.9134711007110913,0.6946250727795794,0.5673818614595333,1.118707328226523
2017-06-23,1.902115827175228,1.2669298020983217,0.9133692038972632,0.6974515694558366,0.5700183855534683,1.1203004234632103
2017-06-26,1.9248278374951149,1.2843118850747282,0.9267565804463876,0.7087450913411498,0.5790702364581005,1.1365194702557717
2017-06-27,1.929669143790645,1.2863166645361535,0.9279565118760666,0.7102149986068681,0.5790674362683202,1.1394453149375372
2017-06-28,1.915753522179881,1.277560116676031,0.9229417368388496,0.7056050790539796,0.5754473263147567,1.132114822117756
2017-06-29,1.9268132606854196,1.2830826452156494,0.9266009693500475,0.7089810782781923,0.5785567454240258,1.1376060713571365
2017-06-30,1.9355156574188626,1.2851275014688537,0.9291116584064452,0.7092064929038742,0.577928003459873,1.1394379494412756
2017-07-03,1.951323170316781,1.297062460734129,0.9370408342773715,0.7157898476485942,0.5802491510239932,1.1483890446303915
2017-07-04,1.9465421355320287,1.2927078144420827,0.9329879376474014,0.7135524474557026,0.5768412462365609,1.145351836649565
2017-07-05,1.9586165306386223,1.3018822543815192,0.9393904735561979,0.719436666541684,0.5833023192604864,1.1544252273781632
2017-07-06,1.9593484374138843,1.3035907577009642,0.9404262093885426,0.721587111348785,0.584313384678896,1.1561594038225564
2017-07-07,1.965518926028775,1.3092033863674677,0.9450717109259215,0.7249948032543684,0.5866930405124426,1.1610591186051955
2017-07-10,1.958441221632027,1.3056732527909178,0.9433768420532053,0.7243669080908566,0.5862836290127105,1.1588172049465308
2017-07-11,1.9408051270799027,1.2890855829595944,0.9309940961935861,0.7149442882967347,0.5802556184721743,1.1466099489731716
2017-07-12,1.9258193033604174,1.2812870978481996,0.9269721170459921,0.7139144012212423,0.5837653523021037,1.143520066716073
2017-07-13,1.9312531131126955,1.2859526325315904,0.9307034217444348,0.7174553297985575,0.5854677070803084,1.147719122590547
2017-07-14,1.9257005334716648,1.2808442179008692,0.9282089643229645,0.713973621984164,0.5844012872244215,1.1440010269097707
2017-07-17,1.8255180377119815,1.2139543565666349,0.881838157065338,0.6769545117355362,0.5605204404193107,1.0875094997151629
2017-07-18,1.8396605512215423,1.2218850676532536,0.8892025035756737,0.685128684408205,0.5692685394041206,1.0995541678335945
2017-07-19,1.8593510903862698,1.2389888772957987,0.9034174247319063,0.6996984301798408,0.5853820980730399,1.119404171338177
2017-07-20,1.8713457287113473,1.2463515714484579,0.9104426951185376,0.7038373051262646,0.5896475394445579,1.1268748365481513
2017-07-21,1.8723014231005886,1.2466120757350139,0.9124619261853145,0.7058033056723477,0.5904872887466287,1.1284869568952551
2017-07-24,1.8838487169172153,1.2561534358817024,0.9192383512858835,0.7127918870364487,0.5929976144350931,1.1364766049939525
2017-07-25,1.879264322332284,1.250448807128839,0.915199481028172,0.708851001059621,0.5900094450967552,1.1327799272510766
2017-07-26,1.8789027116922812,1.2493076815991813,0.9153448288133581,0.7096557697358018,0.5922412801427995,1.1336801276229653
2017-07-27,1.9106783758409733,1.266915706449425,0.9261380774752996,0.715154412205617,0.5889154968320267,1.1438658635649839
2017-07-28,1.910322259538391,1.265642134216538,0.9260467037524057,0.7177245784748928,0.5932117528103856,1.1460629411892298
2017-07-31,1.9183235411137027,1.2733218462662486,0.9329514008040775,0.7253352176638346,0.6056085324426094,1.1573447482815304
2017-08-01,1.9236144571894624,1.2741740787034541,0.9327247327835025,0.7231275791627192,0.6043919932920374,1.158074205800561
2017-08-02,1.9054293713786608,1.2623086826118697,0.9240745117543426,0.7167562411082397,0.6011842050651538,1.1483104529510757
2017-08-03,1.9166850507450175,1.266771532624435,0.9269277745516996,0.7201195053997282,0.6020622392695167,1.1526008414790643
2017-08-04,1.9136049089941487,1.2652545816368697,0.924625921561001,0.7185494353776619,0.5980564907759259,1.1493442586484617
2017-08-07,1.9248761490240829,1.273801788401048,0.930067486329671,0.7252324281426593,0.6051180504682587,1.158455851651105
2017-08-08,1.9309369461711194,1.2744780500969848,0.9295780013472648,0.727124571854624,0.6047743324657205,1.1609107259564913
2017-08-09,1.9368544822357245,1.2776783309876305,0.930562551224553,0.7302907550314729,0.60964326866278,1.165331900964082
2017-08-10,1.9197911263462102,1.267244664896964,0.9245659219460247,0.7246306351711016,0.6045954020592831,1.1561373777710249
2017-08-11,1.898388265021921,1.2515295731524652,0.9107393941013238,0.7107140141409591,0.5829934883836303,1.134528493828375
2017-08-14,1.9281809608281004,1.2722708380366516,0.9273509268505608,0.7238124042391869,0.5939813335519081,1.1544470663031705
2017-08-15,1.9341792966048577,1.2744550996983144,0.9296510991087046,0.7251914183960134,0.5955496506522474,1.158390582009985
2017-08-16,1.9485173358518781,1.2842896432695234,0.9340399208912225,0.7261938883843674,0.5917730625743195,1.1618406367586616
2017-08-17,1.9652348870791598,1.2954653915596293,0.9428696319169522,0.7328600822759961,0.5986945437162627,1.1729038166635768
2017-08-18,1.9658201890915232,1.2950952932736561,0.9432241566339294,0.7311493823732731,0.5959049003929108,1.1713542521439846
2017-08-21,1.9807114345735324,1.3034520920480017,0.949259237389076,0.7368238732680178,0.602385033030052,1.1805052418927844
2017-08-22,1.9669504462315308,1.2938133114369408,0.9428786905300715,0.7314119438045351,0.5981414188454668,1.173582945498629
2017-08-23,1.9638594935644962,1.2894743871705856,0.9386203257330586,0.7255651936207882,0.5904179361201239,1.1664585203146138
2017-08-24,1.9562989954142351,1.2831832089758697,0.9326785028722384,0.7192490256626319,0.585714656787861,1.159056610155217
2017-08-25,1.9737186206653432,1.2944217437092331,0.9407852554398239,0.7276105458233022,0.5944001594453114,1.1712997633870994
2017-08-28,1.991512925935459,1.306138505300448,0.9484237929393925,0.735244223703462,0.6028880268806341,1.183238793072358
2017-08-29,1.9929465562692645,1.302241924693971,0.9449585498116233,0.7322657167236382,0.6020794576236168,1.1819596749088352
2017-08-30,1.995002880817615,1.3055696852864047,0.9470045697069891,0.7361672470381204,0.6084723048281595,1.187087117404342
2017-08-31,2.0024003914668866,1.3077636519982223,0.9475029325777661,0.737326323238348,0.6100345818215129,1.1894757335997448
2017-09-01,2.0068724245484177,1.3140368141905157,0.951851330470936,0.7418537404588599,0.6170658409804001,1.1964406214897187
2017-09-04,2.014586769775902,1.319826090861917,0.9572207655081537,0.7462519931756493,0.6206970291507159,1.2025905530389893
2017-09-05,2.0165351695434017,1.3178400778690387,0.9570263584543818,0.7443991227556745,0.6196066727891032,1.2027738456789034
2017-09-06,2.0214190684349647,1.3206131309568117,0.9612548250636217,0.7473921751476492,0.6215622903695511,1.2066521349538373
2017-09-07,2.019533620672541,1.3157748960599804,0.9582997917270974,0.7429994871536506,0.6157361529249842,1.2011207600500917
2017-09-08,2.0258872270518187,1.3198426918071164,0.9604172345680985,0.7461374623680064,0.6176433596311367,1.204908043430764
2017-09-11,2.0393985986693974,1.331363028521415,0.9675051664412724,0.7519736966423202,0.6243054416841836,1.2148813599458284
2017-09-12,2.031071955270764,1.3249634932255128,0.9642372069224779,0.7500683546134077,0.6251242059199533,1.213069349200474
2017-09-13,2.0368614016593702,1.3308768915848124,0.9682272065839672,0.7526573395267757,0.6285341740401339,1.2180084871666401
2017-09-14,2.0369846145661192,1.3331896194181767,0.9687303443230565,0.7524417300266949,0.6261255635636748,1.2175698373832207
2017-09-15,2.0337310599033,1.3326630888995752,0.9686667632126155,0.7498556316125132,0.6181796847301853,1.2131414608724258
2017-09-18,2.044825225966351,1.3403971459792492,0.9756480139218281,0.7558322284727824,0.6216218448247667,1.2209065758752233
2017-09-19,2.040166030434712,1.3349938333757918,0.9700645968325592,0.7504660392159366,0.6174575170468827,1.2160883953756123
2017-09-20,2.0494472881532255,1.3418239821192384,0.9771542223668317,0.7554950565186995,0.6246791305035857,1.22468972726712
2017-09-21,2.0390651558547757,1.330668135929444,0.967562014353461,0.7468753086563169,0.6146669939323941,1.2122906998697422
2017-09-22,2.031135651942272,1.324058856278504,0.963874446037181,0.7421160087679182,0.6101433584908112,1.205890944743717
2017-09-25,2.008201817497294,1.308286612546168,0.9522870964301153,0.7314413554318978,0.5985423354870966,1.1893421088283072
2017-09-26,2.0038492589847605,1.3053382252296866,0.9533257595658023,0.7333469347538469,0.6037984694252737,1.1926150387688743
2017-09-27,2.0141564477648766,1.3104381133811236,0.9579916170520346,0.7386467893556145,0.609846601750483,1.2000542575055542
2017-09-28,2.0041871106824476,1.3028774988748382,0.95409744367729,0.7350478995515818,0.6070916777274448,1.1942522880364186
2017-09-29,2.022498230158075,1.3138579483900417,0.961033108952929,0.7410883158185516,0.610418575345895,1.203455530515087
2017-10-09,2.040293704674609,1.3274147804153293,0.9721286339799062,0.7503647905988988,0.6190528138353376,1.2172530670510773
2017-10-10,2.0582824624080853,1.3390638110452302,0.97848060921543,0.7544068690780446,0.6165491116842793,1.2248181096170911
2017-10-11,2.061970923192164,1.342581159467701,0.9789095484270588,0.753384068065953,0.6114256634554425,1.223640191470066
2017-10-12,2.0559974921915853,1.3377892383522871,0.9759396179040198,0.7514939798139628,0.6108497605675307,1.2204707787969737
2017-10-13,2.067334128628096,1.345199127863417,0.9794381753608641,0.7538722722806821,0.6130143539614278,1.2256812079336379
2017-10-16,2.0305333633716347,1.32039751892765,0.9625515952385318,0.741067725739637,0.6055487836322155,1.2054224666712845
2017-10-17,2.0295525677856054,1.3185367176517349,0.9614662042535485,0.7400372790130122,0.6027865640104634,1.2047214812433293
2017-10-18,2.013740002958657,1.30888880847833,0.9536077083927053,0.7331251627587481,0.598915465229666,1.1953140583307762
2017-10-19,1.9875730169742905,1.2910493804206566,0.9418970212007814,0.7232886626271287,0.5932261049256056,1.1805350215417878
2017-10-20,2.014835490161554,1.3071208622028676,0.9527462410886508,0.7320407453305287,0.6000445942665846,1.1950031020305896
2017-10-23,2.0229709230432196,1.3145293255074588,0.9577932203107714,0.736431614717438,0.6025391198522676,1.2010159248493517
2017-10-24,2.011447564505595,1.306306036636903,0.9519670377116494,0.7325539728888817,0.6015710666275307,1.1964023568484012
2017-10-25,2.022937991528572,1.313078680509943,0.9586122240487482,0.737013855245723,0.6050932319072754,1.203537854865254
2017-10-26,2.0284315218153726,1.318087209972314,0.9624172194834062,0.7399303765280116,0.608365490140659,1.2083193439251547
2017-10-27,2.017854003793,1.310866837131948,0.9557033390415242,0.7342782051076805,0.6052503356665059,1.200966013598155
2017-10-30,1.9700087337984127,1.2807392077975173,0.9315845325095182,0.715136609006676,0.5943711461619118,1.1731098615362083
2017-10-31,1.9814753577159547,1.2887321212371288,0.9354850160605577,0.7197105550636184,0.5988429349680927,1.1814146416255267
2017-11-01,1.9794286387330515,1.2862601373908211,0.9348965648489332,0.7185895454892477,0.5979620086411676,1.1798532716241514
2017-11-02,1.9557312050625533,1.2710064757758686,0.9223830951065621,0.710234139408829,0.593418798739958,1.1665344702129379
2017-11-03,1.9411870808015963,1.2607823499938737,0.91470079241574,0.7036107801838853,0.5881254266237753,1.156723229532776
2017-11-06,1.953213310631833,1.267594663473736,0.9232271346750834,0.7105884676001806,0.5966483496099128,1.1672081800467744
2017-11-07,1.9603201967934192,1.2727807936267683,0.9266916766757655,0.7138033287885297,0.6014793157193947,1.1740419756530405
2017-11-08,1.9715675408692315,1.2765061449347248,0.929922232596429,0.7151128000802071,0.601910923860176,1.1774949015712413
2017-11-09,1.9805435709282584,1.2819394986083328,0.9335216082467414,0.7187319759981072,0.6066750257687411,1.183537327953216
2017-11-10,1.977721795061241,1.281148451988627,0.9325183714916793,0.7197087399547345,0.6096871697000553,1.184296874701988
2017-11-13,1.9656129244545435,1.2773061134362413,0.9300627906714589,0.7201108249873027,0.6144083447681725,1.1834796486942196
2017-11-14,1.9479564578677617,1.266811500125624,0.922734638744228,0.7156575201382467,0.6106040511699047,1.175791371692414
2017-11-15,1.93975922329705,1.2593227251278407,0.9169654772511174,0.7101693267203978,0.6026609245599691,1.167078288212356
2017-11-16,1.9377216941721918,1.255648226586615,0.9145793688510764,0.7085572460077029,0.6035679562309366,1.1653667248054058
2017-11-17,1.8710885825975945,1.2117790536812052,0.8846001495544472,0.6846121332599513,0.5884029040207833,1.12783665799684
2017-11-20,1.8604817025230742,1.207885556604535,0.8859970276176377,0.6853484090823864,0.5952438153828523,1.1290542154263385
2017-11-21,1.8558329914415372,1.2031095306349495,0.8856213033431034,0.6855436470377564,0.6000688968174123,1.1304652212333621
2017-11-22,1.852929890303723,1.201212861304468,0.8868555732587912,0.6845651189018135,0.6005840837236013,1.1299406087583967
2017-11-23,1.826424315612656,1.1809104116327724,0.8694418624621575,0.6682146951566347,0.5814424617614827,1.105849887773312
2017-11-24,1.8304245607884584,1.1846894487794937,0.8721680021516653,0.6706777237208668,0.5828637634665564,1.1090913011220733
2017-11-27,1.8173813855413004,1.1763150763328538,0.8660957169578047,0.6655052524534836,0.5731940190751682,1.0990064891719342
2017-11-28,1.835369464802727,1.188193042069824,0.8752197608061439,0.6734262793387176,0.5828493532318884,1.1130306383075492
2017-11-29,1.8382462570960354,1.1910182178751088,0.8777562459607167,0.6761718094966152,0.5855707587073783,1.1165009201082323
2017-11-30,1.8368173659911484,1.187906032068657,0.8742929327019319,0.6709513126353936,0.5785177261728712,1.1104491763809068
2017-12-01,1.8512093005524117,1.1957761793502126,0.8797124326528435,0.6762597132913531,0.5823116229386203,1.1182509524586277
2017-12-04,1.830751496251369,1.1830366993374808,0.8714380167813633,0.6704688740661608,0.580070053562882,1.1085170087445737
2017-12-05,1.78253699590929,1.1509872358661288,0.8486089857122296,0.6527389715285746,0.5687212833889181,1.0816971268087023
2017-12-06,1.7954448381968746,1.1581066663146846,0.8536393492463106,0.6586380262169846,0.5726978455243221,1.0893521324907822
2017-12-07,1.7950401685032655,1.1582211307030077,0.8542600475182723,0.6586700250725172,0.5661514928799669,1.0869993408968894
2017-12-08,1.8115034518814632,1.1693950123852803,0.8626960250276398,0.6648755635328927,0.5720287748025642,1.097542576287362
2017-12-11,1.8241829528426659,1.1786538934051782,0.870417406447248,0.672552937538282,0.5805007653484687,1.1085682688982417
2017-12-12,1.8055960115471312,1.1664304547649063,0.861065332901021,0.6652530782354362,0.5740355742147145,1.097698070921871
2017-12-13,1.815902571174622,1.1726999094577202,0.8659446229681264,0.6695842444429742,0.5790252868576102,1.1047133813360577
2017-12-14,1.8169996803881996,1.1733217844178867,0.866710902948404,0.67036624732284,0.5788252273150588,1.1053409473014162
2017-12-15,1.8192597725261916,1.1735529455526301,0.8659711146309014,0.6678630515828043,0.5722251817943523,1.1021233617130182
2017-12-18,1.8106781190204793,1.1692537568780381,0.8627400503389104,0.6642967251410589,0.5694048379957045,1.0971902204026522
2017-12-19,1.8180222700937412,1.1737098947149327,0.865640920247939,0.6670542206774658,0.5745304178612823,1.1035917994217195
2017-12-20,1.800175691456153,1.1607372377952672,0.8572705871529345,0.6608697809011826,0.5695030951490196,1.0928736537955674
2017-12-21,1.7961216519795642,1.15873682120261,0.8576120095590285,0.6610202230050143,0.5748169676070551,1.0941809931304736
2017-12-22,1.794442461124912,1.1574243649560618,0.8570976691198603,0.6605569462380741,0.573900469582678,1.093095004658026
2017-12-25,1.771599036375782,1.1433181100487375,0.8464875511926867,0.6523683546489786,0.5673492456503262,1.0797355029765665
2017-12-26,1.7830937510139344,1.1492409359176916,0.850106500891667,0.6552360612049521,0.5696797645717641,1.086106953046963
2017-12-27,1.7770606510016218,1.1478179974273706,0.847351546149376,0.6519151036276523,0.5641643601546176,1.0811950781141482
2017-12-28,1.781170798188301,1.1519994058578216,0.8508059053077315,0.6528716167944963,0.567582639610389,1.0849919570393578
2017-12-29,1.7949960708324177,1.1614332977538269,0.857103356792275,0.6585934981781484,0.5716390197282483,1.0935121250177118
2018-01-02,1.8109587155831357,1.1722872147678425,0.8654468271784598,0.6662866357313826,0.5815982104524651,1.1059947765123868
2018-01-03,1.8242096939734338,1.1811134377801227,0.8732301467155771,0.6714051814768619,0.5875904831046005,1.11635397373012
2018-01-04,1.8284191578926325,1.1822937564572873,0.8745178954870834,0.6734761048193545,0.5910671041262728,1.119431951129127
2018-01-05,1.8360403253123259,1.1872948856632906,0.8777060105854712,0.6748967304654009,0.5888784628883528,1.121770795920188
2018-01-08,1.832286652461721,1.18721843909023,0.8790498515775644,0.6769131196167003,0.5941992240292905,1.1243390197396599
2018-01-09,1.830907268142157,1.1862033708714848,0.879000806642104,0.6757081853728734,0.5944512333575568,1.1236597278151803
2018-01-10,1.8116088719932226,1.1749335720431888,0.8721360348200156,0.6703056555047436,0.5919713178687541,1.115811097506027
2018-01-11,1.8236777227777092,1.1806405503016217,0.8764205992415358,0.6734387467568673,0.5906234919223241,1.1200130711343501
2018-01-12,1.8199244963462708,1.1785440663621842,0.8741632106621546,0.6712129896466402,0.5873636806086948,1.1166006610855956
2018-01-15,1.7789197253342368,1.1491807179852482,0.8514353991419674,0.6537454658956471,0.5741109391032634,1.0893483740618606
2018-01-16,1.7876601917136032,1.1551542427672659,0.8561752660740812,0.6583038476182326,0.5803458449751574,1.0966494406345793
2018-01-17,1.7885786473574907,1.1534665470935,0.8538507720313111,0.655271110926512,0.5764901820877126,1.0943866929097525
2018-01-18,1.791880427422243,1.1566273674355974,0.8555596679672884,0.6570147572315342,0.5792284137372655,1.097450750452865
2018-01-19,1.79117640593168,1.1564977380719996,0.8537257712672397,0.6563640097886843,0.5781823553866104,1.0962550899007553
2018-01-22,1.801097394609688,1.1639136954129756,0.8588407679151877,0.6626808511286054,0.5855376818738389,1.1050883326149321
2018-01-23,1.8032666998655,1.1656304198025185,0.8608065651361984,0.6636188340273781,0.5890256757230301,1.1078169058567704
2018-01-24,1.8061990162062989,1.1677041776669033,0.8629769392960839,0.6655528076215886,0.5913416985581994,1.1117960077921099
2018-01-25,1.8110157364643868,1.1680372013999212,0.8638011931303484,0.6655892984236256,0.5890309296962464,1.1118075710760733
2018-01-26,1.8059405799258466,1.1660615969858636,0.8629596087157447,0.6651782040567785,0.5899657337135366,1.1108072796756474
2018-01-29,1.786939304233697,1.1526850671051652,0.852367699732844,0.6561214151175351,0.5821153064867347,1.0972134204578676
2018-01-30,1.7884411983145152,1.1543311724036573,0.8515074117607089,0.6555251293090151,0.5785865985391502,1.0959600212705456
2018-01-31,1.7451184899905783,1.124900620874763,0.8302388588704105,0.6403755981934487,0.5693746325971292,1.0720602500355831
2018-02-01,1.66035126365035,1.0717178280392867,0.7894538764019811,0.6133504843361444,0.5532909825461817,1.0258751055520934
2018-02-02,1.638962406998591,1.0598342632403217,0.7837388802307399,0.6116724142632451,0.5591009538692487,1.0210682423764434
2018-02-05,1.630079321793025,1.05434527995122,0.7812239657233834,0.6103976235464191,0.5601497214867418,1.0182069463479733
2018-02-06,1.5441180628060671,1.0010081864112312,0.7400867004982131,0.5793205803906223,0.5325083729775805,0.966026306110335
2018-02-07,1.5524651086439176,1.004040958987801,0.7423692721438219,0.5799871218299825,0.5274288219087366,0.9674925586944605
2018-02-08,1.572888428328346,1.0196819522958696,0.7527288689906045,0.58746987299409,0.5277538768092509,0.9783683582131194
2018-02-09,1.5315449703450823,0.9920834874219722,0.7274129664457477,0.5658069519253365,0.5004614901747627,0.9440135091820068
2018-02-12,1.5677775556658193,1.0169400444135206,0.7461636510204616,0.5807115376877777,0.5120766003052567,0.9674327168647621
2018-02-13,1.5687989877057915,1.020064154939785,0.7496164044859291,0.5836043028146949,0.5168857761288035,0.971829477524108
2018-02-14,1.5746773824026588,1.0230979965851443,0.7523467755309429,0.5847703447876348,0.5209584548844243,0.9766029822613744
2018-02-22,1.5953323385779388,1.0375429115805446,0.7650718518346831,0.5971229369481752,0.5360115761788061,0.9949960248256253
2018-02-23,1.6000909375155612,1.0416756727915144,0.7677444443118404,0.6001979370859183,0.5395004234476207,0.9993974691175798
2018-02-26,1.6298752371603318,1.0619340309302119,0.7829842738415577,0.6134853322822134,0.5518715653216464,1.0199813011960472
2018-02-27,1.6293774997694765,1.0644641080636785,0.7838236988145132,0.6154643677724816,0.5469372377128242,1.0194578524509106
2018-02-28,1.630815207874656,1.0667102590910114,0.7853804360764274,0.6168512590968593,0.5470918289325728,1.0218351195466706
2018-03-01,1.6514495883368971,1.0810261576710383,0.7950428610673178,0.6240937491679976,0.5523931998626942,1.0340571637621248
2018-03-02,1.6517133650449267,1.0801038213791778,0.7934764124103117,0.6219453652670119,0.5473030150577711,1.030887688147136
2018-03-05,1.658575101560981,1.085074370135226,0.7969780438851305,0.624239794819664,0.5472727132392264,1.0343512971008657
2018-03-06,1.6756019316863646,1.0971495162827036,0.8067875655013753,0.6322319117319454,0.5571964814004079,1.047724125288988
2018-03-07,1.6731849877669795,1.0895519962505062,0.7998883735262468,0.6264205526563087,0.5502388681990471,1.0406140782635387
2018-03-08,1.6892719262216185,1.0980025850727735,0.8065882500610003,0.6310239965773187,0.5528848016366649,1.048502815737404
2018-03-09,1.7101661087290823,1.112535321045497,0.8164387995696456,0.6394554107463806,0.5600741128389448,1.0619612886991463
2018-03-12,1.731916617491583,1.1275455300210222,0.8279749696627916,0.6495899276804634,0.569191736926899,1.077352770920977
2018-03-13,1.7287266036025528,1.1284292469481254,0.825024028048756,0.646754348052422,0.5644864395189589,1.0736333025573548
2018-03-14,1.7098958611479116,1.116030489269009,0.8153292171514324,0.6391810974511164,0.5602898703549004,1.0632988452780359
2018-03-15,1.697284023476937,1.1102396995557513,0.8118542797631323,0.6380168992103352,0.5601828682662164,1.0592928219841053
2018-03-16,1.7056958599079288,1.1131765950563361,0.8106376467167145,0.6373861327103653,0.5558307335478037,1.0587308282858165
2018-03-19,1.7096008178165243,1.1134118157853385,0.8102204721489595,0.6378341345593672,0.5539834152522962,1.0585966501779618
2018-03-20,1.7190808374063888,1.1170605054974267,0.8104909547124062,0.638713725607246,0.5540287362794162,1.0608453615010804
2018-03-21,1.719643574390608,1.1136311872997096,0.8076118822439928,0.6343474464441724,0.5488720143170719,1.0571694463858032
2018-03-22,1.7303545961183657,1.118464373708216,0.8088160503383993,0.6330934957609976,0.544671660929889,1.0576827659341663
2018-03-23,1.6426804617824977,1.0634848568022106,0.7690539676745622,0.5985971150979006,0.5132471606964178,1.0024345393877214
2018-03-26,1.6517766361813453,1.0713576891194616,0.7779818698276029,0.6085222076178959,0.5198548079118451,1.0132612428581866
2018-03-27,1.690743817911019,1.097107213304035,0.7957804036733527,0.6230004584065839,0.5318080022355063,1.0370304430034212
2018-03-28,1.6799430472303474,1.0861152372686798,0.7875447070099935,0.6169090517308568,0.5234158477861601,1.0273547655948678
2018-03-29,1.7001945543891335,1.0987140180185306,0.7964774544948121,0.6227385209777004,0.5301104658096498,1.0391162185263347
2018-03-30,1.7179540784476761,1.1090674667433893,0.8046280420989496,0.6302979456961291,0.5367187452097063,1.0504857604027575
2018-04-02,1.72696948793568,1.1114509985031538,0.807366727724455,0.6324325214711083,0.5388371279404075,1.0542965506068178
2018-04-03,1.7135698109233541,1.1005409324775473,0.8005116371170623,0.6255078067830625,0.5330063962386431,1.0442106947773224
2018-04-04,1.7095945520310778,1.095751482853693,0.7959848317296303,0.6222076596525761,0.5298307772680525,1.0403844603959809
2018-04-09,1.7098110405333806,1.095269054480979,0.7959744635917736,0.6229995598620219,0.5304894863226018,1.0408400256864978
2018-04-10,1.7170453404308224,1.1009854483558927,0.7999208365840427,0.6251565734525272,0.534314610083477,1.0460617579394162
2018-04-11,1.7297669758106662,1.10772864379247,0.8043507055525673,0.6284653484179931,0.5367421376073118,1.0521096516450468
2018-04-12,1.7238895848325433,1.1018710180262798,0.7992093311419399,0.6242067312525945,0.5323311521849293,1.0457818614224073
2018-04-13,1.7169367681843384,1.0967751829467838,0.7967645132824239,0.6207724729180818,0.5298729607250716,1.042252909860249
2018-04-16,1.6988624574113371,1.084337185367052,0.789577710756396,0.6181859946292693,0.5281015306607266,1.0342489830971449
2018-04-17,1.6729767255467565,1.064501288992989,0.7731379506427234,0.6059581111037928,0.5158212036257626,1.014104885345554
2018-04-18,1.6845795130174097,1.0722679645644915,0.7803298342641655,0.6109942549056236,0.5219394006545999,1.0229693399984732
2018-04-19,1.690103621712827,1.0767032944990667,0.7840970506094371,0.614633375177307,0.5271151952431151,1.0287216754869581
2018-04-20,1.6582425877986846,1.0536686909694677,0.7664207275114422,0.5998706700641351,0.5148476529643905,1.007059981913883
2018-04-23,1.650833870487593,1.0493268544151895,0.7609596261449171,0.5952341879492421,0.5085335541337875,0.9998669740222644
2018-04-24,1.6793696848821542,1.067593275939813,0.7752181171330271,0.6074362336910677,0.5219938212989939,1.0199458691676933
2018-04-25,1.6853264483623656,1.0703972860141393,0.7775376845778351,0.610029133642396,0.5222744802252733,1.0227952617109195
2018-04-26,1.6557171783241633,1.0535419571984526,0.7636172774926812,0.5975968231823462,0.5110458798332729,1.003750308563701
2018-04-27,1.6581462334554045,1.0571239112617148,0.7643461161129809,0.5985902828932638,0.5105389502242672,1.0060605815995403
2018-05-02,1.6565449976224553,1.0547207084736825,0.7630449724202807,0.5966592363969005,0.5085010725882256,1.003614013588537
2018-05-03,1.67010595818485,1.063589347152055,0.7703692376070765,0.6020323697457689,0.5133999389785723,1.0126129335801906
2018-05-04,1.6721310913433505,1.0646185349884176,0.7698298545293786,0.6008784861582437,0.5123385761583644,1.0121059083210673
2018-05-07,1.6964934751811889,1.079589672415634,0.7828466126144595,0.6113650633276976,0.5225727606118845,1.028901087636607
2018-05-08,1.708739413666497,1.0855152760935158,0.787855369151735,0.6145099490417065,0.5266282315229122,1.036532215537861
2018-05-09,1.7152910049806254,1.0869111786430465,0.7880630052961333,0.6135696612739322,0.5248643364526755,1.0366369386192225
2018-05-10,1.7302865386102277,1.0944971922832185,0.7938673690468456,0.6155509954301666,0.5265302976725525,1.04275187740279
2018-05-11,1.715924619444994,1.0842546579005723,0.7874816880346931,0.6114315079524061,0.5212564597679756,1.0339066217451378
2018-05-14,1.7029951182771856,1.076381426930812,0.7833212253125649,0.6074180798802726,0.5208584421903686,1.028240734288503
2018-05-15,1.7174003211058622,1.0834725692612712,0.7872274603880188,0.6127118163805086,0.5262972452851442,1.0374323222717194
2018-05-16,1.7118861990439926,1.0799998909422663,0.7847039492244099,0.6110514348636537,0.5244987320179092,1.0341646653250487
2018-05-17,1.7066417030674939,1.0801982619578254,0.7828490681377677,0.6079897902340344,0.5211827976212615,1.0307362724447824
2018-05-18,1.7194312656195803,1.0890981950526837,0.7873023109178202,0.6112059007693323,0.5235765126754685,1.0371901568170392
2018-05-21,1.7397946053641589,1.1016485927672046,0.7960258410938742,0.6183046437212341,0.5297731631967152,1.0492002346267786
2018-05-22,1.7440483538644862,1.1038881422572564,0.7971435392583315,0.6191795950583993,0.5304310372514267,1.0521548336570894
2018-05-23,1.7282020908754374,1.0917139702454395,0.7886513595013626,0.6121989835385937,0.5221786928444347,1.0400337726280795
2018-05-24,1.7243319817730105,1.088121767986325,0.7888306626130913,0.6099640530724478,0.5210151983630782,1.037709199649804
2018-05-25,1.7092380348480718,1.079831352286805,0.7827103353395692,0.6047690838067659,0.515742179378703,1.0288324186650368
2018-05-28,1.6927524853211606,1.0702501975825456,0.776995354766386,0.6008326446213138,0.5144584200773895,1.0216688543449424
2018-05-29,1.6836435684656774,1.0635728410770977,0.7704286314346158,0.595595556566601,0.5087811054822154,1.014552096042534
2018-05-30,1.6275185135231807,1.0240403617566745,0.7415468685419244,0.5744708815623012,0.4946989907948416,0.9798261712163051
2018-05-31,1.6539918933261608,1.0393284601417843,0.7546417185681225,0.5851649969273675,0.5039131738818312,0.996697906807285
2018-06-01,1.6462359381611276,1.0320503904164775,0.750952168792896,0.5803050422823745,0.49659442014098065,0.9888419036177223
2018-06-04,1.645008047752471,1.0287313836731116,0.7491229762276597,0.5786939415373394,0.496969441371359,0.9871769396969682
2018-06-05,1.6578163048453387,1.038121085791836,0.7564466215608388,0.5876509229177113,0.5060781908660108,1.0002434759386651
2018-06-06,1.6591233484598398,1.0390670966298046,0.756926041484276,0.5890786278910272,0.5067943446832404,1.001478987113088
2018-06-07,1.6486325577719076,1.031273767600003,0.7510532366627717,0.5851387786615043,0.5046373144821059,0.9949646079472013
2018-06-08,1.6250911337521066,1.01526914236942,0.7399890470195027,0.5777747007450436,0.49924193340029044,0.9814719524539902
2018-06-11,1.6152796725074197,1.0095393504560457,0.7353317217286567,0.5734406051431183,0.4954693311142035,0.9749877484277581
2018-06-12,1.6233569983181182,1.0141562579342438,0.7392143377769494,0.5776310194196985,0.5018894393058584,0.9827325447826911
2018-06-13,1.5990272908718086,0.9964778891497644,0.7261411529270209,0.5677735592328113,0.49454164403782525,0.9666531306583438
2018-06-14,1.5909563229242643,0.9931383257658385,0.7232359134424764,0.5647663572197607,0.49275351440785436,0.9625328813865135
2018-06-15,1.5558906216795976,0.9723503447046642,0.708049468845547,0.5511368908762809,0.48381658686448636,0.942081020833173
2018-06-19,1.434900578207165,0.8959112615158475,0.655023461482584,0.5131925308054529,0.4563772344220248,0.874848971545497
2018-06-20,1.4459491032017882,0.9033097310846592,0.6578320726909781,0.5170814724358999,0.4633183689011665,0.8831884183453692
2018-06-21,1.4111266409128462,0.878429547614111,0.6406910967736281,0.5041240286116263,0.4549446494206608,0.8618496924430252
2018-06-22,1.4300369280830771,0.891656187733559,0.6486086205433228,0.5124171885845388,0.4614527098854326,0.8741853202928485
2018-06-25,1.4272092894734383,0.890367010190837,0.6446856239999723,0.5102729230940923,0.4570965573367212,0.870145779939027
2018-06-26,1.4403651211264819,0.8990265145322063,0.6493940279012473,0.5140063982188589,0.4574115775042655,0.8761054150162579
2018-06-27,1.436443196919137,0.8941694739683758,0.6454700782589089,0.5092179490122668,0.44948121262833735,0.869822535165407
2018-06-28,1.4286969502944975,0.8855304838188901,0.6394933026481294,0.5014691117000051,0.4431573589239236,0.8604988289403431
2018-06-29,1.4625352312575903,0.9071743075587849,0.656841959341841,0.5172821288389117,0.45790479992384164,0.8846046354662306
2018-07-02,1.4476289938042501,0.8954658321846978,0.6468823077541592,0.5094062958846683,0.44966464470073736,0.871958091647373
2018-07-03,1.4684086252556632,0.9084220453311327,0.6559050972344471,0.5161686378117348,0.4533957843602051,0.8831778240788056
2018-07-04,1.445725896346329,0.8961873778132888,0.6456135481252324,0.5075722322153111,0.4460560411237646,0.8702668942502891
2018-07-05,1.4142884006132483,0.8719674880934855,0.626614594238264,0.4923527756788804,0.4345170677659953,0.8469346820311014
2018-07-06,1.4182599708559205,0.8741807608941861,0.6286627577237742,0.493849797810243,0.4369522372836826,0.8498582844975187
2018-07-09,1.442391859546702,0.8904145808269852,0.6404466069613324,0.5058567865544917,0.4496186880905552,0.8681525022600725
2018-07-10,1.4505417161288359,0.8969040557250197,0.6457938178177554,0.510144056289423,0.4531043882573634,0.8746663219328791
2018-07-11,1.416118956424585,0.8739434964130187,0.6277516817185729,0.49687166532162935,0.4428043879642264,0.8533509223325176
2018-07-12,1.447506253256095,0.894357862202786,0.6446351733007452,0.5103148102157177,0.45547422136203664,0.8752113195517658
2018-07-13,1.4554157757108481,0.8975511588261819,0.647603474893908,0.5128507144819378,0.45699484315384914,0.8790530156576163
2018-07-16,1.4550450528836896,0.8978897254601933,0.6487002013270888,0.5130577174545577,0.45668384489611147,0.8793229856236225
2018-07-17,1.4608887026871276,0.901553807722447,0.650299729165076,0.5143688481232461,0.4561256710069343,0.8814142711454722
2018-07-18,1.4634929540340151,0.9005144511373059,0.6491821792475703,0.5121723815834479,0.45158799891698526,0.8794881568132634
2018-07-19,1.4477497110976314,0.8902665602735015,0.641849760706211,0.5057015027261161,0.4477828855550524,0.8699032205605082
2018-07-20,1.4649965433679601,0.9009999775477489,0.6502476256570474,0.5117974468617351,0.4534718100291337,0.8806570615270024
2018-07-23,1.4785187537014652,0.9103678001927428,0.6570205454361921,0.5172171665778429,0.45724896454554864,0.8892806016824565
2018-07-24,1.5087200160927612,0.9296614609421012,0.6703719738156406,0.5277328996864824,0.46575259171322025,0.9072208664575379
2018-07-25,1.51341972433271,0.9310849013092599,0.6730922409477279,0.5269629890535122,0.4665669763723434,0.9097462731778155
2018-07-26,1.5296786274997258,0.9390299314748604,0.6757339394787306,0.5264144137087479,0.46171996891230893,0.9118869006212434
2018-07-27,1.5280889908210125,0.9381533483967828,0.6743043496006642,0.52294285741766,0.4580187541225837,0.9084766145231439
2018-07-30,1.5088228355536846,0.9285114377499063,0.6661492912017428,0.5147496598514194,0.4524896206165421,0.8970812352576019
2018-07-31,1.5195670633892926,0.9307580447814395,0.6659584493794772,0.5162382074909835,0.45209600305336334,0.899103993166696
2018-08-01,1.498687203935297,0.9194474476152573,0.6541048972084758,0.5048281274198023,0.4429297515728466,0.8846839079430543
2018-08-02,1.459302864629002,0.8950354905622177,0.6350567941480584,0.49152163106825536,0.4336334719403997,0.8618069108966148
2018-08-03,1.4554041437482905,0.8908122543801955,0.6318102681775538,0.4868305111281993,0.4244818639631695,0.8543682135780415
2018-08-06,1.4365345711430217,0.8767852523361737,0.6198415581062175,0.4759752620589931,0.4145669359475781,0.8384241792599448
2018-08-07,1.4672366078002443,0.8992300470998489,0.6370890040687669,0.4898697669431445,0.42815307151143084,0.8613567849351236
2018-08-08,1.4557133517312364,0.8886101152354515,0.630615763600116,0.481960941548697,0.42016345667103294,0.8511716643355383
2018-08-09,1.4810952745253554,0.9038824405583245,0.6430590610306272,0.4918119215636345,0.4307134874735348,0.8681796519050627
2018-08-10,1.4869799601879057,0.9073951208066441,0.646347063342523,0.49552404247520926,0.433161184457585,0.8727291528964441
2018-08-13,1.4852595427109632,0.9067917377741076,0.6468396477461131,0.49625297114850064,0.4348157746932596,0.8734680296198796
2018-08-14,1.4861958335206038,0.9085340295653476,0.6471053556274118,0.4956874440588836,0.4336359784301011,0.8733118177065188
2018-08-15,1.4639712559433298,0.892663749833665,0.6339754767949043,0.48494500507652505,0.4235317827400282,0.8571281385127615
2018-08-16,1.4542943287880354,0.8856023770923878,0.6287070001905816,0.47913442230591663,0.41763408054279355,0.8487728529580616
2018-08-17,1.4328012663822427,0.8713749942702557,0.6183025192882248,0.46938217776298263,0.409478837839981,0.8339578539990725
2018-08-20,1.436622637763357,0.8739063545992715,0.6207647864859464,0.4716815189706828,0.4127912737474464,0.8377183788124568
2018-08-21,1.4494583458621622,0.8817654310150153,0.6270454269665087,0.4774949476160591,0.419606011267876,0.8472491008458156
2018-08-22,1.4333087865248508,0.8729468810838411,0.6201061613164954,0.4716567438351696,0.41465630449039387,0.838560987802103
2018-08-23,1.4395717704152748,0.875447286334906,0.6228989093544252,0.4739036803244438,0.41697547496835163,0.8422669172009761
2018-08-24,1.4376850968471788,0.8749373039811796,0.620928639027155,0.47317259841004844,0.41552911833993844,0.8405707278419022
2018-08-27,1.4592658930246203,0.8882791268488155,0.6320009691611262,0.48305586199544964,0.42685061181791095,0.8567488542380506
2018-08-28,1.4616059345192471,0.8898771715209332,0.633182384438149,0.4836641662239304,0.4274033862827102,0.8580897892667458
2018-08-29,1.455337402339383,0.8850469454055758,0.629405361004701,0.4801126027703969,0.4243089489421354,0.8537600079631655
2018-08-30,1.4402025473668758,0.8742961833694344,0.620438123938025,0.4717133812350015,0.4171680100098654,0.8416169739834347
2018-08-31,1.429691530216485,0.8665569321996555,0.6147597033049861,0.4663358275626122,0.4129136230163798,0.8337229241015706
2018-09-03,1.4241129215188986,0.8651877679362688,0.6135616108833588,0.46674090082092184,0.4138474528592351,0.8330058413423629
2018-09-04,1.4380071933000098,0.8737912060915426,0.6203173846973336,0.47356105238916846,0.4191926983311443,0.8427083803288894
2018-09-05,1.4228705108137658,0.8624656454473153,0.6118516672801952,0.46628729247574374,0.41157844708599556,0.8316241675486299
2018-09-06,1.4178993078956605,0.8586910656280787,0.6087961511063102,0.4636197474000709,0.4086945337739723,0.8273674968376225
2018-09-07,1.4225374414114453,0.8625502424269386,0.6110848790086572,0.4661150701402343,0.4102917228596184,0.8308114357267642
2018-09-10,1.3995861237915037,0.8488383244808962,0.6016640261637444,0.4581338404966332,0.4020552362430624,0.8167457521124274
2018-09-11,1.401006864491874,0.8504744887443313,0.6020360365351876,0.458792021818827,0.4014114019782468,0.8172998412018805
2018-09-12,1.4035312679684202,0.851737289367461,0.6020406911429178,0.4587487331732963,0.39916260039765783,0.8176327948126919
2018-09-13,1.4151024012646138,0.8591130322181265,0.6077005045944611,0.4630673676918199,0.4021203084523991,0.8246851971548886
2018-09-14,1.4091214686330815,0.8560131965918761,0.6044406863104701,0.4599251360293276,0.39704246718399994,0.8193052941172444
2018-09-17,1.3901854671173528,0.8441833093797403,0.5951767777984192,0.45228376777462637,0.39059501295539445,0.8069441330392012
2018-09-18,1.4085193400165785,0.8559706458672366,0.6050394530603631,0.4607228323740914,0.4001937009769311,0.8209785110338831
2018-09-19,1.4203240975431979,0.8633577803711516,0.6109769712842282,0.46605995609568157,0.405764880413067,0.8303296810123537
2018-09-20,1.4186594298241961,0.8625503972989936,0.6106974782282955,0.4661235594566883,0.40538276898197095,0.8297698783195981
2018-09-21,1.435194819467152,0.8727302234251817,0.6187139461292466,0.47251001296458073,0.4125670447459863,0.8410553442791212
2018-09-25,1.4316588741558471,0.8694810343450992,0.615908817029421,0.4704340414069436,0.4114141741564933,0.8380433528464815
2018-09-26,1.434901585401799,0.8717014354369472,0.6170131903995553,0.4724320873632441,0.4151299223996084,0.8413765817780798
2018-09-27,1.4145041587664546,0.8567673407683046,0.606210897837343,0.46399292620171834,0.409884923263187,0.828826346179499
2018-09-28,1.4262313166770706,0.8641390787796228,0.6122277026132078,0.4692055360231853,0.41323040254956594,0.8364871602829448
2018-10-08,1.3879543704531112,0.8414594354722646,0.5937462177564159,0.45431506146884065,0.39686996093787935,0.8106231278527013
2018-10-09,1.3920628021378385,0.8429885778607598,0.5955161793142635,0.4554718377692521,0.397323840433642,0.8124789183793715
2018-10-10,1.3962914899848808,0.8454946291047325,0.5961418346603425,0.4561337603427787,0.3964842833579355,0.8135191951264598
2018-10-11,1.2879390432708677,0.7804169962205354,0.5479598669628608,0.42068910918291647,0.3706174509100149,0.7527115678887166
2018-10-12,1.27297349050351,0.7684531581336377,0.539727858988897,0.41649928910924605,0.3719555668189186,0.7454388088186321
2018-10-15,1.2581759810068192,0.7596079787225333,0.5314820425065762,0.4096799538228169,0.3650710292940017,0.7345116945947574
2018-10-16,1.2372806479546694,0.7463571941167539,0.5201782515292576,0.40109816853472885,0.3577679641281661,0.7203696875600664
2018-10-17,1.2474109690827777,0.754181186196867,0.5259156818301657,0.40447980338913764,0.3596575436204676,0.7266236141565587
2018-10-18,1.2127999053178105,0.7310789318233748,0.5094442134472079,0.39063367285577955,0.34577967602950294,0.7036712723602793
2018-10-19,1.232243452997197,0.7438891566125416,0.5195698352300427,0.3997142625903173,0.3543931899642453,0.71796667171513
2018-10-22,1.291858917197434,0.778998678413588,0.5451058331926086,0.4212028734205645,0.37314311300216124,0.7540643471855383
2018-10-23,1.2805731416970974,0.7705982430783413,0.5374017890154161,0.415700639603329,0.36668467926081444,0.7444099790907033
2018-10-24,1.2885222954347382,0.7742764591188461,0.5396912965372683,0.41705108377058414,0.36581017418362194,0.7468086236941812
2018-10-25,1.283703314552799,0.7696905580969343,0.5369928921994731,0.41563751166262036,0.3638714915490953,0.743974867089826
2018-10-26,1.3005974872422734,0.7790576773161062,0.5402946862699519,0.416604424428189,0.362416403873065,0.7484090651368338
2018-10-29,1.2870888865386956,0.7707042522036747,0.532701721504336,0.4093432394261126,0.3543623323176951,0.7372097668624505
2018-10-30,1.3036294995960616,0.7797284693151272,0.5390351239269716,0.4156603098433386,0.3578465278307362,0.7463083659834154
2018-10-31,1.3242883022496004,0.7906859915635028,0.5474676797507534,0.4224260812280343,0.36347742272410377,0.7578847717792552
2018-11-01,1.3264415800396008,0.7918344415513141,0.5499180621864233,0.42470424058354894,0.36594331541377473,0.7615790033442843
2018-11-02,1.3564971492463223,0.8110380756411334,0.564598440246823,0.43712648483709343,0.37818790654500267,0.7823420788145329
2018-11-05,1.3718201618670853,0.819240834609539,0.5716064327258971,0.4412708281566789,0.37958846870849605,0.7896971104301496
2018-11-06,1.3775908493918405,0.8217271627544442,0.5729103297240491,0.44190466036008863,0.37780219332859877,0.7906847335897448
2018-11-07,1.3742618922520615,0.8186891619007943,0.5707221801380904,0.44038106123676984,0.376106968295855,0.7878591699599893
2018-11-08,1.3796945502866196,0.8191732134101647,0.570119457773088,0.4400778901496416,0.37389462631632947,0.7881488820748087
2018-11-09,1.3783485524302699,0.8179065192184661,0.5699241763033606,0.439283812847844,0.37068747463409857,0.7860613928850049
2018-11-12,1.4180252133346611,0.8428701399556844,0.5868164966338539,0.4524695196623152,0.3794441272028034,0.8084777067178895
2018-11-13,1.4539043397749074,0.8621603817079272,0.599400398397463,0.461851131582755,0.3854242395154188,0.8256394088670015
2018-11-14,1.4544161917231277,0.8634931028382251,0.6002796159375641,0.461856431835286,0.38333231634960674,0.8253009240371025
2018-11-15,1.4775091610382813,0.8764908369373198,0.6089977800220231,0.46834827638375875,0.38961495710691346,0.8387640605796838
2018-11-16,1.49506734312495,0.8864353103221445,0.6166082759544496,0.474171716361072,0.39414112103304727,0.8487916618762881
2018-11-19,1.504882033480744,0.8947217681954869,0.6226066887005349,0.47702302959575177,0.39497162730159674,0.8545218584964183
2018-11-20,1.4672680655009984,0.8690857292363436,0.6051462056869337,0.4633202017880823,0.3837202521360832,0.8307827246348185
2018-11-21,1.4843024548249737,0.8770066335946147,0.609249628841944,0.46763031876715566,0.3865957081904364,0.8381443208544962
2018-11-22,1.4909972590882667,0.8780715323231677,0.6087154400856968,0.4669651911971475,0.38592384507592736,0.8393383937118638
2018-11-23,1.4318536019144292,0.8395413219035927,0.5822640286546105,0.44688498861093556,0.36849837758910364,0.8032207594133419
2018-11-26,1.4331274811568044,0.8396891484929851,0.5828909194605454,0.44609118384126456,0.36756941280025557,0.8028740944742042
2018-11-27,1.4482199338824273,0.8465425865319396,0.5865681429738389,0.4486665585360319,0.36937772419159837,0.8086059994190099
2018-11-28,1.4641087496484664,0.8574846027247727,0.5943979806181932,0.45377090924243674,0.37199038711666876,0.8176123608196855
2018-11-29,1.4366017040604806,0.8368710838620427,0.5802791800413938,0.44181940394908903,0.3621854812155577,0.7989773981912122
2018-11-30,1.4433162972098745,0.8427695735080946,0.5842157298699843,0.4449239072090805,0.36380860238920243,0.8037730968140059
2018-12-03,1.485299437164945,0.868465133933491,0.6032046444566286,0.45934333915407066,0.3752831642563211,0.8288548667106336
2018-12-04,1.497566917873337,0.8752745326826371,0.608522975675478,0.46292764957032084,0.37926016624015435,0.8360354709906299
2018-12-05,1.4862155603940388,0.8696332799349089,0.6030911494755051,0.45914757553300467,0.3739580089088873,0.8284954106322668
2018-12-06,1.4667830846019012,0.8568264955077004,0.5925783780772272,0.45005311335287174,0.3656603007324213,0.8149279929585141
2018-12-07,1.4690814320324044,0.8582335394229648,0.5932936330240041,0.4506601923708203,0.3650593914180221,0.815600009744417
2018-12-10,1.4496493071091316,0.8464789688341687,0.5858456209676264,0.44504008429005976,0.3611611128567193,0.805384123823794
2018-12-11,1.4599962693591584,0.8524790316293681,0.5905406916233538,0.45002924361483126,0.36475995222198043,0.8123768049278874
2018-12-12,1.4626652099906805,0.853969206711042,0.5922324526375595,0.4497306505341782,0.3645972333752362,0.8132432552301893
2018-12-13,1.4726169117856804,0.860558134074024,0.5969823496215364,0.45361676149681107,0.36771293037971564,0.8205603838942583
2018-12-14,1.4416923701268196,0.839703979881038,0.5821308504674809,0.44190503228834005,0.3579407130001544,0.8004563308797261
2018-12-17,1.4392080217440892,0.840678138043272,0.5825200257415705,0.44220511634779763,0.3583851638211589,0.8007802898739256
2018-12-18,1.431282312966989,0.8358607895580176,0.5785649014402356,0.43909137857289354,0.3558689555954331,0.7956410881164698
2018-12-19,1.4157153807956437,0.8271932106245089,0.5722370876856114,0.43354516250717784,0.351567585148701,0.7865864660404915
2018-12-20,1.4190862546732705,0.8288978403129433,0.5733735489160471,0.4351827092278977,0.35252830982376465,0.7894979981943351
2018-12-21,1.4116946337222853,0.8235881038876871,0.5692930244869814,0.4312283692465907,0.34820174254232156,0.7831675080461864
2018-12-24,1.4225846009121943,0.8300859339727589,0.5739982881671031,0.4342424905601315,0.3502232779995439,0.7889102720427583
2018-12-25,1.4038962244709523,0.8185858519058193,0.5662909612580557,0.4282119913499547,0.34717334798528543,0.7789685388888686
2018-12-26,1.4059443145345143,0.8193625501107896,0.5659793799423036,0.42729912596191605,0.34599894629263883,0.778398700644868
2018-12-27,1.3855119787076886,0.806512441014435,0.5570224466327379,0.41993027190565535,0.3404576189716264,0.7668042215421184
2018-12-28,1.3876647699156222,0.8087660203706679,0.5589105654457104,0.4206292062658308,0.3408110800611709,0.7684049488974574
2019-01-02,1.3881819598345928,0.8061479852422925,0.5569861091789968,0.4188807592196641,0.33917954714600107,0.7660611983066419
2019-01-03,1.3897818854676114,0.8046740287011122,0.5556553390482781,0.41756797950232494,0.335308107786439,0.7633622836752216
2019-01-04,1.4223906081490345,0.8236412359585356,0.569234314401768,0.4289192955877834,0.34441010852984183,0.7825689751240665
2019-01-07,1.44984185372162,0.8389765818506274,0.5799774628300605,0.4368553724003598,0.3504042420127801,0.7977819612636787
2019-01-08,1.4528192083992137,0.8398014858078626,0.5798898652453464,0.4358489074688255,0.3493806059777428,0.7974087133084776
2019-01-09,1.4583975594343737,0.8426373016519219,0.5817270816002982,0.4375151253365793,0.35208671340108866,0.8009107302290529
2019-01-10,1.4577173809727388,0.8433208834587826,0.5799592926247653,0.4363393300789052,0.3512429870693229,0.7996649451522575
2019-01-11,1.4704157342051483,0.8511630371237869,0.5849934015958352,0.4398911423970741,0.3529493076326483,0.8060116686106427
2019-01-14,1.4674105729488303,0.847021482419909,0.5813631958727961,0.4369706099328183,0.35133784893709713,0.80297410100284
2019-01-15,1.481437720520905,0.8558948968437743,0.5879284946605234,0.44191455668514046,0.3555925366675323,0.8117669420563393
2019-01-16,1.48345526610529,0.8553969232867149,0.587128716282986,0.4411105867119291,0.3534069093342991,0.8103790254836408
2019-01-17,1.4694968128086947,0.8476049716140647,0.5815404763331223,0.4377340212873515,0.3512160490467028,0.803589971620227
2019-01-18,1.4783643304952663,0.8529941764920901,0.5862116508867914,0.4409792681048867,0.35268107534436477,0.8087337150528825
2019-01-21,1.485087305199733,0.8573860701300987,0.5878142289712743,0.4427976697189184,0.3544101629928483,0.8131193869895014
2019-01-22,1.4736549981809408,0.849167053314073,0.5829281115846664,0.43732857777600026,0.34976014579078984,0.8048152905967387
2019-01-23,1.4754272754916127,0.8513742328219474,0.5841905115396082,0.438028247319723,0.3501815127380461,0.8062270962934124
2019-01-24,1.4815532854015656,0.8547765992125919,0.5860728941153316,0.44012122870264114,0.3506823232149008,0.8090618156635815
2019-01-25,1.4720477647061452,0.8495168110106436,0.5825331505619255,0.436939111685218,0.34813752181847163,0.803706556113696
2019-01-28,1.4608082288764368,0.8428825100352294,0.5775725262442805,0.4328928724506624,0.34552043167256646,0.7980782960472858
2019-01-29,1.4340587149246988,0.8277338985222993,0.5671882353718066,0.4248709380666533,0.34068841934653804,0.7842278170012388
2019-01-30,1.4182476213889048,0.8171793534524905,0.5600213693274761,0.41853084309310384,0.33453136127222166,0.7733411976284592
2019-01-31,1.3918040253606077,0.8005601143828298,0.5493316310090246,0.41155946839188695,0.33057295607033155,0.7599543752952934
2019-02-01,1.425254106652003,0.821347586687458,0.5647451585132297,0.4232787178406296,0.33913329511358825,0.7800814744272032
2019-02-11,1.4550442510427306,0.839606335653283,0.5783801319395481,0.4342610505593006,0.34956127686665434,0.8002182721877236
2019-02-12,1.4759648311599949,0.8511980193052674,0.586966221327723,0.44059419570248626,0.3544749734071391,0.8116885378403497
2019-02-13,1.4989051235481314,0.8650245983445691,0.5968739725506883,0.4480503143594085,0.3610206577946779,0.8253337632310076
2019-02-14,1.5066280630657785,0.8687578089937119,0.5992751410462923,0.4494475857468245,0.36378646435789813,0.8293400417094456
2019-02-15,1.5099078088847635,0.8689141088801873,0.5983482383461262,0.4483867702065698,0.36118292047215855,0.8278958334243943
2019-02-18,1.5526081408703434,0.8937532289582203,0.6169943952758404,0.46286001889394585,0.3748231554217822,0.8549300676911077
2019-02-19,1.555696970081379,0.8977548033805074,0.6204197021660001,0.46516234334016804,0.37679691070406673,0.8587359212662515
2019-02-20,1.5633683642458505,0.8999952491228878,0.6221693973458629,0.4656444064767653,0.3774687029797519,0.8609800022554336
2019-02-21,1.558828008748802,0.8961039466627868,0.6191733013776671,0.4647634714679177,0.37764558988034985,0.8586610873687202
2019-02-22,1.585186781291237,0.911787070650912,0.6321014001669863,0.4756950813244853,0.3885146057404538,0.8771381377763995
2019-02-25,1.6525308611079763,0.9522659674045205,0.6633632543859146,0.5008897292008025,0.41059972692764646,0.9211842486947708
2019-02-26,1.6556639006652456,0.9545817253343306,0.663705194278774,0.5003374597773497,0.40684932806979773,0.9201892797230403
2019-02-27,1.6587315040029602,0.955941402063834,0.664487345813771,0.5003013742769605,0.40433643064081587,0.9198585210053142
2019-02-28,1.6718862378313826,0.9614288819880272,0.6679341739207918,0.5022800675306801,0.40408733400249425,0.9239418563286063
2019-03-01,1.6793027182883122,0.9652395927601706,0.6712254399929002,0.5045397788223644,0.4083397417629664,0.9291816090013276
2019-03-04,1.7001791221352613,0.9780278308470278,0.681517732851736,0.5134471823828262,0.41607364242944445,0.944527092480419
2019-03-05,1.7351547262126223,1.0014849452748964,0.6982429992790345,0.5290536222292325,0.4259243154939775,0.9677922555684058
2019-03-06,1.7738639062068176,1.0216770191144178,0.7132478726336424,0.540345876865591,0.435004715372228,0.9884305935382575
2019-03-07,1.8040235752519014,1.039447415254256,0.725532470996394,0.5493037850436658,0.4397904092947643,1.0040856169461783
2019-03-08,1.7193328136693056,0.9900268852592177,0.6893462763390604,0.5227844613641741,0.4192777751916595,0.9560337919063829
2019-03-11,1.7881475339878337,1.034366996913038,0.7190936826727857,0.545108128029868,0.4326283830271972,0.995499275353175
2019-03-12,1.8186364803175987,1.0532184097109538,0.7312543389126541,0.5566321191034692,0.43990590034217386,1.0134466362699777
2019-03-13,1.7988979858493361,1.0416888327056617,0.7219480779705325,0.5468269758269825,0.4305311850973459,0.9985582182082121
2019-03-14,1.7532033142727783,1.0172684056570134,0.7027409473789142,0.5317692461448799,0.41801565554338166,0.9721844215951121
2019-03-15,1.7929288397999252,1.0361345638599344,0.7176176109471604,0.541491318165687,0.42254907163731875,0.989975657475162
2019-03-18,1.8353572386179964,1.0592995442698547,0.7337034920559332,0.5532070756137698,0.4332032006862421,1.0137769408618984
2019-03-19,1.8440755877379167,1.0629027949619279,0.736404078190781,0.5543787646713209,0.4352053671167382,1.0175433497686144
2019-03-20,1.8556025655497934,1.0673245295103975,0.7378586371829572,0.5533938057897748,0.4351043531702105,1.0196559420673492
2019-03-21,1.8754525239207682,1.0792873168661055,0.7459237715340136,0.5603037180744005,0.44081346175484587,1.0315742931333458
2019-03-22,1.8917992702860307,1.0884750647466994,0.7511391954133639,0.5634445154942187,0.4412876931700449,1.0379491450649043
2019-03-25,1.8868989881042322,1.0771794714073668,0.7420367149728104,0.5562824174601049,0.4344511574426419,1.0281290658234234
2019-03-26,1.8429978169724104,1.0498446140575788,0.7226700141377596,0.5400175533389134,0.42345910078018967,1.0015465160145114
2019-03-27,1.8587325478622234,1.0564863310805284,0.7286967309900937,0.543441329626721,0.42622954690666426,1.0087754109133524
2019-03-28,1.839695274185058,1.0452223891012975,0.7188973015887588,0.5351336593932171,0.41852320140229854,0.9951140819284944
2019-03-29,1.8793854989620133,1.0712622629783215,0.738087230888232,0.5504274411638148,0.43296614701478575,1.0222326120955165
2019-04-01,1.9389847224006909,1.105237427753557,0.7633075252136706,0.5701313131590096,0.44907431544481996,1.0582797754902875
2019-04-02,1.9506027571370752,1.1101895887632678,0.7681267936585322,0.5725112838185621,0.45230056400705126,1.0642367805210553
2019-04-03,1.9794319623770233,1.1252184235922609,0.7786715861594937,0.5793088535496117,0.45525288717875295,1.07710241310897
2019-04-04,1.9885512269539936,1.1312755100682312,0.7826746088537385,0.5822345136971544,0.4577730198783131,1.0826423416943805
2019-04-08,1.9909765765987786,1.1338998960341091,0.7796208752393066,0.580636109633984,0.457274060799968,1.0817334799335714
2019-04-09,2.0020418056502254,1.1378575317627804,0.7796900027743763,0.5819753057236798,0.45784383127721895,1.0857337938194425
2019-04-10,2.010168025722295,1.1408254724839815,0.7804722989911257,0.5825319891869427,0.4554175631127432,1.0864552966976089
2019-04-11,1.982195013759471,1.1262030875398923,0.767831822832011,0.5727086578072629,0.4455132173787726,1.0687360260700196
2019-04-12,1.9830287312396786,1.1259436462509456,0.7679252690108308,0.572105247255115,0.44575251208424177,1.0686927552575343
2019-04-15,1.9727739710808465,1.1182737311859627,0.7616413569237198,0.5671324561440789,0.4414152695384607,1.06044514269536
2019-04-16,1.9989488179228752,1.1350538272708761,0.7744372429713963,0.5773994988866822,0.4520852144236392,1.0802811986810894
2019-04-17,2.017946588953822,1.1464032883853985,0.7805912621613879,0.5821349325777828,0.45576574533676384,1.0897427702307847
2019-04-18,2.0100361939827676,1.1410196388607174,0.7742096302583615,0.5779055288131401,0.45309149643213503,1.0832217161686801
2019-04-19,2.0220249234196785,1.1497399972887896,0.7802570385452451,0.582016326664428,0.45666879372067615,1.0911130485281975
2019-04-22,2.006828682475157,1.1384487077550376,0.7698919093413611,0.573591233229298,0.4494944721969702,1.0778442414335767
2019-04-23,1.9716365620095058,1.114410080146557,0.7561305572205573,0.5629894973973797,0.4429949386716603,1.0598598517875315
2019-04-24,1.9885212168326607,1.1262172466244136,0.7610776710390922,0.568039590780515,0.4473044617027898,1.0692705966877873
2019-04-25,1.9152116812752393,1.0823198681749724,0.7299565231138844,0.5429141274384028,0.42954318988705786,1.0263568302546013
2019-04-26,1.8947813983484723,1.0683345490265999,0.7208658877689424,0.5352800792517887,0.4228676474872817,1.0128820993774275
2019-04-29,1.8356665716653449,1.0367238586390315,0.6946089710908003,0.5162390600135941,0.407016387506392,0.9783884644726728
2019-04-30,1.861594535004395,1.050179224780474,0.7026608889413616,0.5212486667123938,0.4096898749871788,0.9901562609795348
2019-05-06,1.7367034408498068,0.9741706382159846,0.6510176629379557,0.48152712823283583,0.377965849433177,0.9175579053553721
2019-05-07,1.7730290896470997,0.9926995893228481,0.6612741277608669,0.4888403723358554,0.38281033756604216,0.9329170997317565
2019-05-08,1.7756791271095176,0.9934496873638105,0.660657610299943,0.4876493725062219,0.37916694842409543,0.9309326132184894
2019-05-09,1.767683104195482,0.9881859945679545,0.6546077281380085,0.48131256731914746,0.37394308682532074,0.9224181840223353
2019-05-10,1.817760002054356,1.0159314719998118,0.6747734683002046,0.49752894446005125,0.3896175800265269,0.9534147117383016
2019-05-13,1.8169323619501783,1.0146404996383895,0.6719788261497188,0.4950007349144176,0.38528727302057586,0.9492075942509117
2019-05-14,1.8037405574463796,1.0054405474888854,0.6667697984285201,0.49124352146983097,0.38381359598885345,0.9424692347071928
2019-05-15,1.838630953016655,1.0270266574111497,0.6817335762973445,0.5025072866674812,0.39422233842410825,0.9638261920892498
2019-05-16,1.8553850306156328,1.0376830082130055,0.6877765618184806,0.507332993402268,0.39622582288574415,0.9721223649386566
2019-05-17,1.7893108024353834,0.9984050249618246,0.6622830480885084,0.48866865737971643,0.38178131227956097,0.9372299439180202
2019-05-20,1.7841000920504198,0.9955026862064827,0.6599774546330365,0.4854124167931603,0.3773785002843453,0.9320758970051573
2019-05-21,1.8154450545561078,1.0140158452024195,0.6717868712485242,0.49441947014599563,0.3855824402677577,0.9496649662142634
2019-05-22,1.8031191937049327,1.0074827551160488,0.666831864995599,0.4904104688104148,0.38358544055502597,0.9432270408371599
2019-05-23,1.7698545414297329,0.9894716758383612,0.6533332371580137,0.47915100303347025,0.37353541460301254,0.9232819158298856
2019-05-24,1.7646673370051746,0.9845296307419069,0.6500841419153859,0.47505757173746643,0.36948562676805025,0.918079897969339
2019-05-27,1.8059328156606465,1.0083692283917203,0.6672392647227707,0.4869556298920737,0.38068912703505386,0.9418324308311593
2019-05-28,1.8077790753460539,1.0087195603748518,0.6680049413054951,0.4868764572718138,0.38272490393178643,0.9432843598696032
2019-05-29,1.817564243764664,1.0116504141528038,0.6695905089108459,0.48872800547559503,0.38395070933046455,0.9466232836954888
2019-05-30,1.8089155007168054,1.0059819438776707,0.6670654277946692,0.4852217229240475,0.3818261570286502,0.9415424941737036
2019-05-31,1.8111296308945493,1.0055187520663225,0.6646327252192655,0.48387069289309176,0.38048064318040103,0.9406634300734554
2019-06-03,1.7903282642138434,0.9932515324453036,0.6547334180875415,0.47696899414412525,0.37548331849963706,0.9282509332835843
2019-06-04,1.765154692097009,0.9786214426656923,0.6458020883416663,0.4692035511963379,0.36894599238924985,0.9141187261352043
2019-06-05,1.7702011815853085,0.9808403410859741,0.6459983751836289,0.47065915335535374,0.36791921888392376,0.9151698815158384
2019-06-06,1.7339464872064265,0.9594293645155785,0.6313099406780428,0.4594513216934216,0.3598660161312975,0.8948990698414643
2019-06-10,1.748714583866344,0.9675620567780825,0.6383705908275659,0.4647216467990655,0.3641016116275075,0.9049217862736472
2019-06-11,1.8023581812255005,1.001171577955577,0.6600157643517083,0.4821474417785261,0.3790198277347698,0.9370984489669371
2019-06-12,1.795330016616601,0.9977358443508539,0.6556758434980678,0.47940418644270666,0.3775022078072929,0.9326751625999364
2019-06-13,1.8092170646223027,1.0055047735558649,0.660606536497547,0.4826522220274775,0.3789485622926235,0.9389513289401202
2019-06-14,1.7800308635571,0.9868595069839756,0.6481362740851457,0.47250102201748406,0.37032167235387536,0.9206702579293695
2019-06-17,1.787038480358752,0.9886863031424018,0.6470686054132385,0.4727977100677086,0.36955305117274867,0.9219964896327894
2019-06-18,1.7860359571411397,0.9884372838194342,0.6467599613293475,0.47208688301400314,0.3684211467686713,0.9209163985671952
2019-06-19,1.807624940040014,1.00220143326246,0.655966581131787,0.47853259781852897,0.37337654446934737,0.9333212495530282
2019-06-20,1.8322521896443156,1.0178164913151704,0.6671566383135291,0.48648320497105557,0.38087258416508635,0.9488062753537198
2019-06-21,1.8596643943836226,1.0335412716672523,0.6777246873143009,0.49382437829263703,0.3848186947180337,0.9624118280975615
2019-06-24,1.858898276902948,1.034892985789838,0.6776710201294623,0.4933426931595363,0.3851090781514771,0.9634355786691164
2019-06-25,1.8440396161748782,1.0251799809671016,0.6714588230554278,0.4890880690332025,0.3816258651968578,0.9549159993768286
2019-06-26,1.8460182752153227,1.0268736934120628,0.6713525256688254,0.4893687164216998,0.3788154548165884,0.954109346767887
2019-06-27,1.8527227080828772,1.031212450565634,0.6754988021507806,0.49259499828858055,0.3826945789036624,0.9599992419945637
2019-06-28,1.8313789273791274,1.0209317788407841,0.6666831647114057,0.48665820221952133,0.3782144683312786,0.9488058200572217
2019-07-01,1.8738384317229104,1.045429553944126,0.6848187759746862,0.5002563481916273,0.38879941374065513,0.97447746214866
2019-07-02,1.87513991972693,1.0472536190443127,0.6846401642514222,0.5003634711850085,0.38774674118433494,0.9744161054963894
2019-07-03,1.8635458623904313,1.0392031951118614,0.6786649912058828,0.4967911457198436,0.38332723159863263,0.9663995711120537
2019-07-04,1.8649236458213945,1.0389480095564174,0.6780647200829637,0.49508867929543865,0.37983638857242974,0.9639015576223374
2019-07-05,1.870897580824902,1.0420152676109382,0.6795964567374319,0.4965167809589851,0.3812794220870266,0.9668121930836636
2019-07-08,1.8140014997993699,1.0065046916456066,0.655354921434699,0.47877393971356325,0.3680833979737027,0.9349184958671591
2019-07-09,1.8191563604708372,1.009603199807662,0.6580353064790718,0.48102707356966046,0.36914637368783193,0.9382101720930063
2019-07-10,1.8105180070007707,1.0041137681138514,0.6533079012533377,0.4771048027572686,0.3662784488690012,0.9319630228152564
2019-07-11,1.8159858725970965,1.0055184820643424,0.6533182666453476,0.47699520325894235,0.3658049254136924,0.932505866414977
2019-07-12,1.8253274406296494,1.0121295822106995,0.6554936111175402,0.47844128464646896,0.3665661980938523,0.9362659753060965
2019-07-15,1.8368694233047211,1.0190991349293388,0.6591316751619376,0.48193911571483256,0.3707133002457746,0.9442069489529311
2019-07-16,1.8441309235719006,1.021498016841344,0.6610893798489087,0.48398902276243433,0.37061784645452134,0.9467133654026855
2019-07-17,1.8442841117757627,1.0207647458424305,0.6615440156073987,0.4837518469557966,0.3711704914927282,0.9469127642764321
2019-07-18,1.816320800667474,1.0024081950015722,0.6498001648011582,0.4758311112090802,0.3650667033611956,0.9310588383396263
2019-07-19,1.8240612671513527,1.007677958833473,0.6537661457154917,0.4783115587530647,0.36753870917844544,0.9361992574033924
2019-07-22,1.776277426223793,0.9789392524330521,0.6363208164501489,0.4646132695450531,0.3568097208474617,0.9110337876273277
2019-07-23,1.792532908110864,0.9895797004806524,0.6437548717343167,0.47085594622625054,0.36079401729517285,0.9212924180949258
2019-07-24,1.8110800554982045,1.0005367395960176,0.6513616473697279,0.4761915614227428,0.36483181255730396,0.9315661631076638
2019-07-25,1.8129970542640035,1.0017456402334743,0.6527379112332152,0.4774808939287566,0.36688457835252974,0.9339354956011626
2019-07-26,1.817911224594949,1.0035996675411598,0.6545726864882984,0.4781705190354761,0.36688567834726954,0.9355825719158108
2019-07-29,1.8134886919979558,1.00093233502526,0.6532691175203412,0.47724710184845653,0.36670573434368364,0.9346714764880574
2019-07-30,1.8234619018825284,1.0070367791938237,0.6573695082821849,0.4797787071080878,0.3680058495614553,0.9396673395577008
2019-07-31,1.8134594687516892,1.0009117034071096,0.6523553614008506,0.4762521461040564,0.3654294191192931,0.9333632333860182
2019-08-01,1.8060887652938944,0.9969127235575569,0.6486445948804656,0.47347636821194644,0.3627885504930787,0.9283602837547725
2019-08-02,1.7745249934303071,0.9792438053971417,0.6378640196817135,0.4656954349832106,0.35810995696248676,0.9132925600615954
2019-08-05,1.7540036564876567,0.966963107154171,0.629680671796244,0.4596368895165726,0.3538436127425552,0.9028593932065228
2019-08-06,1.6970235594133865,0.9342497546079355,0.6093001142831158,0.44658991082923943,0.3469784231150544,0.87641221730275
2019-08-07,1.6949763157040771,0.934590781745527,0.6088137613023298,0.44600602896917424,0.34489766422688023,0.8748436390010265
2019-08-08,1.7029498653036956,0.9383067885060723,0.6113062982605545,0.44841630850975567,0.34783933934500055,0.8795170833611324
2019-08-09,1.6859294432099547,0.927870521440031,0.6044689904973168,0.4432430604089442,0.3430821354479908,0.8693998781804438
2019-08-12,1.7070495171366231,0.9390324806456349,0.6133734071756874,0.45007486699110416,0.3495704366879761,0.8829482857184248
2019-08-13,1.694821250279328,0.9336113773611494,0.6097262048185538,0.44745642879483555,0.3488769061418226,0.8782364193243197
2019-08-14,1.7049768077225451,0.9396627145387418,0.6132518465537173,0.45106363242515657,0.3497593830738918,0.883302326614837
2019-08-15,1.7062673279504719,0.9408887682571732,0.6151869536481627,0.4522407214663508,0.3514571240450332,0.8855429146253083
2019-08-16,1.7154694514963298,0.9462274630382377,0.61739695674959,0.4536549334001747,0.3531687598622815,0.8895557303671784
2019-08-19,1.7583027706635093,0.9725658061175965,0.6355223860772655,0.4668538025456767,0.3632644640893403,0.9152176327515326
2019-08-20,1.7610249938101243,0.9766699748469369,0.6378608558486935,0.4678429076279394,0.3638641241813887,0.9176365826837708
2019-08-21,1.7643315541181566,0.9800152292255655,0.6394363604015594,0.4683639026201031,0.3629333822226103,0.9187975987820999
2019-08-22,1.771149917035188,0.9850682920474104,0.6426221804883259,0.4704824935309547,0.3637140254579562,0.9225969319234666
2019-08-23,1.7678140797405297,0.9843574010983485,0.6409960002986864,0.4700428486755961,0.36347789728665747,0.9213575136674165
2019-08-26,1.7525719804028614,0.9768251579204633,0.6356541685496443,0.4668492181063251,0.36085921494940565,0.9151571782280229
2019-08-27,1.7857449633485916,0.9955812365879797,0.6477162661712274,0.47459620225540455,0.3665788335665934,0.931547876498593
2019-08-28,1.7962022469030885,0.9975813302867909,0.6485078640153774,0.4738127166481481,0.36474345694066734,0.9320024476733464
2019-08-29,1.795044532181036,0.9946234683638036,0.6474866319212733,0.47320232344912516,0.3651227518584803,0.9309899544357735
2019-08-30,1.767803170419722,0.9810530801537304,0.6387642440847761,0.4677329793197342,0.36033857612682285,0.9185230128815651
2019-09-02,1.8033700426583452,1.0007043194319847,0.6531415737734679,0.4780408876627857,0.36824162355615775,0.9390391219233857
2019-09-03,1.8110932536688582,1.0051606303095342,0.6567467482847971,0.4803489892113364,0.3714474705501845,0.9442582493256532
2019-09-04,1.8247561323940162,1.014263604054261,0.6623220784483861,0.48472691327666284,0.3745837367119513,0.9523122128194692
2019-09-05,1.8386988747945026,1.0217319139695318,0.6669389777495597,0.4893041765818711,0.37880689085631125,0.9604440437047183
2019-09-06,1.8423871103633354,1.0258904078384858,0.6698742439084994,0.4922342032210852,0.3798231896219204,0.9641219646751069
2019-09-09,1.868651059102924,1.0424033222950182,0.6810002369832,0.5017299447224108,0.3877091469324544,0.981822790811911
2019-09-10,1.8734417095628404,1.0469766662800597,0.6840879248609065,0.5035230142832925,0.3866718640123312,0.9842525349195154
2019-09-11,1.8662454325548952,1.0441169959056438,0.6812825872337152,0.5002658058460313,0.38361479693747624,0.9793210984517344
2019-09-12,1.8792468296058857,1.0493263728279363,0.6854700904312402,0.5037866591095711,0.38551582782675775,0.9852157662564709
2019-09-16,1.8853280780891535,1.0523688939455307,0.6879235264173338,0.5045083593662024,0.38702258621209595,0.9881828109396203
2019-09-17,1.8440644320612434,1.0289494248673534,0.6724018730623605,0.4920662703440916,0.37770103342881317,0.9662694401708202
2019-09-18,1.8505508359589262,1.0305935882816961,0.674744027897305,0.4925553074881953,0.37735259053683085,0.9679449376384474
2019-09-19,1.8684245583259442,1.039119060482463,0.6809381364230557,0.4968395106295018,0.3814026404572821,0.9769548860309981
2019-09-20,1.8727010037484484,1.0420431866229616,0.6822293572277557,0.49671059420074365,0.38138247541217685,0.9782614137567891
2019-09-23,1.8537350183494437,1.0324221009746475,0.6758975166085747,0.49124521148207456,0.37787389521428877,0.968704893989906
2019-09-24,1.8586518457953554,1.032323581605233,0.6753963584024454,0.49089673433935094,0.3786367772383447,0.9703316917158978
2019-09-25,1.8278789279303047,1.0148693970512623,0.665036150485111,0.48198776125259835,0.3707573687307159,0.9533004129118381
2019-09-26,1.791187174649211,0.9951568190199146,0.6500781237763813,0.4699035359611226,0.35835267450662167,0.9303238092547901
2019-09-27,1.8090559897309446,1.0042468503931627,0.6543161874004837,0.47419957851641154,0.36113016193017283,0.9382363020018717
2019-09-30,1.797430532878184,0.9978509705134858,0.6488240917987482,0.4695975153206581,0.35617586747945773,0.9298657892871489
2019-10-08,1.8028697899625963,0.9983916321302935,0.6493428896521678,0.4705860754595706,0.3565042551347895,0.9321439406149904
2019-10-09,1.8207976711472864,1.0083779111807802,0.655191324998562,0.4745609695539512,0.3594558846664029,0.9406601476308054
2019-10-10,1.8397313868857534,1.0194556783694295,0.6618070781875877,0.47965540789734634,0.3644917281016665,0.9512378351288053
2019-10-11,1.8464613010898676,1.02510736667592,0.6638490212708772,0.4806555740703342,0.3645941380262797,0.9540258883505416
2019-10-14,1.8703979929784353,1.0393225728961668,0.6738765459773255,0.4876502300094865,0.3709551717618707,0.968132388893813
2019-10-15,1.8604557242666306,1.0316683583403905,0.6672868764929492,0.4821946636793125,0.3639403075783371,0.9590122730590079
2019-10-16,1.8486975981261198,1.0248660190472259,0.6633340133824384,0.47967950111689195,0.36173117652596654,0.9532344110356114
2019-10-17,1.8428557783055475,1.0235342632759679,0.6622807679896119,0.478630476487039,0.3612672369654385,0.9514196167085195
2019-10-18,1.8223369813916672,1.0119208789045515,0.6539572730116717,0.4722426379327575,0.3554505893922942,0.939147855963721
2019-10-21,1.8170077764625074,1.0070347379847517,0.6513036992959859,0.4698984904321043,0.3547260055473887,0.9356145182166942
2019-10-22,1.8386630376476614,1.0168723204637609,0.6569690970340387,0.4740418274095041,0.3584688501511412,0.9457972473267797
2019-10-23,1.8336416204768888,1.0133347827160715,0.6538326808895761,0.4707918779672936,0.35486639472171677,0.940522750439161
2019-10-24,1.839982349882798,1.0130139066496113,0.6532471673977359,0.471176634848692,0.35381430038687195,0.9405424848975467
2019-10-25,1.8539051856204884,1.0194980451840634,0.6569738127297591,0.4742895865495668,0.3560372082109869,0.9466680402760403
2019-10-28,1.8728976491574292,1.0331198360600105,0.6682749064255536,0.4830738744333009,0.36364481775199947,0.9619443639187578
2019-10-29,1.8514218223911623,1.019468106089428,0.6581926737730117,0.4765018512033747,0.35854292583895186,0.9499735238727428
2019-10-30,1.8259326296966918,1.008150454229436,0.6488249290288943,0.4708562115185526,0.35550051265523996,0.9386804838393576
2019-10-31,1.808598162708792,0.9967467597341992,0.642837246549353,0.4668828441869181,0.3528226776142092,0.9300436389135792
2019-11-01,1.8259123023312855,1.0059443916773276,0.6493247404167114,0.47126944120317976,0.3567474188913375,0.9392346245056569
2019-11-04,1.8233083340815175,1.0059376786052334,0.6509345747633228,0.47400225891490744,0.3592741986712147,0.9418494192526597
2019-11-05,1.8192018586207457,1.0062996764342798,0.6509597015269016,0.4742113444052077,0.36072059384135813,0.9432949965379946
2019-11-06,1.8046582370837672,0.9984635486705694,0.6463420468636101,0.47063166399952305,0.35603487838346215,0.9351045987361205
2019-11-07,1.8103863822379496,1.002983115965341,0.6502664408108106,0.4734084385234751,0.3588840985495552,0.9402804127525228
2019-11-08,1.8089430695047173,1.0025655692436068,0.6492071523873102,0.47237635827227126,0.35635595595943603,0.9380111190834501
2019-11-11,1.7639602351513528,0.97685360566373,0.6323364089982698,0.46043033781985815,0.3484391912212588,0.9147475315656494
2019-11-12,1.767907134449241,0.9786949220752656,0.6339436790083519,0.46141422122043424,0.3495193351780278,0.9178097114052137
2019-11-13,1.7592811225898222,0.9744108444041935,0.6310058349366182,0.45933081153623206,0.34835099716491846,0.9138175656238728
2019-11-14,1.7648930734825847,0.9779975916318522,0.6336519682455355,0.4617941244448109,0.3510934252606442,0.9182589139676585
2019-11-15,1.7437961503770256,0.9665542127422616,0.6252212009536229,0.45639865556583814,0.34604103308456124,0.9066829098495932
2019-11-18,1.7535065461594503,0.9724736659423133,0.6295939161255117,0.4595529403857642,0.3494501782937397,0.9131112874767564
2019-11-19,1.7768827630037198,0.9869885367623756,0.6390633692697381,0.4666814090657467,0.355125935785009,0.9276399192676418
2019-11-20,1.7663981472999286,0.9827935836044163,0.6354578710507377,0.4637733643462942,0.3527744514659639,0.9223249913978666
2019-11-21,1.7685974195593748,0.9827485393532848,0.6359775982026119,0.46335512023654296,0.35169154682524106,0.921964104934691
2019-11-22,1.7651192260390818,0.9789277023830012,0.6324835945560369,0.4594277579481193,0.34651258971306503,0.9155922782774881
2019-11-25,1.778714716830362,0.9848692160140887,0.6352909327478744,0.4596063911152749,0.3426131973527212,0.9169351740779621
2019-11-26,1.7760842315787126,0.9806606336568725,0.6327233841584261,0.4575128610438844,0.3428621473186338,0.9152396693397005
2019-11-27,1.7721686317844916,0.978258292297406,0.6312121966741707,0.45734915723644626,0.3430231829034026,0.9139709896816577
2019-11-28,1.7685109804865593,0.9751317811884227,0.6289013556247018,0.4559157755814606,0.34223759993538583,0.9113487742748784
2019-11-29,1.7722796878069564,0.9772055414709494,0.6299493240848562,0.4561442305711476,0.3411409068684725,0.9119357943836639
2019-12-02,1.7745012412295385,0.9779981745477043,0.630695703541226,0.45680859239917354,0.3418101487324273,0.9131518964895946
2019-12-03,1.7856848045252336,0.9818903587433767,0.6338220519917211,0.45900963148328494,0.34317518690061555,0.9183699893030157
2019-12-04,1.7918074470273635,0.9831090868339557,0.6349347709370113,0.45941130467558244,0.3427103358103742,0.919462015219965
2019-12-05,1.804015069417756,0.9900445293583253,0.6399681236902941,0.46392230947033836,0.3468495930301579,0.9274971546587573
2019-12-06,1.8122476314709055,0.9942964417140182,0.6434757031448851,0.4665758503462565,0.34978143966537617,0.9327866098020946
2019-12-09,1.8132978279847085,0.9948947937308826,0.6448208212208995,0.4684855406701852,0.3517309991094063,0.9352006970882859
2019-12-10,1.8180692770872189,0.9956359016411906,0.6453497593926542,0.46850378944404397,0.3542405369035851,0.9382111275326199
2019-12-11,1.8171049404092119,0.9936409764868166,0.6444547687844701,0.4679589653888526,0.35307683804561857,0.9366406055817608
2019-12-12,1.8082968556196044,0.9889515901138178,0.6428023177244956,0.4672175440214499,0.35296587536594104,0.93401265314948
2019-12-13,1.8284893552123538,0.9993116912114739,0.649292616204105,0.4729112337087003,0.35715530686932717,0.9444355404920164
2019-12-16,1.848651960912767,1.0128766195736052,0.6583634528078016,0.4801525365717252,0.36362934859082957,0.9580375021817212
2019-12-17,1.8688397436372925,1.0242353499887606,0.6663564076310879,0.48663139616742396,0.36778609075170776,0.9701977077768064
2019-12-18,1.869595348759703,1.0240593024759213,0.6668789832024652,0.48737373791090294,0.36764980780662543,0.9706189505193432
2019-12-19,1.8859064270818382,1.0326304865083418,0.6734663219585866,0.4908140053151386,0.3674027933140172,0.9770935241830531
2019-12-20,1.8780111817090368,1.0249262999096138,0.668060043588745,0.48577016069118734,0.3632220301676917,0.9690166913431723
2019-12-23,1.8436560685409462,1.0043277765785763,0.6541141715231867,0.47575595449358216,0.35512838168749084,0.9492171075448219
2019-12-24,1.867959374271125,1.0181178594309306,0.6619917114681143,0.48282033933831703,0.35999290079612906,0.962835494446782
2019-12-25,1.8679947665377061,1.0175374555962733,0.6623490198177426,0.4840018156407168,0.36281354912734654,0.9648141568899142
2019-12-26,1.884395395089377,1.0265745303707632,0.667704706625275,0.4884165314065447,0.3660754010023744,0.9732770943514907
2019-12-27,1.879990769746966,1.0237054724358035,0.6654617066354845,0.4868513433151396,0.3626367403678834,0.9691710245035942
2019-12-30,1.8934475403662239,1.0306596812932316,0.6702725045605904,0.49115655373031014,0.3655363267146858,0.9765402759699053
2019-12-31,1.9046186110059493,1.0365800869059498,0.6743567321266744,0.4935972057839905,0.3668269678320429,0.982598776134865
2020-01-02,1.9290850933909411,1.051561005051512,0.6854617492860927,0.5024121251412527,0.3753840982046221,0.9992942834684984
2020-01-03,1.9375906756441548,1.0560836237644031,0.6899494748380659,0.5048260925140841,0.37699288864757496,1.0041599400063779
2020-01-06,1.9455821809525915,1.0628995464522297,0.6953435757417564,0.5082484516196921,0.38043920476496595,1.01105179423157
2020-01-07,1.9667566521363913,1.0765384384260315,0.7043761757487469,0.5159097595557341,0.3850015187442821,1.0239460139630039
2020-01-08,1.9385126668740367,1.0605201169432874,0.6950477485310698,0.5079320714362318,0.3784615237019192,1.0096158656560987
2020-01-09,1.96512485835104,1.0758572844306158,0.7044583727547749,0.515035802212834,0.3836334640236101,1.0236252062537516
2020-01-10,1.9643218054711058,1.0734468116866653,0.7030611571345673,0.5137412507637595,0.3821879622035091,1.0213909916322588
2020-01-13,1.9755879270624517,1.0824581819228383,0.7082723316999067,0.518353876405594,0.388127533902595,1.0308008217067257
2020-01-14,1.9807807881746076,1.0840458849138526,0.7095271246561975,0.5181835460294066,0.3867270513838252,1.031198563160517
2020-01-15,1.9638222322848733,1.0759785864851075,0.7043355554090726,0.5149300895741964,0.38573813587107375,1.0255587599444738
2020-01-16,1.9507236501786067,1.0687378548910251,0.7011423256683321,0.5129562628345573,0.3853718348699159,1.0209000477773362
2020-01-17,1.9423789191637069,1.0651414008028424,0.6984561090302073,0.5114790432312358,0.3836385026689549,1.017050415445577
2020-01-20,1.9567200487130043,1.0721435194219748,0.7047457496797274,0.5160723708878987,0.38844526273482594,1.0260973211502487
2020-01-21,1.9401192789093247,1.0621507264164207,0.6973523262176582,0.5088391790510133,0.3821071884474611,1.0140652560004793
2020-01-22,1.929018808145859,1.0561126200595388,0.6927979748437861,0.5079938232964833,0.38529440843488855,1.0127915394383629
2020-01-23,1.8686922791617226,1.0236768917023205,0.668136144367603,0.4891251261123945,0.3698704564526191,0.9773920290178095
2020-02-03,1.6865837529111598,0.9273485810524557,0.6072992253313946,0.44568220369681816,0.33756499141212853,0.8877126435932544
2020-02-04,1.6510325472634888,0.9131387511531559,0.5998713308690646,0.4438966623099783,0.34188820876024273,0.8806418995940838
2020-02-05,1.6868513279314659,0.9364063974242094,0.6155469987968845,0.4564365481500227,0.3511562627423134,0.9033027678340081
2020-02-06,1.7155535348714008,0.957201755096755,0.6297569746981939,0.46809487557027873,0.36176552207772156,0.9254683517516628
2020-02-07,1.7328000076404746,0.9663589174894561,0.6356366065101217,0.473083933601661,0.3631669693845289,0.9335166870697333
2020-02-10,1.7701664139712705,0.9875048062986993,0.6485290177013593,0.48089510269550007,0.3663714981951864,0.9501441927166043
2020-02-11,1.7663346760029697,0.9843207907397926,0.6462694173051732,0.47893875397496793,0.3651810503228407,0.9470678276248047
2020-02-12,1.7871757756741564,0.9961159028662704,0.6552021995790769,0.48671171594775814,0.37125140035094806,0.9604132404496101
2020-02-13,1.765946559170274,0.9850151461764219,0.6481868551441133,0.48224288047926894,0.36823809257164863,0.9513519354643837
2020-02-14,1.7659885295637217,0.9866418273522163,0.6501367426814734,0.48353373143511985,0.3692136075816208,0.9532562933021049
2020-02-17,1.8174114930424095,1.0172755611397841,0.6724491187174299,0.4996459277577586,0.38045817731349524,0.983429081138035
2020-02-18,1.8407512069064038,1.0309735613011262,0.683491591729467,0.5067367732598623,0.38582968798457057,0.9974017745004021
2020-02-19,1.8410394521340594,1.0314704820818479,0.683615141459541,0.5042098113219596,0.38089882457879615,0.9940202474806983
2020-02-20,1.8768851075490796,1.0493425968803767,0.6950137013934007,0.5125291126197483,0.3876964681782931,1.012368693118495
2020-02-21,1.887186065893678,1.0567361372758293,0.7006011022196419,0.5173855862043386,0.3940886366099315,1.0217911201554895
2020-02-24,1.8875089052622844,1.06239859233781,0.7079057073965638,0.5243113970648922,0.4021001399292903,1.031941810700376
2020-02-25,1.8633670093070913,1.053218431773578,0.7061897329138155,0.5238641894746525,0.40500445990967254,1.028333026610554
2020-02-26,1.8751491848536528,1.0552567163014084,0.7009737630081797,0.5152748024724558,0.3922919304284797,1.0186846813527495
2020-02-27,1.887107086089302,1.0584613954737692,0.7017399868342458,0.5168866129210107,0.39083443968384374,1.0215025179664166
2020-02-28,1.803063837619071,1.007210048434469,0.6664896747766356,0.48886324543740345,0.36866043889698075,0.9695814446751576
2020-03-02,1.8726743254265388,1.048368535854579,0.6947472226766607,0.5097724259360615,0.38321604942329474,1.0091633706183456
2020-03-03,1.8936966852388832,1.059998109139213,0.7037994797192216,0.5154232621528877,0.3875962959902287,1.0208415836303613
2020-03-04,1.9299237257410502,1.076507379553024,0.7115766730265232,0.5196498221570468,0.3883212766351861,1.0322395424056394
2020-03-05,1.968024758558074,1.0995742444857532,0.7262196338383379,0.5285309666488428,0.3940092811974003,1.052544513781844
2020-03-06,1.9791267241759414,1.102731765032634,0.7248095919729988,0.5258564108072701,0.39024978863663473,1.0508536673298874
2020-03-09,1.9326446501379364,1.0746170825798729,0.7042766933078329,0.5084100113476315,0.37378100173609274,1.0187612313264156
2020-03-10,1.961509726458716,1.090961843363408,0.7178350694382225,0.5178662114999676,0.3839954909520439,1.0381853167662085
2020-03-11,1.9601932485734608,1.087948117469773,0.7135329567213332,0.512381704015738,0.37750731577342306,1.030519507482843
2020-03-12,1.9246282745152183,1.063402289351175,0.6982159695248015,0.5005384283910901,0.3702795552575349,1.0100556590943044
2020-03-13,1.904271502004325,1.0479981374418985,0.6897051202579797,0.4936547795154438,0.366295060584773,0.9975790535608888
2020-03-16,1.864169156927024,1.0190307416193245,0.6651476593576522,0.4728948526787259,0.3482367597687958,0.962537725269558
2020-03-17,1.858916542504447,1.015225440667466,0.6615819466086547,0.4715287014976986,0.34767049787322435,0.959375445953436
2020-03-18,1.8353740248320736,1.0009271240282558,0.6506389093801745,0.46296118954570153,0.34145001439329603,0.9441511937879294
2020-03-19,1.844614371084045,1.004814960468447,0.6525585989811155,0.4650315531267334,0.34382401830542764,0.949411379368883
2020-03-20,1.8797703479864216,1.0219059832392439,0.6624418601364767,0.47266710218449176,0.34705910220431246,0.9640403447029436
2020-03-23,1.828133206100105,0.9905953990573001,0.6391758967095114,0.4535090691013495,0.33059349263646864,0.9291019822909125
2020-03-24,1.865800450576761,1.0109503386789662,0.652124241119524,0.46312045557963877,0.33632499851507147,0.9476729003225557
2020-03-25,1.9043434116769473,1.033264010860267,0.667827267558456,0.47525025125510123,0.34546401876848276,0.9704500156034421
2020-03-26,1.88616563755278,1.0225181130985994,0.660448804159806,0.47022643286048693,0.3412995688341032,0.9609263546340857
2020-03-27,1.8932702086533129,1.0235496251868712,0.6593648373059122,0.4684074882808474,0.3385527150616219,0.9592385377369185
2020-03-30,1.862547738014587,1.0052512319313776,0.6466523951363348,0.4587675492814131,0.3314401834232415,0.941018128727884
2020-03-31,1.8678126744943886,1.0079679245337858,0.648003050290682,0.4594734950069944,0.3313680159809228,0.9427004765622802
2020-04-01,1.8557227257667692,1.0008036856035813,0.6427402100114438,0.4556100679748999,0.3302234333583773,0.9363722204741731
2020-04-02,1.876215076065212,1.0165657393040028,0.6517533063676043,0.464010970883104,0.33880823968369056,0.9532897288299116
2020-04-03,1.869985297757264,1.0132475628534612,0.6491662846988827,0.4608722614231224,0.3373181046304483,0.9491497161556003
2020-04-07,1.9142387846142372,1.0396071667334108,0.6683481651046509,0.47650894638842706,0.3500726262827217,0.9778057206052329
2020-04-08,1.929277604662218,1.0473913323857664,0.6718821282764038,0.4780075152967208,0.34950521979951366,0.9821397646136526
2020-04-09,1.9380174084472686,1.0548308934787278,0.677808304215552,0.4829055749358939,0.35245343688834546,0.9898258422912888
2020-04-10,1.9028498996521177,1.0345875412409045,0.6639484456759538,0.47053469305044426,0.34337319319787124,0.9691502409845678
2020-04-13,1.8959113343705873,1.0299298198779114,0.6605342453231863,0.46720060329382446,0.34026432260589784,0.9634454101962385
2020-04-14,1.9199908597404092,1.043508563118115,0.6710362553134598,0.47495322341778967,0.3483418262056904,0.9792697647781072
2020-04-15,1.9070824902504009,1.034836615183684,0.666671351498078,0.47182215442679687,0.34634241116602354,0.9726365185851021
2020-04-16,1.9105014827089297,1.0366035139479408,0.6691977196012423,0.47331482280600107,0.347598198645331,0.9753752297241152
2020-04-17,1.9075387591389334,1.033647815025445,0.6676503473389763,0.47270128044201454,0.347905350561373,0.9749514312021169
2020-04-20,1.9242499411808878,1.0406913932720583,0.6736823459029989,0.4781469265195141,0.35275384971642876,0.9847138317883928
2020-04-21,1.9155595837141546,1.035185334928549,0.6707380647505425,0.4757266309119585,0.35054911676835043,0.9796938956228848
2020-04-22,1.930163029797864,1.0438981904692695,0.6774715437851441,0.48074591216058377,0.3540340836231651,0.9888190451994062
2020-04-23,1.9300471929939977,1.0427181860507873,0.6750061895472491,0.4795559577929213,0.35275133402772335,0.9866578998016791
2020-04-24,1.905445702383356,1.0272152916912978,0.6633607921593973,0.4700918614166086,0.3445446334740686,0.9703235074656545
2020-04-27,1.8987944965996149,1.0217357910133655,0.659083051923203,0.46742548981362636,0.34278550920636114,0.9652681049340963
2020-04-28,1.8601317428886341,0.998589090470574,0.6447154613357557,0.45835691803500095,0.3400418048139549,0.947466496014124
2020-04-29,1.8596563404003064,1.0002062166066537,0.6448415712740101,0.45781837725633734,0.3384318280746643,0.9466413771005048
2020-04-30,1.8905389055790784,1.0178078891489268,0.657747914528952,0.46718642904129315,0.34557334844437276,0.9647760068493778
2020-05-06,1.9106199209548638,1.0274145618059995,0.6656515676032866,0.4741932997194265,0.3523947641125043,0.9786538152627594
2020-05-07,1.9059777286311272,1.0247403374025978,0.6637874179226391,0.4733788708776816,0.35278063484672795,0.9769988052923718
2020-05-08,1.9267286095463587,1.035227488129607,0.6707499053396127,0.47870076112570814,0.35626482469126,0.9873020327070262
2020-05-11,1.9257281085145808,1.0351293707179776,0.6710848039107877,0.4783704425296791,0.356417291875082,0.9872276228032358
2020-05-12,1.920631136353189,1.032085267460629,0.6694441097121097,0.4779486830564111,0.3574050874979536,0.9860147917533572
2020-05-13,1.9268671167116815,1.0352599224593495,0.6717259328260818,0.48017243323347336,0.3599671043833857,0.9912343983817683
2020-05-14,1.9131456792585682,1.027579279203839,0.6663163065028774,0.4747391643604891,0.3562067667915668,0.9824412122929919
2020-05-15,1.918371136807028,1.0298580135349493,0.6669008645263688,0.4751170406333063,0.35757715992507383,0.9844992348293604
2020-05-18,1.921144155011433,1.0306426386680216,0.6644077063676822,0.47479707869272375,0.3560097289558601,0.9832019514403958
2020-05-19,1.9369718738174788,1.0378802469615407,0.6697910378912469,0.47933613285566506,0.3607010551405717,0.9922684253132426
2020-05-20,1.9296469898734523,1.032217338629756,0.6655377983980373,0.47451689931783486,0.3566157953850808,0.9858642581457042
2020-05-21,1.9287106799540334,1.0284504722160135,0.6615758786859528,0.4694213515629462,0.35103723140562415,0.9786762056432405
2020-05-22,1.9086026885022833,1.0156362596954924,0.6521237803633899,0.4610001664434865,0.3433283000427262,0.9635923097992909
2020-05-25,1.9147997558889336,1.0164943126058297,0.6512429926534667,0.4606529657142407,0.3426292951262002,0.9635842889898137
2020-05-26,1.938834903177841,1.031980409618407,0.6627257756488065,0.46993563690793555,0.35039007718558607,0.9805840390540576
2020-05-27,1.9451756575071188,1.0318989936133358,0.6615284676592978,0.4694400727432203,0.3466936204264241,0.9794871633772281
2020-05-28,1.9438656136579218,1.0300081128632914,0.6609923795855067,0.4690731933651963,0.3448129115711219,0.9776212668292086
2020-05-29,1.9589439542867313,1.0353099119543334,0.6651212920891193,0.473177553072497,0.3477518910961988,0.9847433192976246
2020-06-01,1.9951130427900925,1.0573135799421005,0.6825436634449911,0.48662414839773993,0.35896815747187283,1.0096739183185124
2020-06-02,2.0154775162035037,1.0667588025204302,0.6873053273235342,0.48765022849246753,0.358584709394195,1.0151578161134762
2020-06-03,2.0150056767200404,1.0660730632415827,0.6858460516101695,0.4869024071176084,0.358666489734977,1.0153089679346055
2020-06-04,2.0301982498739126,1.072261019533951,0.688081197442676,0.4874047222760253,0.35787434346971986,1.018441099558038
2020-06-05,2.0277073247457307,1.0695882785212687,0.6875597976569505,0.48726979585650704,0.35781122017380956,1.0174370383974527
2020-06-08,2.0241256340036777,1.0695222897389778,0.6878806208126664,0.48716508601151537,0.35694038427278796,1.016619981032546
2020-06-09,2.0305033053043644,1.0731229253286783,0.6911482181093105,0.49033419607029316,0.35947524690228666,1.0216776853119514
2020-06-10,2.019388139184184,1.0692933166490253,0.6871554174709293,0.4895645457222618,0.3599757848341969,1.019663048785888
2020-06-11,2.0097766615497523,1.0642428348027173,0.6851745930887633,0.4861463627768063,0.35859095948715314,1.0149322293672562
2020-06-12,2.0085590072946493,1.063070058822431,0.6848057063105193,0.48646636724014486,0.35920895001340686,1.014959938450472
2020-06-15,2.004639944554145,1.0614931847047295,0.6845031692891024,0.485754914218503,0.35746954309291773,1.0128926232422393
2020-06-16,2.0263496581835,1.0753640345003024,0.6952629202054124,0.4945726710634028,0.36443672534259286,1.0285435453991063
2020-06-17,2.0315050816326923,1.0799497664088382,0.6977858927783007,0.4973405204985346,0.364973262412505,1.0332637051379179
2020-06-18,2.034727535295897,1.0811302844925443,0.6989889569564334,0.4961120757388939,0.3644818135342644,1.033384995294872
2020-06-19,2.0415985911174297,1.0830458251787662,0.7014128416289578,0.49934253606657686,0.36818293469661795,1.038611667867604
2020-06-22,2.0391007425894876,1.0825354014976345,0.700311571989266,0.50055465689105,0.3693464523806247,1.0390945654295483
2020-06-23,2.0296714678926175,1.0778267008168292,0.6978792492002983,0.5014085168570062,0.3708448305995174,1.037706261434507
2020-06-24,2.0211844051644703,1.07276915085673,0.6940337060473141,0.4986262779357463,0.3702413739803941,1.034250929015218
2020-06-29,2.0095796235132033,1.0651470733226376,0.6900257179679149,0.49579172625223716,0.3688373592968124,1.0284393890481425
2020-06-30,2.031474619297045,1.0766223665386385,0.699587711746314,0.503785629231847,0.37556269668994363,1.0428140186410926
2020-07-01,2.0438700830743985,1.0830355449829905,0.7049545195549257,0.5078809590567414,0.3792541588741968,1.05067475911883
2020-07-02,2.0743620234428484,1.100307043047043,0.715439832782822,0.5160018564205248,0.3855201097839805,1.0671178348283092
2020-07-03,2.1007164773084344,1.1143334999953767,0.7234676191268834,0.5217104286628079,0.3903880971738468,1.0810444064553737
2020-07-06,2.177658704087196,1.159954653061622,0.7535033478049933,0.5428718048086786,0.4080191134598954,1.1253256356128016
2020-07-07,2.1798454889595287,1.1624008115233408,0.7586108062397308,0.5483634017023287,0.414510059791613,1.1334089793226194
2020-07-08,2.2208622474990083,1.1866883773568895,0.7742891014315073,0.5614535842671632,0.42374987469736225,1.1575596761530211
2020-07-09,2.2659045710092975,1.2159203253371291,0.7947014156011502,0.5755124194259342,0.43525274030242656,1.1861427886549747
2020-07-10,2.2364660233560003,1.1998337614919992,0.7860257722534786,0.5740651254648876,0.4320148720728075,1.1762748947683013
2020-07-13,2.3034497395764557,1.2392103672980013,0.8126404910935274,0.5958151322667341,0.4461364356510604,1.2156085150829323
2020-07-14,2.3061043022027237,1.2354161121373712,0.8112122574551714,0.591805896536984,0.44167654866373973,1.21065029036559
2020-07-15,2.267532098892755,1.20621551261673,0.7925817987803335,0.5780777613471205,0.42906985557808097,1.1827891417653227
2020-07-16,2.1957619463253257,1.16202236647982,0.7564751409224811,0.550678222607691,0.4066065789100309,1.1322620447666178
2020-07-17,2.2068913432536306,1.1624559554000051,0.7550277163606695,0.5511634900220304,0.4066494667622235,1.1341990412254956
2020-07-20,2.289491564690684,1.2064873931734388,0.784871745425796,0.5720005119493266,0.421388219309261,1.177045271224813
2020-07-21,2.298012732125571,1.2122040695066492,0.7879167179810683,0.574982105702587,0.42252825702454616,1.1818141233641688
2020-07-22,2.2974941982521013,1.213423299585954,0.7914968139620667,0.5790301547372837,0.4262506776947785,1.1868188885124702
2020-07-23,2.2876767527236397,1.2078404315756521,0.7900305050728826,0.5764944276592878,0.42634722596036717,1.1832870647933647
2020-07-24,2.218394326718243,1.1644620197876892,0.7584703783058936,0.5492454650303268,0.4048305515403357,1.1362415307457179
2020-07-27,2.222093072248621,1.1648731540822679,0.7593640156722561,0.5495679199188439,0.4057274214018492,1.1376059302141828
2020-07-28,2.2493447497259105,1.178566463562167,0.7668281502514308,0.5553530197966966,0.40934509931433044,1.149730876695084
2020-07-29,2.282586196690519,1.2015039723947991,0.7826909278973485,0.5702797669294357,0.42086944293217227,1.1750147732599707
2020-07-30,2.2899631785271093,1.2034010219999018,0.7826611843399965,0.5705684901185712,0.4192936778284924,1.1753749736019197
2020-07-31,2.312548536896194,1.2155242289530757,0.7887338175266573,0.5761803481371949,0.4242401655281347,1.1881014689870852
2020-08-03,2.373016557709721,1.248477610237622,0.8121237803606446,0.5920731342119728,0.43713333761046685,1.2215791996039
2020-08-04,2.373113636686975,1.2449367513834795,0.8102860031006174,0.5888401097937238,0.4334158288085401,1.2169315879628886
2020-08-05,2.3879499567374767,1.2527368582752836,0.8157706562783821,0.5959573131885914,0.43974926328393227,1.2281238885451935
2020-08-06,2.384310813344998,1.2495497990894966,0.8150266501709392,0.5962648667990131,0.440718835653801,1.22756898030156
2020-08-07,2.3533798172201186,1.2352411048910883,0.8046650624666168,0.5892347900304337,0.4356029007577577,1.2137928808346552
2020-08-10,2.396786696737704,1.253734606320774,0.8147563636908499,0.5929243169965521,0.4343068640879754,1.225745100813347
2020-08-11,2.3596715742642744,1.229659898407261,0.8003937172071165,0.5821855226068382,0.4257449725284015,1.2036474365154102
2020-08-12,2.3638880146860766,1.229544495580647,0.7970243691456033,0.576252872194351,0.4196784911241657,1.1971575372159602
2020-08-13,2.3884482705526207,1.2415756063964027,0.8031197004150095,0.5797061684681392,0.42089261093315383,1.2059459393261849
2020-08-14,2.400549775324551,1.2476899182784285,0.8068984565855267,0.5839589034720064,0.42476484908287565,1.214773734208401
2020-08-17,2.434328784999645,1.2682894839331824,0.8227916655817785,0.5971283882155968,0.4353280459470847,1.238510008349315
2020-08-18,2.4471503250610156,1.2777550213968132,0.8302605519051073,0.6042184115130684,0.4383076615831192,1.2485463266962136
2020-08-19,2.435522138666583,1.269120738023415,0.8211900336142604,0.595495982868162,0.42866416359670045,1.233843979752333
2020-08-20,2.4198802230849568,1.2583839109373887,0.8118602323330322,0.5879190709375881,0.42133045052545004,1.220005695917271
2020-08-21,2.4317971010321906,1.2659198651846997,0.8155899798632743,0.5903807413281111,0.4223773718629537,1.226739881465318
2020-08-24,2.4355633378730013,1.2678947194313996,0.8190679224844367,0.592817727647465,0.42434709347406263,1.2307057663503023
2020-08-25,2.432718775485465,1.263493118045396,0.8127215764821847,0.585831059534872,0.41851663766070357,1.221373788115982
2020-08-26,2.3970032901055967,1.2422225047694337,0.7951952303618622,0.571764513352565,0.4091252408042435,1.1970606163387423
2020-08-27,2.424199756839957,1.251178773535376,0.8003995003116964,0.5754682364595803,0.4113647369004793,1.2059313427929774
2020-08-28,2.4377606693058524,1.2583929934102602,0.8070473172117183,0.5824690267716907,0.4183800155062167,1.2189866193723256
2020-08-31,2.4408268660680172,1.2580476756919157,0.8101363659311797,0.5834790678546938,0.4187550217449646,1.2208015216476302
2020-09-01,2.4495722367760178,1.2621406188656674,0.8110859551576485,0.5855442917450614,0.4204103918867325,1.2245859882459376
2020-09-02,2.456510691494793,1.2636068574178856,0.8116055514084611,0.5848174199284845,0.4185263776014297,1.2243193772820464
2020-09-03,2.4408662688377665,1.254238557910863,0.8042415481900641,0.5791191627910545,0.41359002200319533,1.2134485743634198
2020-09-04,2.444143364147586,1.2532257656454222,0.8006687607993074,0.5754668334812615,0.4096313176719035,1.2099180267481036
2020-09-07,2.428913391691097,1.2408519802031166,0.7893784744420324,0.5645328838361887,0.39856956744095595,1.1914756719641748
2020-09-08,2.4648488571437097,1.2545129194934999,0.7958318432193416,0.5673492986752612,0.3990258910070698,1.2010344933702308
2020-09-09,2.446371003039334,1.2379493582050174,0.7807119044788693,0.5517091523320458,0.386686915294483,1.1774496480166963
2020-09-10,2.3570102333079865,1.1959950249085998,0.7598543000742665,0.5402479157996929,0.38272288427799767,1.1472709157727417
2020-09-11,2.374208487748207,1.2056752160404227,0.7658831007009291,0.5468821297625688,0.38812360728307915,1.1599112121256543
2020-09-14,2.3914504246641073,1.211917605269053,0.7712727260692208,0.5508659837492768,0.3903503492529428,1.16745033132395
2020-09-15,2.385313486787094,1.2111562497635802,0.7727107900906441,0.5541025689279312,0.3944278912898941,1.1709506771835367
2020-09-16,2.372156585692087,1.2053883869976838,0.7678508079952369,0.5507402848856301,0.3920759243552399,1.1642531763630615
2020-09-17,2.376755266595513,1.2086553169014105,0.7687023401283659,0.5503806995230286,0.39156173841295644,1.1651364959187513
2020-09-18,2.4057089156298677,1.223958145809358,0.7797349291145362,0.5601109133404324,0.39911281374614016,1.184023978153096
2020-09-21,2.4036616795216794,1.2212189940905445,0.7797917734331458,0.5594766991715393,0.39807522365223225,1.182426001238295
2020-09-22,2.368831681628125,1.2031460598753732,0.7682553872208903,0.5508781212209906,0.39173087755343744,1.1645973361196096
2020-09-23,2.379373619628655,1.2058015419081423,0.7692367313383413,0.5518072608403947,0.3934667495811608,1.167870481262259
2020-09-24,2.3257950240180887,1.1766846968263813,0.7506738592522924,0.538631796876537,0.38451602275038865,1.1404437243864793
2020-09-25,2.316696508083024,1.1695740804219052,0.7465311946092781,0.5354427201648428,0.3832877157440044,1.1359006246268835
2020-09-28,2.2873322442077106,1.1555281538642177,0.7367002094245979,0.5288256910787783,0.3798867898474214,1.1224778069291046
2020-09-29,2.2962185794665717,1.1611853468527602,0.7405842738042737,0.5327947967287631,0.3831878862894983,1.1292683989888195
2020-09-30,2.288915905751214,1.1583072929542226,0.7375152615798937,0.5311821363928182,0.3816838922507636,1.1254843017236555
2020-10-09,2.342777569898306,1.188877618340523,0.7585882257788022,0.5457124644695919,0.3924978703731437,1.155688623760885
2020-10-12,2.3923371694690285,1.2163600718598593,0.7770225007020665,0.5604620273165177,0.4039878744230598,1.1856150810783395
2020-10-13,2.3850875933644846,1.213481043908884,0.7766581744934762,0.5620752135630274,0.4055648328494917,1.1858324427407172
2020-10-14,2.3687427296768266,1.2046048736069368,0.770995668289584,0.5586808862324448,0.4022776854061709,1.1773883972414512
2020-10-15,2.3646451654275182,1.1995768210817896,0.7664700607032762,0.55506610968104,0.39927095963318987,1.1713328476773697
2020-10-16,2.372903065535234,1.2001160185444406,0.7653705623077421,0.5543163472537946,0.3975422614470988,1.170589678858266
2020-10-19,2.3635659950797394,1.1951651438608497,0.7608667781331622,0.5505997134501128,0.3929268610481461,1.1640918473062063
2020-10-20,2.377069027978093,1.2034582884235503,0.7650968287498318,0.5549730081063767,0.39665013396714505,1.172387152454445
2020-10-21,2.353802259589805,1.1918209995778886,0.7571691928305974,0.5492630915955122,0.3920679536420214,1.160273971917353
2020-10-22,2.3482835331121072,1.1865782004322374,0.7543367709568373,0.5458317331597259,0.3897941048698468,1.1550454942566601
2020-10-23,2.3302351488922217,1.1774096564640282,0.7470527676960833,0.5378029394448516,0.3826347326534311,1.1416134313677768
2020-10-26,2.322689738455099,1.173198951759356,0.7437963892849703,0.5358127301512345,0.3828248318391832,1.139340091574097
2020-10-27,2.318603756853559,1.1702771030280708,0.7431297963469714,0.535972395806513,0.3842630959676219,1.1390925752380072
2020-10-28,2.3188704758555465,1.1692728258617733,0.7439287296345591,0.5361115288832498,0.38645065045337423,1.1405257216949156
2020-10-29,2.3151930585703693,1.1657494288364583,0.7420942084639228,0.5350842256685743,0.38739635368461717,1.139036748207833
2020-10-30,2.2612787013941706,1.1366258279164423,0.724077077932776,0.5218855954144189,0.3790775009579493,1.111999731877533
2020-11-02,2.2504497960157384,1.1319800634842898,0.7221592766379311,0.5214057821648107,0.3808519664195075,1.1112644774458258
2020-11-03,2.296032303396869,1.1566569025497129,0.7361353009714148,0.5312586419799997,0.3864616502533401,1.1323865200353653
2020-11-04,2.2876008732946107,1.1529092921275996,0.734879643805939,0.5304529743812132,0.38757390403541125,1.1307421391335417
2020-11-05,2.3177076042213725,1.1715336881597647,0.7478235016476709,0.540699751099584,0.39557227871644274,1.1503887060531008
2020-11-06,2.306584077010715,1.1684831411536127,0.7449909761065945,0.5374125962609533,0.3929346799140437,1.1448810536105694
2020-11-09,2.3427622730513216,1.188303516654206,0.7565886397481736,0.5469843765979677,0.4011736209641061,1.1657968165588628
2020-11-10,2.335154181475504,1.1817886852896369,0.7509133345067356,0.5421458669914507,0.3975176394479757,1.15782565576632
2020-11-11,2.331009786173515,1.17749988294995,0.7467247443130826,0.5376969283152416,0.39219305125460696,1.1502797071179636
2020-11-12,2.3405569701976643,1.1821174953517928,0.7464526049243321,0.5387923025892289,0.39405440908558476,1.1536021525607236
2020-11-13,2.3417910077099107,1.1806257052757354,0.7453756963299649,0.5383066525642856,0.3929695019912736,1.1522566420405507
2020-11-16,2.3757962392160783,1.1982660279804687,0.7560374425357115,0.5462286615550839,0.3978040140018436,1.169645998637614
2020-11-17,2.3746534741151444,1.1954782789606961,0.7528239448146525,0.5429667834303056,0.39458837685594605,1.1647070540414246
2020-11-18,2.387049565526203,1.2016735208395872,0.7565013497380148,0.5449293150831914,0.3940946985685046,1.1688179907139888
2020-11-19,2.39191063756219,1.202977789332749,0.7575227678575396,0.5455161030101175,0.39548278790601754,1.1709386775013133
2020-11-20,2.401199716237086,1.207988082582749,0.7633672220398477,0.5506076670920618,0.400001725566855,1.1794918555671299
2020-11-23,2.409855996008479,1.211835366270089,0.7662202984364564,0.5538777509561036,0.404808411582396,1.1873786338759458
2020-11-24,2.407236069388338,1.2120841419342656,0.7669381483602331,0.5532013645792914,0.40471134251032603,1.1870449549592965
2020-11-25,2.3901080115071056,1.2016307916602786,0.7584494482890615,0.5447080064213754,0.3961932684951312,1.172038159651923
2020-11-26,2.3881226122382215,1.1987624606155192,0.7557322267722911,0.5417176261555157,0.39447484499098295,1.1681410983014826
2020-11-27,2.3939466630060666,1.2008696912134174,0.757935352896203,0.5424500326679705,0.39543311523126234,1.1706865872501002
2020-11-30,2.391555459044541,1.1967980142578545,0.7533924701343216,0.5390212964174945,0.39393466876920685,1.167034239885632
2020-12-01,2.415404573276124,1.2070037945403131,0.7625960601095504,0.5461394384568922,0.40031513491258003,1.181066292363115
2020-12-02,2.422239491203977,1.211078319780468,0.7657819641821275,0.5478731387219471,0.3995380029044318,1.1838102229109246
2020-12-03,2.4231486666907665,1.2132240191461579,0.7652574971408481,0.546473014589973,0.3966301396264515,1.181828185228162
2020-12-04,2.426256574361113,1.2148959001724722,0.7669799199871413,0.5484674378603476,0.399091011494994,1.185318240219123
2020-12-07,2.4116053375124618,1.2090544201444666,0.7628693003938839,0.544029710835885,0.396590518988151,1.1792983172024207
2020-12-08,2.4046823019653,1.2034558454118442,0.7604699617047127,0.5432564541735324,0.39629379323791036,1.1762754118759609
2020-12-09,2.363698902384125,1.1828288986299405,0.7470774818373712,0.5338035991477804,0.38969241093105983,1.156078379546474
2020-12-10,2.364819441998736,1.1827976505586382,0.7456630997250345,0.5330662772666416,0.38943547388653715,1.1552728450534802
2020-12-11,2.3265750931113405,1.1637796679666288,0.7333067292766818,0.5247328001802147,0.38428373735759735,1.1373233578972544
2020-12-14,2.337680305469814,1.1686563061095108,0.7338626541814902,0.5260469937647855,0.3874497824163936,1.143068048442877
2020-12-15,2.332177680098422,1.1679620593726343,0.7334109594255797,0.5258064182791136,0.3877933319479186,1.1423515515054732
2020-12-16,2.3065259024243234,1.1565895599326885,0.7265728209755494,0.5222682945102707,0.386911933771801,1.1334277832243564
2020-12-17,2.3194075483300836,1.1638059155437277,0.7335733657368982,0.5277327480555138,0.3917301039740813,1.1434866339513474
2020-12-18,2.3117192854852666,1.1593225721808136,0.7315708476991191,0.527034637433761,0.3929752252648492,1.1416481227047985
2020-12-21,2.316730272920964,1.1636381183545177,0.7369270794664853,0.5325071979008649,0.40014926966382997,1.1522414861018662
2020-12-22,2.2755136707398234,1.1419402161758399,0.7235922688750245,0.5199798350463994,0.39288957275989006,1.130073417889938
2020-12-23,2.2733877232621857,1.1436302534680134,0.7256131262570886,0.5241893752867524,0.39840092958412976,1.1358294393029822
2020-12-24,2.2300925924993686,1.1216170101057943,0.7119198289976175,0.516680892859579,0.39399590611369767,1.1170793150452598
2020-12-25,2.252900267091307,1.1340356088724977,0.718516027090544,0.5211693839518308,0.39835379267667814,1.1283204393144406
2020-12-28,2.2218228460761362,1.1194707118887877,0.7100601246316857,0.5173405499666089,0.3988175169087414,1.119290344007488
2020-12-29,2.2353525338253233,1.1264068578944417,0.710756724425261,0.5135574756485626,0.3912339908656279,1.1163647048459973
2020-12-30,2.234364495597352,1.1255286993026674,0.714038375713209,0.51710495604807,0.3976045922577976,1.1223027183981387
2020-12-31,2.258037843529057,1.137593325412237,0.7233040719995517,0.5239688846408561,0.4040692388715362,1.1366292272149734
2021-01-04,2.266726671323711,1.1474029654512203,0.7300139116271169,0.5323369996432156,0.4142269490299366,1.1509184754581703
2021-01-05,2.2518493396786936,1.1433006033843482,0.7280577929776313,0.5326047412292564,0.41807317159660085,1.1510961556936827
2021-01-06,2.225417091873094,1.1289053731052707,0.721152118065078,0.52846581768977,0.41632033077079716,1.1405583133461403
2021-01-07,2.1541871761162175,1.0933114440352336,0.7037948427879711,0.5192074998355932,0.4171279829064448,1.117025643931845
2021-01-08,2.156643451648889,1.0962051353853914,0.705782464302417,0.5174701559676997,0.4152893213833392,1.116769060939231
2021-01-11,2.097116704890674,1.0712158768621327,0.6928377749014509,0.5068022111894976,0.40687556390450247,1.0922845383787216
2021-01-12,2.104531351351783,1.0770505251625058,0.6967513669578571,0.5119059420548271,0.41433178655808683,1.1025500133925847
2021-01-13,2.0635569393845135,1.0606908482896398,0.6889705770231729,0.5071816405336577,0.41167615316960515,1.0889960048778549
2021-01-14,2.084247337348347,1.074929482821602,0.6942529081265224,0.505860129591969,0.4029058975053403,1.090563313093329
2021-01-15,2.1208115040845437,1.0895834041422725,0.7010056559357483,0.5077822347348216,0.40293755561574324,1.1003301709203057
2021-01-18,2.1437661901325806,1.1003668693676507,0.709293334100044,0.5172790520517325,0.4102343596829701,1.11559361470085
2021-01-19,2.1701191138088394,1.110557242849676,0.7124477308502198,0.5157487053303788,0.4040281005711938,1.1182715881165974
2021-01-20,2.1716681740576163,1.1059739919762375,0.7111613155932807,0.5179260740174142,0.4077733099062162,1.1201218000060196
2021-01-21,2.1792700231161475,1.1103619672881095,0.7149338849707624,0.5223142712971668,0.414093952498052,1.1283537551088656
2021-01-22,2.153227526326375,1.0953991503586682,0.7056011218951169,0.51604940031954,0.4125067932503453,1.1160982446388472
2021-01-25,2.1068118200183137,1.0735581844603246,0.6933015535838347,0.5107715002164307,0.4130249346098335,1.1009420940278265
2021-01-26,2.097756189205306,1.0688270007049814,0.6864734928468731,0.5052504889901522,0.404748382138503,1.090906431050172
2021-01-27,2.106330764840257,1.0711822113212643,0.687646898055454,0.5061343284746747,0.40495085228230887,1.0931429143892577
2021-01-28,2.1001061346741454,1.065097682929828,0.6807115205224007,0.49743657745700376,0.3941494948573333,1.0794603321523404
2021-01-29,2.0741714871920314,1.0494884165336438,0.6702089768291807,0.49075342648064757,0.389012302900091,1.0645856199016193
2021-02-01,2.0733054941989297,1.0469823039901456,0.6713478759560532,0.4943789671401077,0.39304149874856675,1.0681290335160485
2021-02-02,2.070218450635021,1.0460412294769783,0.6717627670746608,0.49660396878858226,0.39831572158271195,1.07244403517148
2021-02-03,2.042613263049372,1.0315444346558986,0.6628526727192608,0.4889286880195676,0.3954065003887304,1.0588848572434049
2021-02-04,2.00284176833238,1.0121958891658092,0.6513703264651809,0.4790490426109454,0.39002730974206173,1.0399601906244975
2021-02-05,1.9977251929626405,1.0088451918584767,0.6462648951905224,0.4721266835650897,0.38198995580187595,1.0298184292120727
2021-02-08,2.0006939284547145,1.0104684876699623,0.6472647113431117,0.4741866543183263,0.38663146309038526,1.034175843467571
2021-02-09,2.0222173102372425,1.023485673663389,0.6564363019408092,0.4830998783486833,0.39744923654479664,1.0524256168464932
2021-02-10,2.0396276726155826,1.0323427395656828,0.6595975493373455,0.48586181665639183,0.4001989367070928,1.0597331951192437
2021-02-18,2.0944448735003864,1.0615277929818532,0.6793395703025967,0.49933768532340356,0.40640612743285287,1.0869272650971722
2021-02-19,2.153950066607303,1.0947788551512083,0.7020139061995754,0.5141502938217789,0.410880344366278,1.1160043778587512
2021-02-22,2.186685470171793,1.1111741338576429,0.7139300199545169,0.5182188690316174,0.4083939304326401,1.126938879925727
2021-02-23,2.1727093701366296,1.1038650688191538,0.7077964057246422,0.5148629784098622,0.40674565986412975,1.1205877103492006
2021-02-24,2.182211914113255,1.105205757639417,0.7084465940489373,0.5125580097219199,0.3990307775051397,1.1167898439737498
2021-02-25,2.1713777409410686,1.1017032900282986,0.7060183690584049,0.5103512133763636,0.3975296602739822,1.1124053932738547
2021-02-26,2.178700199867773,1.104078038070471,0.7032869827681931,0.5050689624120293,0.3882010656092583,1.1052498285524013
2021-03-01,2.213917929268938,1.1234804742449236,0.7173374846601036,0.5169945018848866,0.3974173210849324,1.1275912203119418
2021-03-02,2.203997716511047,1.118858000926937,0.7132590742103402,0.5139454317683352,0.3935310349126019,1.1216415641198514
2021-03-03,2.223210067540598,1.130251114133754,0.7229741597495791,0.52345939343752,0.40111101008244876,1.1374103502281614
2021-03-04,2.225967216051,1.1286288586833901,0.7197441503786834,0.5182862753159916,0.39122639099603557,1.1284922589681055
2021-03-05,2.2535647662455682,1.1399468366347634,0.7254510879612979,0.5197280195392434,0.38922594878826183,1.134815441345319
2021-03-08,2.2467611351233225,1.132961085335807,0.7201200688685253,0.5146724911377084,0.3782135205812347,1.1224380920804458
2021-03-09,2.212442833264938,1.1138027630836063,0.7041397765339906,0.5013407342191133,0.3682963563889787,1.0994397217383143
2021-03-10,2.1821997937211695,1.0972290908858944,0.6940583472527069,0.49693695270999516,0.368717815647454,1.0883323716059465
2021-03-11,2.2122199809875633,1.1151199650206554,0.7074633606350771,0.5085795690047902,0.379976281618691,1.1108229462180577
2021-03-12,2.221391217277397,1.1222912037098467,0.7101903827554495,0.5109123278044081,0.3809772696719487,1.1156332707611294
2021-03-15,2.2304380007172777,1.1260922577342694,0.7129460700303091,0.5112593371314771,0.3770851383408173,1.116037090305185
2021-03-16,2.2639584892440756,1.1400988766404665,0.7212669248096569,0.5156448904520984,0.37837658876035224,1.1283330838664347
2021-03-17,2.269684887768016,1.1423494080496328,0.7223653051792507,0.5174697039363053,0.3797381602866,1.1313035510697687
2021-03-18,2.2684857307504633,1.138934636527044,0.7226679098539877,0.519268581793777,0.3823553071935739,1.1329494283172477
2021-03-19,2.272457740164685,1.138556756361608,0.7214967979488319,0.5145467153542103,0.37649214228344763,1.127368557601262
2021-03-22,2.298331581649034,1.1551876987049958,0.7330344374463348,0.5252229630731606,0.3829991347340755,1.145408650156836
2021-03-23,2.281868123422794,1.1469225616991892,0.7248734672689889,0.5176905970563558,0.37543404010172393,1.1327285899470492
2021-03-24,2.273887935990963,1.1421410197664057,0.7204898134471479,0.5138964615927895,0.36712657370763196,1.1229460164730851
2021-03-25,2.265561755811151,1.140078909133248,0.7186320881450666,0.5117464559772419,0.36670160341195374,1.1199397524005414
2021-03-26,2.2856935378518757,1.1492590087226628,0.7272394193928584,0.5193416324859103,0.37442633081755705,1.1344605592824077
2021-03-29,2.286929651973257,1.1509802252409949,0.7297497729585425,0.5197300228819307,0.3767194809174922,1.137266733026938
2021-03-30,2.2642162135681825,1.1397729276972288,0.7241835580573124,0.5162852980522222,0.37747513866347826,1.1310718881830302
2021-03-31,2.287387869420501,1.1472563238827103,0.72596866678291,0.5162911964439477,0.3754875681373016,1.134240849258959
2021-04-01,2.28762415755087,1.1480712211185558,0.7272368273632486,0.5187926824363797,0.3792573128001627,1.138198870681332
2021-04-02,2.291827349833414,1.1494113509279427,0.7270120297028687,0.518377179890752,0.3800109931678348,1.1390830605229703
2021-04-06,2.3136558551419033,1.1603954238503824,0.7342146376316911,0.5228663830151614,0.38245778582636175,1.1491264995582753
2021-04-07,2.3319453668236556,1.1665527969119494,0.7376803242182187,0.5262011348136132,0.38366669874882753,1.1565459484816194
2021-04-08,2.314941127124959,1.1599014299904353,0.7330425957471838,0.5237980959552315,0.38133122532999914,1.149621238793466
2021-04-09,2.325164919715552,1.1624278877461895,0.7347334301554915,0.5229815394024826,0.37946653415143095,1.1501868253039456
2021-04-12,2.312496195887542,1.1540347450904929,0.7275636314459772,0.5165692883713691,0.37208744562786467,1.1377363254372863
2021-04-13,2.299970223530965,1.1466911298776121,0.7206005957336973,0.5107125274221155,0.36980768526106583,1.1289050662183446
2021-04-14,2.3302524019799793,1.156996453739587,0.7268178537537318,0.5153245696135456,0.3739833500427641,1.1416034830522095
2021-04-15,2.3369197074939208,1.1599695687879434,0.7250435027730446,0.5132667939501449,0.3714181141594457,1.1398086278167
2021-04-16,2.3802802665855745,1.1807421313561477,0.7385539229447453,0.5212859951753092,0.37469409515658514,1.1579396143558536
2021-04-19,2.3946345186918507,1.191365080163671,0.7457111105557723,0.5278500639891182,0.38160084157047935,1.1708497180899349
2021-04-20,2.3865245044363297,1.1860189247566515,0.7429557513768259,0.5261490414580993,0.3811321978431054,1.1670985923236967
2021-04-21,2.381748727240067,1.1796016544165748,0.7395470056557624,0.5243850699870785,0.3795130786258998,1.1638277724219983
2021-04-22,2.3879068951603526,1.1816941306945201,0.7419196777440915,0.5254573191196288,0.38070703138884454,1.1667977921674153
2021-04-23,2.358876745337002,1.1685339231469676,0.735448989937836,0.5216177920169268,0.3798072559146724,1.1570709459710333
2021-04-26,2.352951759554395,1.1648044499825723,0.7319910813276268,0.5185745475422578,0.3769102545523341,1.1515475397163129
2021-04-27,2.3385327759233285,1.1587789472109893,0.7284713197609831,0.515741515348719,0.3756778029340226,1.1458263144761143
2021-04-28,2.338783232255054,1.158112510677564,0.7296647287614232,0.5169992059705686,0.3792021599693475,1.1499104874805788
2021-04-29,2.34291406609287,1.1579718256519653,0.7286120322867525,0.5154934648734956,0.3792485155368461,1.1493161261049007
2021-04-30,2.3232795144835356,1.1485735855489754,0.7224994523002066,0.5121213476650198,0.3781970864461985,1.1414552763035346
2021-05-06,2.338280113346543,1.1556152127955,0.7250597873044896,0.5161791578657104,0.3802369742289666,1.1481770906064455
2021-05-07,2.338379553671829,1.1561820482301572,0.7242018825035452,0.5151249466071937,0.3772875632052846,1.1457764167539715
2021-05-10,2.343849726983328,1.1593100570736017,0.7251011807460913,0.5170735785202601,0.3817684169599419,1.1519630810974344
2021-05-11,2.3606280280433607,1.1669111961808425,0.7285492246713458,0.5180821109277088,0.3806622496588278,1.1560003158029841
2021-05-12,2.378705571448233,1.175668819760576,0.7362646846402858,0.5237327246324204,0.3850227659115988,1.167124493072481
2021-05-13,2.3711674841589065,1.1709288970748257,0.7329704270977199,0.5197105538886025,0.38053083039283037,1.1598833156462385
2021-05-14,2.3975539651463076,1.1832398978587595,0.7412290327947353,0.5259875773716929,0.38491300273807066,1.1729907182244443
2021-05-17,2.3588507206418603,1.167908478524522,0.7320997162371857,0.5228834225648665,0.38711445554847934,1.1642813444527138
2021-05-18,2.365079614469455,1.1720784771711903,0.7343672782161638,0.5265146863387297,0.39118839648636444,1.170517645875517
2021-05-19,2.3591245571948978,1.1685088409645112,0.7325920977838272,0.5244395915766321,0.39085417914026854,1.1675274497607302
2021-05-20,2.350504006628701,1.1654131354248234,0.7318667176006958,0.5222315567121072,0.38641306157628347,1.1621853675488716
2021-05-21,2.361118711324398,1.1697866686002654,0.7329936629571209,0.522238668680025,0.38776510508475265,1.1652828902186259
2021-05-24,2.373264928626742,1.1752861415809754,0.7384785490109042,0.5246947215208524,0.3888140508984894,1.1719891494010948
2021-05-25,2.3764449562376777,1.1809572963887807,0.7424757539572852,0.5295761020884023,0.3958048647310751,1.1810987549927245
2021-05-26,2.393867854756023,1.1879033433262907,0.7468865961000812,0.5322580930742992,0.39743040903048577,1.1877899176425888
2021-05-27,2.4058144199683973,1.1934467810397091,0.7509445211655748,0.5356041530746614,0.4008142868154838,1.1948912458581438
2021-05-28,2.3955652475841513,1.188766704393516,0.7487896280153745,0.5334561759994165,0.40035195511271926,1.191016855321462
2021-05-31,2.407800249107556,1.1930768319481515,0.7538264844359475,0.536631732588225,0.4059066560053199,1.2004747636621642
2021-06-01,2.4259451710054334,1.202925948813118,0.7588791451207318,0.5396483209674029,0.4082621151355551,1.2086181862034782
2021-06-02,2.422251946922201,1.2006396798793464,0.7551258191038576,0.5344679954638724,0.40251315968241186,1.2008703778137677
2021-06-03,2.4338511880190934,1.2061410008886086,0.7560057582711904,0.5341356991066641,0.40084624695022986,1.2022561263998213
2021-06-04,2.428128715507829,1.2037124761115832,0.7549974864657845,0.5340641485213586,0.40231909826940465,1.2017378308021647
2021-06-07,2.4366985903718605,1.2075355336089375,0.7589794581914996,0.5370858720319938,0.4047066002111242,1.20846061784437
2021-06-08,2.449952581128312,1.2103691551478057,0.7604324444640083,0.5349733580894847,0.40011531969944847,1.2071108520297695
2021-06-09,2.4598534358264184,1.2138618535911994,0.7626919909713946,0.535992907515705,0.40070063173039555,1.210313876107874
2021-06-10,2.4613838548169156,1.217150243341615,0.7641669445460468,0.5369231193573011,0.4023248616917736,1.212989763561847
2021-06-11,2.457556877026647,1.2128458116377308,0.7596204877013135,0.531308478710415,0.39876850063263514,1.2056307642532031
2021-06-15,2.4298656202279196,1.1968092225636422,0.7490501541113397,0.5243143412989534,0.3940331638778616,1.191462863265184
2021-06-16,2.419031911259899,1.1892563951824415,0.7414909150288729,0.517906239136495,0.38526731252282104,1.1782782580819144
2021-06-17,2.414990513440716,1.1892315368935344,0.7439221380029004,0.5206054780039987,0.39083407246942725,1.1832855104461868
2021-06-18,2.4278128861271155,1.1956035506291565,0.7498939393327421,0.5239751613937118,0.3952206760777036,1.1918977847192762
2021-06-21,2.441898568173943,1.2045993028764959,0.7569498370459727,0.5289592655603821,0.39832691487813987,1.2014583839740614
2021-06-22,2.459536003931069,1.2115271963174568,0.7595653900804712,0.5315407661053592,0.40016966073840254,1.208651295960572
2021-06-23,2.455473894357922,1.211959521508216,0.7618343746176832,0.5338016364386666,0.40402420304474135,1.2124148192655475
2021-06-24,2.4566124747442415,1.2087031279525493,0.7593233335204475,0.5299845729565655,0.4010496855617026,1.2075594208402054
2021-06-25,2.4540693190514555,1.210330735133021,0.7615710179628531,0.5345167366348601,0.40564050001200225,1.2131767759314127
2021-06-28,2.4565554755272316,1.213087100852292,0.764161977927128,0.5361823923352466,0.4074192556494479,1.2166198527020977
2021-06-29,2.4352770592081305,1.204327442127184,0.756469763042903,0.5309119747155111,0.40281943808355897,1.206193866769584
2021-06-30,2.4390997970079065,1.207344242606154,0.7583344225846076,0.5342046698999247,0.40673410381170727,1.2116121622313825
2021-07-01,2.4245844520528363,1.1971355543072277,0.7495424385562022,0.5269319735386386,0.40052461349883434,1.198313275641122
2021-07-02,2.416034017281474,1.1937333808719561,0.7464345521727047,0.5232651981828743,0.3962596909681847,1.1915728413800533
2021-07-05,2.4395996163789806,1.2019912362118366,0.7535172845474769,0.5277187770476511,0.40146790681144046,1.2029694823172108
2021-07-06,2.445772572480391,1.2036481728388655,0.7539426389599012,0.5277743294149025,0.4019186523324031,1.2054053804214437
2021-07-07,2.449092850191646,1.2055729781401459,0.7561176286121623,0.5308732225265828,0.4072306612080773,1.2114138242133918
2021-07-08,2.4287231459095806,1.1953960616439443,0.7496488651679925,0.5269373933361825,0.4057371861953055,1.2025953926008137
2021-07-09,2.4467272462316947,1.2066664894087569,0.7556289147472064,0.5310571784583752,0.40909117063788486,1.2124330133828132
2021-07-12,2.463380042532925,1.218056893649208,0.7627125260989362,0.5369582091544086,0.41554009973214756,1.2251609140206
2021-07-13,2.471508482817351,1.224706841254818,0.7674483532788362,0.5413747735631623,0.41914647125438825,1.2339874150212438
2021-07-14,2.458983817468407,1.2195364863483653,0.7637302091554365,0.5391738122490898,0.41492464028488196,1.2270099335475397
2021-07-15,2.4371628303366357,1.208276923459074,0.7573656398367646,0.5380322502681405,0.41842647475788547,1.2220730027998987
2021-07-16,2.433433117413271,1.2075433751845952,0.7575942364799428,0.5395957466270687,0.41936731129885246,1.2228841762594915
2021-07-19,2.427715716045792,1.2068529121461444,0.7567942729933457,0.5396180055972413,0.41742771470631024,1.220790343867512
2021-07-20,2.428782188154844,1.2075532591841696,0.7574367155708567,0.5396479380855097,0.419293712247796,1.2233666747683618
2021-07-21,2.4456290428026146,1.2141859667974555,0.7610923403607153,0.5435279219545835,0.4269452716736833,1.2338147432072526
2021-07-22,2.4478725785680484,1.216907440079619,0.7646970504293404,0.5462282137979437,0.43093801324124187,1.239297348904929
2021-07-23,2.4254370564046055,1.2044049068985017,0.758073464322919,0.5413521813162208,0.4280278791501269,1.2284466481839715
2021-07-26,2.3942830109873925,1.187229288356329,0.7478052312430141,0.5326498752282326,0.41955770359388567,1.2096477223527105
2021-07-27,2.3635415739926215,1.1680827458471312,0.7354326061201487,0.5192197319858487,0.4045373521272537,1.1848212324621692
2021-07-28,2.3120701201629816,1.1418329255925854,0.7173962311418969,0.5077291218567118,0.3973727680172133,1.1590844186687366
2021-07-29,2.333754182284257,1.1561427215242426,0.7301858338614375,0.5183640096108196,0.41058388200197,1.1808595984870816
2021-07-30,2.345767507927702,1.1641241903053263,0.7357224123478243,0.5224695654198475,0.4125325058117641,1.1884874076069565
2021-08-02,2.381551425637984,1.1832272537286452,0.7513056029521735,0.5323398660622239,0.4213692904533364,1.210629634579608
2021-08-03,2.3947678072993543,1.1880759933643652,0.7524314781433779,0.5304341785988399,0.41334681602390144,1.2086758172657157
2021-08-04,2.397032018576451,1.1890306936345298,0.7563097622449094,0.5350489044648764,0.4237284849315121,1.2185236276035913
2021-08-05,2.3881540829794794,1.1816874012322973,0.7519054275307272,0.530741091393705,0.4211724992323718,1.211265546878382
2021-08-06,2.3796706193943025,1.1810952465889397,0.7528989316251066,0.5337289734570456,0.4252633584055338,1.2143210097046826
2021-08-09,2.4136761570038456,1.1963908675243373,0.7640168904419783,0.5404486119004756,0.4283089163925588,1.2293185130882387
2021-08-10,2.431703475684703,1.2056998854992198,0.7715883080359377,0.544383257682035,0.43151001711229153,1.2400204184777577
2021-08-11,2.44182124030513,1.2109547405961036,0.7760469058439183,0.5491066387479677,0.4354396730923582,1.2479766156088183
2021-08-12,2.444530773881442,1.2140065700587472,0.7784950917159561,0.5514333264921313,0.437490652276409,1.2519032159657093
2021-08-13,2.4453355352835318,1.215207097500293,0.7805079286853204,0.5539237778216102,0.4377980647010671,1.2541873509868318
2021-08-16,2.4567413515729584,1.2189651685422134,0.7826395739054111,0.5530521943561226,0.4329271797095605,1.2536326509179363
2021-08-17,2.4133351624652195,1.194893773842129,0.7639554055303305,0.5388689433922915,0.420434574913559,1.2255994249995223
2021-08-18,2.439227392858793,1.2068731337176621,0.7700676785591197,0.5435623304889309,0.42369703954522947,1.2366856330598122
2021-08-19,2.433498602162389,1.2032281071706756,0.7672106274285856,0.5414436651681154,0.4238722646877032,1.233578377808599
2021-08-20,2.419453713933479,1.19908526497687,0.7640404038582668,0.5408968638413553,0.42302964083624156,1.2295447670605555
2021-08-23,2.4626794386174184,1.2218709406481374,0.7785945058609683,0.5521961728838072,0.43294930361616896,1.2541976983062917
2021-08-24,2.475055028516876,1.2258682592502765,0.7824348212243822,0.5558627015601303,0.4379147727745062,1.2630693435243363
2021-08-25,2.499109701955119,1.2378492341813079,0.7883911604884458,0.5603291435557987,0.44234653525234946,1.2745033843738545
2021-08-26,2.5038174999367366,1.2387240464908826,0.7845893366331499,0.5572596414731376,0.43965132529007217,1.2709860520722431
2021-08-27,2.495496143504958,1.2344765403139317,0.7821476574447798,0.5582465193860081,0.4435599193217908,1.2711901580358165
2021-08-30,2.484284318617525,1.2356191399667418,0.7820495045056286,0.5603776211582342,0.44697087777086403,1.2731777729569458
2021-08-31,2.4965196049893246,1.238274552812063,0.782903834190881,0.5606456629862042,0.4493819983552089,1.2778701539882302
2021-09-01,2.512429943335191,1.24633907247431,0.7854092541953492,0.557941861549494,0.4420414754403892,1.2765775751292712
2021-09-02,2.5235772046713763,1.252019188492704,0.794488846953886,0.5674554296766251,0.45182720166021384,1.2918273683805528
2021-09-03,2.5448123087769257,1.2634016166457713,0.7984522992005659,0.5678692476766523,0.44530913686481943,1.294103675285488
2021-09-06,2.5654310945981114,1.2766360363376885,0.8074113390005828,0.5743220430037965,0.44908254731577574,1.306949319366729
2021-09-07,2.587879292963322,1.2884783772374326,0.8151088107370446,0.5819446642392178,0.46049062305737387,1.325473161703205
2021-09-08,2.627851492422006,1.3082997657343158,0.8244870476890874,0.5863788261149547,0.4630407855422258,1.3401837164514767
2021-09-09,2.637545251742753,1.3120113861938814,0.8264779625947488,0.590124163474867,0.4676827086346475,1.3469805059952507
2021-09-10,2.6145843978722816,1.299392929180552,0.8209001408947351,0.5865953836441954,0.4684238094695688,1.3390426360322891
2021-09-13,2.6449697200012183,1.3117938592175158,0.8245358610483253,0.591601561942161,0.4736027889760532,1.3511457673878038
2021-09-14,2.607231787574931,1.2894293331261975,0.8087129060607239,0.5842458905031606,0.46805828246103104,1.3321252182219854
2021-09-15,2.6263390791728245,1.2972006239878995,0.8149858862132046,0.5901212058700788,0.472316972374693,1.3428530188148222
2021-09-16,2.610262958931247,1.2839349085945446,0.8061271003139516,0.5807542739014081,0.46114070301019916,1.3249288251829738
2021-09-17,2.594348382767311,1.2769978484403888,0.8039774211315477,0.5797407309039202,0.45935150485235915,1.3196832244685273
2021-09-22,2.5983619185307885,1.282243195088667,0.8074700024398617,0.5849078397234115,0.46476204655395215,1.3277811851928036
2021-09-23,2.626941117156841,1.2976239366056903,0.8135146851238607,0.5881585917404272,0.4659643550514434,1.3390357042678456
2021-09-24,2.581856826988511,1.275785145962836,0.8003967479343624,0.5782304340757316,0.45457626615973434,1.3145482172920957
2021-09-27,2.513119021667162,1.241395323318384,0.7833303549729759,0.5621270938405292,0.43747429196810406,1.277642863190566
2021-09-28,2.525478339795397,1.2476981283620636,0.7867591897384633,0.5658207540474199,0.43851653640970606,1.2836032313820689
2021-09-29,2.475543690767101,1.2192721660736117,0.7668775836491489,0.5478665795038536,0.4216910969726415,1.2481948989379967
2021-09-30,2.518898810949606,1.2392208432912448,0.7791664532819459,0.557804891819765,0.43097921916274234,1.2716837089186697
2021-10-08,2.5838936277268956,1.270700440701502,0.7954765311378549,0.5645219675850589,0.42843938426132816,1.2915925142096896
2021-10-11,2.5883421613487574,1.2713519925074321,0.7964710745649759,0.5615902462531305,0.42515858327218903,1.2891715527808765
2021-10-12,2.5650527945391364,1.2570164147925182,0.7865497954539806,0.549505146248458,0.4141480391572536,1.2685051661231364
2021-10-13,2.5641799115543864,1.2571782083881966,0.785353419441356,0.5480530692293099,0.41426120913166464,1.2674648431518352
2021-10-14,2.5717891797433046,1.2631098406007133,0.7899913327411676,0.5506615463677162,0.4164689804265345,1.2746399559868222
2021-10-15,2.5440644397068963,1.2498691069080667,0.7802419259048282,0.5461795996974393,0.41736552935092114,1.2645485297698023
2021-10-18,2.5539558481476914,1.2591699448652174,0.7869821432791257,0.5516502122710113,0.4239039428947543,1.2760942790377243
2021-10-19,2.5499088611864207,1.259955688955682,0.7907150812751649,0.5576586954116607,0.42911128451645947,1.2829743405388851
2021-10-20,2.5327928630829795,1.2534763816722017,0.7883031674639235,0.5573664941494567,0.42986751859529887,1.2794675975037222
2021-10-21,2.51314813349613,1.2438033231576828,0.7838709857697728,0.5562929397394212,0.4306298938548365,1.2750857885913585
2021-10-22,2.496378811296553,1.2340849611878508,0.7761657147824823,0.5496804220790344,0.42418413766850177,1.2620359941128731
2021-10-25,2.4881146726752204,1.2353181249327962,0.7789510669005161,0.5548383797390861,0.4303710912075369,1.2684082591048362
2021-10-26,2.475201280483187,1.2287786150555782,0.7752278607918501,0.5519725548387878,0.43002516014636166,1.263022885510925
2021-10-27,2.4224892788592265,1.205202228485093,0.761710640591062,0.5440657507491689,0.42744823143211974,1.2432610380281273
2021-10-28,2.3919143236053175,1.1895382145970754,0.7498083727534639,0.5321077546825927,0.41710474283059196,1.222477819079935
2021-10-29,2.435143714572369,1.2068365628830382,0.7609212945995505,0.5393594022647309,0.42223695585523857,1.2404160865715494
2021-11-01,2.4528760325416568,1.2193283976859854,0.7713061502473791,0.5475164066456996,0.42483558387140896,1.2534534976146112
2021-11-02,2.4178081607954787,1.2047889698862335,0.7615445304989227,0.5403224889900877,0.4172273909815262,1.2359234657057017
2021-11-03,2.4362754441990773,1.214330505418859,0.7660371915313015,0.5436428395417047,0.41799964880445933,1.243203832650112
2021-11-04,2.458899963649791,1.2275182057508514,0.7762663921428932,0.5513097502431891,0.4216194357353725,1.2582442089343429
2021-11-05,2.464502720030999,1.225243102269363,0.772134077693448,0.543321858951932,0.41210034172631593,1.247683666942512
2021-11-08,2.482648577910316,1.232465887499737,0.7764176443108749,0.5445263579384663,0.4143022068026018,1.2542639613483506
2021-11-09,2.501990189484982,1.242207985383681,0.7831179427097589,0.5497709230608164,0.41802047065764253,1.2650332089197995
2021-11-10,2.5217264095915097,1.251398813274687,0.7880077478092375,0.5512033926138185,0.41544825382853917,1.2695817704643835
2021-11-11,2.5473026677132737,1.2630647445728538,0.7954033914838459,0.5557212964262278,0.41819297719541537,1.2816833626811799
2021-11-12,2.556170348798804,1.270016949483659,0.8012490492645986,0.5610573816188064,0.4217069152663361,1.290485606872884
2021-11-15,2.5923548752803556,1.2878459237075681,0.8088886239580588,0.5642176029818171,0.4174447298369428,1.2990670790779657
2021-11-16,2.5811309238020232,1.2834618986899937,0.8041426231600816,0.5592939311137247,0.4130504496036024,1.2905307622082995
2021-11-17,2.6080527633242094,1.298131372761813,0.8134063408617715,0.5666127151838614,0.4195257888998102,1.30657055452422
2021-11-18,2.5859469643565083,1.2883231965505588,0.807959948935105,0.5644485248602815,0.418928256724224,1.3003103670184628
2021-11-19,2.6152729865227515,1.300697676067393,0.8171080767502934,0.571242222199995,0.4241025471551677,1.3150442850124375
2021-11-22,2.6150638891589573,1.3046069295126157,0.8221792244375445,0.5752884831312053,0.4308015217365778,1.3234633777426916
2021-11-23,2.626847907095407,1.309189780319581,0.8265110816190493,0.5773526036808021,0.4303197916557536,1.3276342817715172
2021-11-24,2.638358899573198,1.3136779386430602,0.8289588129581329,0.5777350585105787,0.4294894465995666,1.3301580088072829
2021-11-25,2.6457292889156334,1.3137676464063899,0.8288515425480666,0.5773030513572328,0.42714227519026277,1.33037006313875
2021-11-26,2.6321607857887965,1.3075264859360063,0.8257743640221381,0.5772593913780271,0.42761025275121173,1.3270255684456167
2021-11-29,2.607489222683988,1.2983664969156299,0.8227300282398934,0.5781121199067807,0.4302116431556722,1.3237076307364746
2021-11-30,2.645162888521584,1.3119419901542204,0.8294273048107533,0.5817227489560978,0.43133490168144994,1.3348006817977345
2021-12-01,2.6903318127453497,1.3308813934943278,0.8384556650594504,0.5868059772152819,0.4321452079890768,1.3489522127631952
2021-12-02,2.675406521824566,1.3212974039280045,0.8299495433419669,0.5812147794324375,0.42875615688083024,1.3392773819958959
2021-12-03,2.6911177563194077,1.328239450038402,0.8354072430711523,0.584753975392805,0.4332522584836947,1.3484589485417084
2021-12-06,2.6584793773845368,1.314249026443521,0.8266146607889785,0.5805944966091833,0.42924236570384483,1.3350944547940544
2021-12-07,2.6676698187971595,1.3129222023944715,0.8224628722845154,0.5768454255901055,0.42378641290458946,1.3292886272184643
2021-12-08,2.6781333094031234,1.3224907087724422,0.8330919606286284,0.5854018121144429,0.43208435576696164,1.344853883675398
2021-12-09,2.701765502566328,1.3323232489527672,0.8383789356821836,0.5872626417452552,0.4315625394506678,1.3527507253594697
2021-12-10,2.718997693734117,1.34041331410005,0.8403345698581755,0.5867593225616938,0.4314263485667635,1.3564348417761058
2021-12-13,2.727466729792628,1.345093751662828,0.8426260533317296,0.5891982586756287,0.4351146630369447,1.3624131206488919
2021-12-14,2.7540201774560784,1.3524288195267025,0.8450615652054859,0.5884326018869129,0.4322535576730981,1.3651975055862124
2021-12-15,2.7735116633253796,1.3606741267262084,0.8467312745386045,0.5881195583169765,0.432152302370927,1.3691269833943684
2021-12-16,2.8020846569816027,1.3722560661372936,0.854184392114482,0.592014228572297,0.43602004273010236,1.3823077030927997
2021-12-17,2.8045332298660264,1.3694319820535976,0.849926663442557,0.5882963148179668,0.4305407958719211,1.3753949671352355
2021-12-20,2.816977722924305,1.36653729312387,0.8426468291691984,0.5810556233705674,0.4215363071994535,1.3645455796858688
2021-12-21,2.892202649576266,1.3963447535759366,0.8566566692345394,0.5879455437219997,0.425557850540771,1.3881680126147307
2021-12-22,2.887641562181296,1.397627112136518,0.8601566818549661,0.5919216103461103,0.42738976346406243,1.3921898182638708
2021-12-23,2.846750089016845,1.3853329039538458,0.8568021201764254,0.5929015043665188,0.4300336138136663,1.3885205020741638
2021-12-24,2.8230138903519415,1.366835373824158,0.8464704670281388,0.5834973756857877,0.4222569508138693,1.3697208782767734
2021-12-27,2.8573493556761864,1.3773022335092853,0.8513632235601357,0.5859568148100907,0.42176018041112123,1.3775663792277237
2021-12-28,2.873527105567567,1.3852770836098816,0.8547794897633285,0.587450046535212,0.4227870818812535,1.3832000769187665
2021-12-29,2.882725259329322,1.387318184260832,0.8540324081266334,0.5862371592305134,0.4197710595948729,1.3817066917083298
2021-12-30,2.9054337302823012,1.396319842278474,0.8581605753336237,0.5910025223888841,0.42304562994034606,1.392990245574539
2021-12-31,2.9248830250601263,1.4071120716703835,0.864131281267279,0.5955149841750403,0.425746113336505,1.4028524563742129
2022-01-04,2.992791741945253,1.4352738851303213,0.8759347281681441,0.6019975413317289,0.42465427692272983,1.421148997435738
2022-01-05,2.9743621794869353,1.4245755744803863,0.8642138849512754,0.5915732847614732,0.4158661047764346,1.4026729852358175
2022-01-06,3.0034940899867264,1.438419917271012,0.8739670429412251,0.5973822952541326,0.41792400599635277,1.4154558839769065
2022-01-07,2.9632036321373705,1.4171117409901948,0.862874947284039,0.5892041920270488,0.411020463646419,1.3967885796803219
2022-01-10,2.997556807897079,1.4293236991957416,0.8690310783296781,0.5930590619122891,0.4126181918469614,1.4073415145396782
2022-01-11,3.0088326045427425,1.430257455838313,0.8677488821116934,0.5896817719202138,0.40757385521189554,1.403124216341824
2022-01-12,3.047304763565912,1.4477627822041972,0.8768512910058026,0.5965128316350701,0.4134855566795124,1.4204128727850769
2022-01-13,3.051338756946841,1.4424370392026018,0.8713338791232218,0.5894848666781284,0.4052384138295099,1.4089422979232504
2022-01-14,3.003153897444983,1.4185615253484747,0.8633170530140014,0.5864148155634789,0.4047898850170746,1.3969632062840225
2022-01-17,3.0453154416808697,1.436239420437174,0.8725892944093536,0.5928640918614926,0.4093053880263384,1.4135580870340487
2022-01-18,2.99108046282327,1.416101483644563,0.8635997813330318,0.5897749511514557,0.4094209926889322,1.4002539113734571
2022-01-19,3.0228802622680706,1.4212203092631777,0.8631567301322058,0.5886316069536357,0.4056832310387926,1.40100085730874
2022-01-20,2.945084885069013,1.3874051641946759,0.843530715403421,0.5771406957970764,0.4019059566390682,1.372674390337096
2022-01-21,2.9378844039135066,1.3797674878893085,0.833818433848266,0.5688726781896893,0.3960552904036965,1.3606761399756806
2022-01-24,2.912386408209699,1.3704963169552444,0.8320044909430099,0.5699859417187012,0.39736214381265617,1.3573240432397708
2022-01-25,2.806012710883764,1.316455297106896,0.7985556594815877,0.5474058667203268,0.38208493037063773,1.3046006305067186
2022-01-26,2.8389595777350047,1.3284670931019265,0.8046649274404791,0.5521259104709679,0.38387728774302593,1.315515217958442
2022-01-27,2.758299559584569,1.2926625127461682,0.7813475179779068,0.5354201670103418,0.37307088499815777,1.277957673919668
2022-01-28,2.8178324391089684,1.315629199504393,0.790018150473014,0.5385250338422071,0.3703146906073915,1.2916684477919305
2022-02-07,2.862211004617188,1.3359658437941266,0.8041804551353938,0.5493600667208167,0.37612742531003995,1.3136127136131215
2022-02-08,2.9317551990160604,1.363113327519204,0.8190629223482329,0.5571464894875765,0.37971417086489906,1.3364254913995366
2022-02-09,2.953148119196801,1.3757578837267184,0.8304429832895883,0.5658252778105968,0.3882902578405785,1.354770465542954
2022-02-10,2.9551833084244663,1.3726798418651058,0.8317161987170213,0.5654339081675616,0.3898345339921256,1.3556582614779973
2022-02-11,2.9080979518744527,1.3464488449755787,0.8154494460846176,0.5551985777150177,0.38417661721009977,1.3332875476932275
2022-02-14,2.927950285933176,1.3492647938839106,0.8154090383212445,0.5540140097654582,0.3813281115904596,1.333106284649999
2022-02-15,2.924769583534103,1.3493211566223238,0.8157731904344593,0.5572541615710855,0.3850357628456532,1.3370985470211003
2022-02-16,2.976650992641307,1.3678605037171432,0.8253373097787797,0.5629193563043475,0.3872812564774791,1.3529299434816229
2022-02-17,2.9624232602575686,1.3620283460820914,0.8215161116017524,0.5600181735157828,0.38799255335121263,1.348332545969913
2022-02-18,2.9862910344071905,1.3714831271618944,0.8278319763981784,0.5638781488124152,0.3917934581859251,1.360162544500825
2022-02-21,3.0263397450751586,1.3914465757364032,0.8389679799484766,0.5710097923118976,0.39574948288067635,1.3776174390213933
2022-02-22,3.0011788251082288,1.3763351006663893,0.829072878987355,0.5639476955800037,0.39224194004180823,1.3632363590327707
2022-02-23,3.0304610280734456,1.3905954271498828,0.8395075473545427,0.5717241407148712,0.39626642233808157,1.378709231341522
2022-02-24,2.9669398101617235,1.3588526648415946,0.822345712926138,0.5585402187832929,0.38557215929364536,1.3471989966124056
2022-02-25,3.0015157665803924,1.3713773511899667,0.828014212490776,0.5626261327542814,0.38769589313952785,1.359416362799322
2022-02-28,2.993720163982284,1.3702218567653954,0.828211709124477,0.56419019459937,0.38960677582029,1.3606418008275813
2022-03-01,3.0274811566932835,1.3842780738338694,0.8353090384031654,0.5680010953023676,0.3921493862759813,1.3724484816608775
2022-03-02,3.0610610735905133,1.3934392616666726,0.8403323088377759,0.5696769011642041,0.39273586613829664,1.3801815168950335
2022-03-03,3.0809608286625445,1.400403236551761,0.842941483579388,0.5688021624728753,0.39082213670635,1.3824436074967628
2022-03-04,3.0414957497670643,1.3830077961064753,0.8316935175032802,0.5604219590731611,0.3855125497882369,1.3653677991825368
2022-03-07,3.0120463202393384,1.366860383480217,0.8190368956944001,0.5500525479212833,0.37839246974684004,1.3452863245215811
2022-03-08,2.9222365917944098,1.3235770194939482,0.7922054021940718,0.5325558388072372,0.36662913379495826,1.3030075376364463
2022-03-09,2.8678697857130246,1.3010991188380738,0.781136504743244,0.5260883286861563,0.36460885696041345,1.285488935298393
2022-03-10,2.9233723109309366,1.3238739075346921,0.7943984322640973,0.5350654738151899,0.37139445564262347,1.3085023978416084
2022-03-11,2.948796846098099,1.3371508336762314,0.8004005198150053,0.5379601210426027,0.372184219805015,1.3184739842418458
2022-03-14,2.882208054777836,1.3036827995176477,0.7797613879165772,0.5239388130893149,0.3615507643651579,1.2847127960993423
2022-03-15,2.7309890877606997,1.2298181772812606,0.7358379202514773,0.49493537747347244,0.3422300106296764,1.2142464899360084
2022-03-16,2.809633190561697,1.2669072095240337,0.7607128186923068,0.5106325984653413,0.3544747239639804,1.253164261521292
2022-03-17,2.8452114980829455,1.2885397723270213,0.7731619983583956,0.5214294037306515,0.36119465563793535,1.2747699748821542
2022-03-18,2.8998424484053795,1.3110164890063485,0.7861655777471622,0.5286469626100658,0.3646904382824912,1.295413266129122
2022-03-21,2.9381102580936638,1.327643071963605,0.7938604524282524,0.5350302485113017,0.3684697691609459,1.3104663942550894
2022-03-22,2.9559961742751923,1.332206579637786,0.7949109745585317,0.5342229686674635,0.3681118885916763,1.312660295787759
2022-03-23,2.9614517991648697,1.3374889895751918,0.7969896871232733,0.5363699846746062,0.36889500423317056,1.3164848972764946
2022-03-24,2.9262399618759534,1.3218552568757442,0.7876176986539248,0.5301142174258887,0.36698214296558124,1.3027455078535037
2022-03-25,2.948224051707282,1.324956943366293,0.7856327609249772,0.5275623213495372,0.36137399847571994,1.3007623761530196
2022-03-28,2.9466378754843925,1.3218839860727534,0.78621539774713,0.5283194023293912,0.36069239688893534,1.3000940268358954
2022-03-29,2.9169033633075756,1.3103219741576924,0.7813188991784367,0.5249272553097425,0.3595119086238177,1.2910556820836674
2022-03-30,2.952377558854081,1.3295677838229452,0.7936588708973114,0.5353175205522205,0.3660985720912982,1.3119084829809875
2022-03-31,2.9729247277665007,1.3322384704487669,0.793455775803476,0.5334497809948818,0.3628604347124889,1.3109579912008966
2022-04-01,2.977134531559884,1.3323061751124878,0.7935710521010237,0.5342210921822085,0.3630227895412234,1.3131587122096844
2022-04-06,3.0305000881761823,1.3521121944176846,0.8055419765450064,0.5394688823623646,0.3639873949051504,1.3290130210412217
2022-04-07,2.9659980886003217,1.322685088677047,0.7862847334621308,0.5259368381338461,0.3565965822999137,1.299152487467116
2022-04-08,2.9434302382913673,1.315914201080541,0.7841803433586311,0.5260190343991201,0.35702519689771844,1.2955006257585753
2022-04-11,2.879203848395041,1.2840645079931168,0.7643877208577005,0.510889758551308,0.3460600508177355,1.2616284443434818
2022-04-12,2.9435759070419976,1.3099189557151785,0.7787903328528731,0.5201557076994129,0.34946667689950756,1.285416089231679
2022-04-13,2.9058887042881483,1.2920396945109818,0.7636690990673094,0.5086185344556982,0.3423614974573315,1.2626949788354707
2022-04-14,2.925795300578183,1.30260210597177,0.7693777287364327,0.5150252099449546,0.3489380117271553,1.2764094088859195
2022-04-15,2.872805919148361,1.2827887181320832,0.7582623449727138,0.506544930061115,0.34417157979001134,1.2565243428276482
2022-04-18,2.9063817028840937,1.2930810311682612,0.7623988997428792,0.5065229347248426,0.3415474947777974,1.260921770063908
2022-04-19,2.9289920369459095,1.3007699989677524,0.7676248508961492,0.5092294146315577,0.34317322474585954,1.2699495416368576
2022-04-20,2.924469723814846,1.2901342840311314,0.7594963508308499,0.501564064734187,0.33593715233868326,1.2556125623745436
2022-04-21,2.823937421426427,1.2414089995929998,0.7304755103257932,0.4799852349974426,0.3224675582301334,1.2070286585648908
2022-04-22,2.8135409615715052,1.2334408254015148,0.7254414925224606,0.4763795287289562,0.31881926520674686,1.1983819532805893
2022-04-25,2.6022121418582596,1.1382836998832304,0.6713877702727986,0.44278961941684797,0.29796397235382877,1.1114535359392037
2022-04-26,2.489109624211122,1.0930081763367205,0.646572065926328,0.4287254812755963,0.2914449116296342,1.0739331743837413
2022-04-27,2.548905002273038,1.1224403179463027,0.6645154055683486,0.4421014113356811,0.30217224013618427,1.105445053650399
2022-04-28,2.5074390315468085,1.1048262760870393,0.6552350684510672,0.43811793529145776,0.3014993497028557,1.0928085613239449
2022-04-29,2.6159088340723664,1.1542065160249582,0.6832578335131989,0.45723828131896727,0.3121102322490938,1.1386076901648985
2022-05-05,2.663632640097963,1.1731562515300442,0.6964013177606094,0.4656400294981307,0.31691796328616895,1.1585730706399675
2022-05-06,2.648255283849343,1.1588272124053913,0.6845770693451965,0.45740170363732635,0.3097941874287878,1.142288376540263
2022-05-09,2.706609687100591,1.181113465024383,0.6974568468761354,0.4646202975491671,0.3125821071403013,1.1616779288597943
2022-05-10,2.7379040466631372,1.1989558009496215,0.7078026733733801,0.4722307835922166,0.3179470594415852,1.1791121729428216
2022-05-11,2.7307252182358077,1.1968662191276553,0.7098531297548998,0.4743693156515475,0.32148939793750914,1.1824588793162794
2022-05-12,2.763599228099538,1.2093730108998637,0.7166832115441614,0.4776768555750119,0.3211024916143342,1.1914189471014545
2022-05-13,2.7908509366022787,1.2195929674257948,0.7232285765190678,0.4808394335793971,0.32295062155413046,1.2019382843418345
2022-05-16,2.8056654931477776,1.2264438082290057,0.7262098235419495,0.48274523964202076,0.32394654685557306,1.2072493322811437
2022-05-17,2.7993043839620637,1.2223993202924743,0.724374111384993,0.4820668638659789,0.32478453082242753,1.2055814768297928
2022-05-18,2.841270075069895,1.2371043262449555,0.7292466123242094,0.4830547669984775,0.3240318493143292,1.213653607423894
2022-05-19,2.8636619766470615,1.2436052980262176,0.7338459487135582,0.4850798894048861,0.32668074711997425,1.2213763391731038
2022-05-20,2.8933084103996007,1.2570658987102667,0.7427645106404954,0.49150970644330727,0.3310351200669043,1.2371117441241497
2022-05-23,2.9456959975745254,1.2787346904170682,0.7535487645256105,0.49566328757061057,0.332980316079617,1.2529929920032277
2022-05-24,2.834118684950927,1.2291549879768076,0.7242198975422198,0.4764537462130852,0.32006447154058554,1.2045988138517252
2022-05-25,2.900763228450397,1.256849401561587,0.742060653501978,0.4870404106466433,0.32537406594080276,1.2309754054337374
2022-05-26,2.92567907873303,1.2676206967846948,0.7480611892636642,0.49104685688662286,0.32767572182301397,1.2409573282465327
2022-05-27,2.9343592454346705,1.2691043035336511,0.7487857329841584,0.49079655074697703,0.32841839169213166,1.2439096713606175
2022-05-30,2.9716521402835285,1.284835310210669,0.7568459226383599,0.49516485195381993,0.3303186343722486,1.256488076978095
2022-05-31,3.0022553017629754,1.2989296600120095,0.7638123272836688,0.4996687119386441,0.3330405965298108,1.2685026396690235
2022-06-01,3.0256120203233037,1.3075169232289834,0.7683549810839682,0.5004084739281265,0.3327963734231469,1.27385363737812
2022-06-02,3.0523686502787317,1.3134923260328435,0.770657077831376,0.5025169090807495,0.3336691456889557,1.2797778653864886
2022-06-06,3.0823566663163233,1.32555903273555,0.7784495834653024,0.5096335221163196,0.33985892278447843,1.296847602246044
2022-06-07,3.0665357080049533,1.3230513972074778,0.778930529424108,0.5090638563589991,0.34016903319868574,1.2951308466831686
2022-06-08,3.0579557997661886,1.3203547052292273,0.778468012581773,0.5094749336644011,0.34279768792387205,1.2959335269077434
2022-06-09,3.0052074066852255,1.300674865648799,0.7663588076301213,0.5019515399507702,0.3389149836161776,1.276803549183556
2022-06-10,3.048501362488212,1.3197972187914142,0.7779868260116648,0.5114353312497961,0.34557820159594854,1.2979554836542555
2022-06-13,3.0541483367983653,1.3180229045294132,0.7781000923534797,0.5115293864675436,0.34509083934627005,1.2991125360130154
2022-06-14,3.0571559388623015,1.3223297316130744,0.7833172680193925,0.5151371483175148,0.3472725381461834,1.3054346445849763
2022-06-15,3.0636136483896292,1.3225676855993815,0.7832804123684661,0.515070148995809,0.3463268713511674,1.3052759138606236
2022-06-16,3.0898255366023113,1.3321320573244233,0.7871360407896265,0.516649556361377,0.34582419726675767,1.3111039451532227
2022-06-17,3.0875668654145785,1.3346651495339614,0.7890977663619362,0.5185751322638567,0.3491904457477432,1.3155941598447547
2022-06-20,3.132808399761223,1.3505318456226327,0.7968947804398672,0.5227516704985451,0.35017596360761016,1.329175081650168
2022-06-21,3.1386388624285755,1.3508517202645793,0.7917516145836352,0.5180767080434808,0.3466240870156016,1.3229438564453584
2022-06-22,3.1071199298389924,1.3354755326091168,0.7823820587551927,0.511675475745769,0.34230775202007635,1.3075803202660023
2022-06-23,3.158687285628889,1.356331008167217,0.7963218873394902,0.5214328239761882,0.3489599786182886,1.33073342998156
2022-06-24,3.190180297712445,1.367889777573812,0.8039174553275941,0.5268445740589349,0.35128510289592363,1.342728607129446
2022-06-27,3.2164718112063917,1.377861582169556,0.806945104776798,0.5304730797942152,0.35536284065006485,1.3542666986368421
2022-06-28,3.275957223013894,1.3980983660708408,0.8186111423880336,0.5361810409080731,0.35958925335583897,1.3733051883117753
2022-06-29,3.232697237897768,1.376771788059913,0.8048215253287341,0.5244831161824737,0.34987497796459743,1.3474485798274676
2022-06-30,3.2563114105697224,1.3874081233904196,0.811762352732437,0.5281653255795474,0.3536259310298679,1.35860417784055
2022-07-01,3.261428394639806,1.3866769431995682,0.8116802180095322,0.5263194220696121,0.3538228393309913,1.358061975891057
2022-07-04,3.2699812268405077,1.3879058791853447,0.8156119087605468,0.5303118805210906,0.35786225828965124,1.3669099873019621
2022-07-05,3.253712343675501,1.3792405839391413,0.8111313505686548,0.5271940747451371,0.357218354053663,1.3602434886150978
2022-07-06,3.2240859877061383,1.3638291261244924,0.8010381131702711,0.5203729957479424,0.351063689309076,1.3431336178676019
2022-07-07,3.23978736689002,1.3754369432127809,0.8071683900797666,0.5259675442554232,0.35463850736196273,1.354406504437598
2022-07-08,3.2617501384254854,1.3812934582887604,0.8092521527385572,0.5249740986945671,0.3522295849094737,1.355742923335806
2022-07-11,3.2524452279263363,1.374402603612014,0.8044947802182628,0.5199481570994917,0.3464741339271741,1.3463995804592914
2022-07-12,3.2190932737792353,1.3589724049747203,0.7958015544508268,0.5133017172446434,0.34253287175119973,1.3312004909857174
2022-07-13,3.2784294212389087,1.3784379944574257,0.805075654086225,0.5190371631141436,0.344398027707178,1.34745181961517
2022-07-14,3.279417546153389,1.3767635297947705,0.8037676463945995,0.520138710867887,0.3467938238638517,1.3492139902992302
2022-07-15,3.201621173870628,1.3408019493278016,0.7858175427184491,0.509661477861973,0.3431829446467005,1.321491288557665
2022-07-18,3.306232231750008,1.3790590795977262,0.8041951737393741,0.5209477084315843,0.3497680180885429,1.3561646280531188
2022-07-19,3.355535275510473,1.3967741744413127,0.812947205074268,0.526050034027368,0.3502005497991119,1.3696359272495942
2022-07-20,3.3802979259126076,1.4097162086113157,0.8220082200906174,0.5313114072032947,0.3539568499593676,1.3829266648327925
2022-07-21,3.37564558003982,1.4046081970283883,0.8183910924926511,0.5285643324484478,0.35011702533143935,1.375895533484854
2022-07-22,3.3801182071800895,1.4048339685588271,0.8179565577260316,0.5269730867981489,0.34871546151798816,1.3742284624181649
2022-07-25,3.3673726970508597,1.3967312594334476,0.8094791311482058,0.5209291505683536,0.3433664281223716,1.3628764205962647
2022-07-26,3.4000074556335442,1.4141226861893574,0.8193365956220255,0.5275878293389131,0.3475854888074854,1.3790638495387262
2022-07-27,3.421498472096975,1.421674871561236,0.823575042817606,0.5311734477091601,0.35050506078630117,1.3878991462560912
2022-07-28,3.443377169016141,1.4311819616563293,0.8277706861512187,0.5351609518814296,0.3526448621816674,1.3967227559985826
2022-07-29,3.4311992244280076,1.4226773312564294,0.8242238463798791,0.531947590093659,0.3507690139961618,1.3897152408048357
2022-08-01,3.4420385142993375,1.4203954859537673,0.8258971758500132,0.5335571520327815,0.35278879860654067,1.3945151188122755
2022-08-02,3.3075185207453477,1.363912116701167,0.7927973835013947,0.5131651681216414,0.34071799591853197,1.3411460967533193
2022-08-03,3.290461435781806,1.3560912391186772,0.7888084305412264,0.509852179898023,0.33626249708245654,1.3316339597823432
2022-08-04,3.3431427602113124,1.376178495035568,0.7996356187051695,0.5153253342085732,0.33833917477863024,1.3480011274269128
2022-08-05,3.385247513396599,1.394379110944205,0.8098785539387118,0.5202453591665991,0.34041911940512015,1.3626455258078292
2022-08-08,3.4198752805390518,1.4083630736339168,0.8186507579129519,0.5265732113912386,0.34563010441875563,1.3799101112299197
2022-08-09,3.4281132826502922,1.4088071445310284,0.8198295651930946,0.5282194181817005,0.3473665462428998,1.3833093831900611
2022-08-10,3.4400688943466853,1.4104753438746929,0.8208669894271464,0.5294288622045024,0.3478593905952176,1.3859781202335841
2022-08-11,3.4890815229243772,1.4330736580494552,0.8345353025881954,0.5362500462867614,0.35099732917731796,1.4050554758738052
2022-08-12,3.4955529404462906,1.4393339863009087,0.8361418527655705,0.5350424030088434,0.3491439430877266,1.4052276291074126
2022-08-15,3.4907108145984806,1.4405330285586,0.8383576723556774,0.5374465182836553,0.35284989203857736,1.411425961092856
2022-08-16,3.5179657726914133,1.4545334404647023,0.8457354136161321,0.5418909509896785,0.35559589878023695,1.4233888956885925
2022-08-17,3.534097071741875,1.4597987643527832,0.8507027916811118,0.5431219366981666,0.35672989031039315,1.428951335901246
2022-08-18,3.516897998234629,1.4546605895256381,0.8496332501970456,0.5434576918923034,0.35736126255015593,1.4268777691082177
2022-08-19,3.5070762663673927,1.4527642218725387,0.8439372294073209,0.5363101776901352,0.3500130797195637,1.414174353332994
2022-08-22,3.5384723733993275,1.4631880571784583,0.8480712432779031,0.5391184950859909,0.35258428852304885,1.425099881834055
2022-08-23,3.556116377195346,1.469792031312158,0.850454956608403,0.5414819524995351,0.3549543262391052,1.43177424035326
2022-08-24,3.4968596009822512,1.4372714480006399,0.8267137606603875,0.524120871034167,0.34203899030113954,1.3930725126304333
2022-08-25,3.5151825303241138,1.4436341563657435,0.8286072571110368,0.5231230589690988,0.3398040857047575,1.3940524901087197
2022-08-26,3.509288830153556,1.4434095706738512,0.826315289488699,0.5209712536062249,0.337226565354406,1.3895076150100065
2022-08-29,3.543798551199913,1.4555952935078338,0.8313502112440002,0.52299820144834,0.3387364550696165,1.4001406959961271
2022-08-30,3.5634166734615027,1.4578893177277477,0.8290353900506772,0.5190859786943699,0.33390259367537,1.395261197640582
2022-08-31,3.502137001551018,1.4302501481884642,0.8085992884334244,0.5049722804612164,0.3229808834077891,1.36157729324472
2022-09-01,3.509706024531186,1.4273545906279013,0.805077849899907,0.5031830947428639,0.32078315085406783,1.3576106484008448
2022-09-02,3.5538821070992497,1.444433888273039,0.8165364814859633,0.5095556544513693,0.3232500718142067,1.3736680782344362
2022-09-05,3.581119667389526,1.4502957191774255,0.8182090243028738,0.5097934507945833,0.3253614324524294,1.3809905833981435
2022-09-06,3.6126505130154696,1.4679883040172284,0.82965245029568,0.5191298022767238,0.33270734950131964,1.4019489621304275
2022-09-07,3.6097158085564636,1.4687824164022314,0.8304512694797983,0.5212638045387996,0.33466126107570154,1.4049421065533927
2022-09-08,3.5932480441045365,1.4611116048420796,0.8245775492656875,0.5171570237045393,0.33112746023920936,1.395024507412869
2022-09-09,3.595304159807608,1.4624377770953674,0.8264969020038361,0.5170873439360177,0.3319350053032431,1.3967296683366246
2022-09-13,3.613090652650613,1.4642950271280726,0.8256852219298719,0.5173332001243767,0.33144243945670165,1.3993861540160089
2022-09-14,3.5925664020853603,1.4535118844179364,0.8178322463798992,0.5110733297303817,0.32711408700046957,1.3860337526196176
2022-09-15,3.532309581114627,1.4272313298313237,0.8023030955256771,0.4994283798916062,0.3179931215742464,1.357064891267631
2022-09-16,3.4351926365244547,1.3891807555517945,0.7800196556431033,0.48734065606908417,0.30970121398846073,1.3211815565626812
2022-09-19,3.3876031797355965,1.3744311546588528,0.7729683992939613,0.48337163002372097,0.3081818248446819,1.3088763271832382
2022-09-20,3.43348499739548,1.3928655318414442,0.7833018230081765,0.48946830093039384,0.31240718874000023,1.3276578930823313
2022-09-21,3.4632821909311904,1.4027496866219025,0.7879255087330777,0.4910782293975657,0.3126790836892789,1.334518055033498
2022-09-22,3.4360256068088013,1.3908349991842623,0.7839616661437183,0.489437555505434,0.3119491659935301,1.3272932498977326
2022-09-23,3.3766387837418073,1.3677980981158313,0.7701523588194614,0.480288527871791,0.30653661079275113,1.3040643518802915
2022-09-26,3.296723916492942,1.3361789365487058,0.7525630720485146,0.47269392647486763,0.3026977971262655,1.2785169388467665
2022-09-27,3.3832016239195437,1.3687828152116588,0.7702936867841395,0.4820873902886899,0.3070873767584718,1.3072759354639008
2022-09-28,3.3283166119859917,1.337098341351945,0.7508165435259554,0.4673317469628563,0.29680681250635116,1.2736201600594312
2022-09-29,3.3119803674245416,1.3250076616970186,0.7445877373631603,0.46455638375377495,0.29572396979178867,1.2655119699664494
2022-09-30,3.300564751687191,1.3162245690360106,0.7394014821868174,0.4585475709444637,0.2908788869086853,1.2537809651741134
2022-10-10,3.261247976923106,1.298638564324208,0.7296742669130537,0.45212421865978897,0.285517577637044,1.2360113547192177
2022-10-11,3.270083214781655,1.307313913480847,0.7347918840359067,0.45541807451075655,0.28810031187406937,1.2452197300369503
2022-10-12,3.3483527470504475,1.3411447735610924,0.7537737438939746,0.46661273967336914,0.2949867664691798,1.2761336039793378
2022-10-13,3.3897204950544424,1.3567702215378934,0.7599241214158124,0.4694886069675598,0.2941695012148175,1.2852088799101804
2022-10-14,3.4485191262675436,1.3818586650269915,0.7733971953685611,0.4800566191125138,0.30139051036768655,1.3110733704910897
2022-10-17,3.5073504728995832,1.4008685441423163,0.7842970459746404,0.48512111567634447,0.3032393767946343,1.3272243125534366
2022-10-18,3.518650696856668,1.4017619820801448,0.7859888282175406,0.48610537181593555,0.3039280162424425,1.3312193487086157
2022-10-19,3.4999037396155495,1.3937476471836376,0.7792173142137615,0.48186202071721296,0.30000285466677395,1.3202224332940555
2022-10-20,3.489181457201831,1.3917809080953123,0.7762429184588971,0.479737435120749,0.29719653135233315,1.3143985733369206
2022-10-21,3.4951623567388075,1.3934454636961306,0.776882217968093,0.4801490376535022,0.2965184607911985,1.3150056875886438
2022-10-24,3.429949503361223,1.3709383584898676,0.7654805484980609,0.473455385843218,0.2925121337551095,1.2947704826766822
2022-10-25,3.4236147634148084,1.3659661043182434,0.7639676562010619,0.4726153691331731,0.2919495258263007,1.293041151613669
2022-10-26,3.4761847950321485,1.389106938010143,0.7770485227175223,0.48083290759874964,0.2961377041845882,1.3140271501962477
2022-10-27,3.4947499980984342,1.3919296358848603,0.7775026066048233,0.47948703802864123,0.2942942335347644,1.3137463684878854
2022-10-28,3.370137632845553,1.338931907822352,0.7494090065766695,0.46144035629660607,0.2846093067618256,1.2663433701146452
2022-10-31,3.4039183173116,1.3500412300812925,0.7531328248444346,0.46426273095521015,0.28469696265264405,1.2738694581441858
2022-11-01,3.488326946724564,1.3843689379221156,0.7719963849738357,0.4762612030538506,0.2920636234741043,1.307456043934178
2022-11-02,3.5247439974482253,1.400967090848117,0.7824271649757751,0.48286820650969925,0.29625412546718227,1.3242332724712775
2022-11-03,3.532629111894088,1.4048627463512107,0.7848163118312024,0.4848563858102125,0.2964704570361238,1.3276537775622066
2022-11-04,3.578364634696267,1.426224696827548,0.7991837975220754,0.49524987574780566,0.30494199218117757,1.3532709041791477
2022-11-07,3.6202375659403834,1.4433526953109244,0.8074188353641985,0.4985559981288908,0.3057744018672856,1.3650215000250998
2022-11-08,3.6248434964510237,1.443831702483106,0.8047391959892605,0.4968603859490346,0.3049048200257041,1.3640894290128982
2022-11-09,3.629258170371639,1.4477859004528622,0.8070161646951941,0.49716528804609667,0.3045173615829117,1.3657615074240539
2022-11-10,3.6346863443498902,1.4484009726180582,0.8062559912849195,0.49497553758793533,0.30191928590371425,1.3624970989358807
2022-11-11,3.6681689654580425,1.462451196014145,0.8134060299117134,0.4978115676615827,0.3048500007762311,1.3742740495814916
2022-11-14,3.675412010078149,1.4601610347409015,0.8131703279993338,0.4972587239842572,0.3025281064870385,1.371909817885996
2022-11-15,3.714229390983262,1.4803062831884661,0.8253461134478051,0.5066798703987121,0.30934179538081785,1.395446641812276
2022-11-16,3.7315148559079505,1.482076956201017,0.8242923630749075,0.5040054763094088,0.3069386690298219,1.3930848851835786
2022-11-17,3.751332286111812,1.4853468494651292,0.8276609965067564,0.505005338482164,0.3074175551214892,1.3973064496773646
2022-11-18,3.7235640160819283,1.4747020869141567,0.8233282089881034,0.5014197028689036,0.3047654161223692,1.3873767412467677
2022-11-21,3.7250579501598056,1.4753248516742605,0.8229056150057571,0.502999197493406,0.3056868346360083,1.3891753574340238
2022-11-22,3.7131375504818367,1.4660574138583555,0.8145476567132186,0.49697025048504806,0.30083984529637414,1.3773986697398806
2022-11-23,3.7068002658439956,1.463896524083863,0.8136324442089582,0.49549036072519687,0.2986394382783706,1.3733782711628537
2022-11-24,3.7199913156146587,1.4690619828049867,0.8162770305420896,0.4968507660917059,0.2996767917201114,1.3779261103360112
2022-11-25,3.716706776328553,1.466284381747246,0.8145110967883622,0.49424755408080295,0.2973827808045728,1.373013316794254
2022-11-28,3.7073464308367963,1.4626589721679812,0.8122714573993144,0.49302113715296786,0.2962480470665473,1.369158650186607
2022-11-29,3.7735366399202497,1.488967237578077,0.8288797445502896,0.5026579958966138,0.30241035143833145,1.397145138587063
2022-11-30,3.779631064459966,1.4904824459387078,0.8297305999726801,0.5021505255051802,0.30260900189754514,1.398069532036578
2022-12-01,3.8052390121096833,1.5004419366374928,0.8350326643368506,0.5060978024640606,0.3041267150808407,1.4072196128635832
2022-12-02,3.834595261380518,1.5088208427175,0.8395298208131744,0.5073099367549951,0.3035580849317566,1.4126280239393814
2022-12-05,3.878282234553887,1.5264106710044838,0.8494733701851763,0.5139115380059351,0.30733301323649853,1.4296763033645987
2022-12-06,3.86459594275834,1.5173828380225096,0.8441373950326869,0.5112966178502081,0.3058351309083185,1.424005624447313
2022-12-07,3.866723901674505,1.5194972950553305,0.8459803849413436,0.5122744951001982,0.3052890199641234,1.4252172555987854
2022-12-08,3.8650712964313345,1.5167006158282534,0.8439227851606759,0.5099527086034635,0.30482242662576353,1.4221499590091833
2022-12-09,3.8473344517174777,1.510379932958123,0.8414585220597789,0.5098253932780203,0.3060015822467543,1.4198580979747013
2022-12-12,3.8299660317574284,1.5005064341080692,0.8354445453970548,0.5074267272755092,0.30415695262481807,1.4116423351323777
2022-12-13,3.846721983289777,1.5007249411468184,0.835118300797086,0.5061567740167859,0.30340491901370975,1.4128408052619317
2022-12-14,3.842473570507624,1.4993339636640899,0.8337243225656134,0.5047732271604876,0.30250176122493155,1.4101816497560087
2022-12-15,3.8502571839893505,1.5016521355964492,0.8341444704097021,0.5052967371433286,0.3028927810637094,1.411988231341144
2022-12-16,3.8113105439105874,1.4870512288666284,0.8292458637887702,0.5019811524698358,0.3018196121921194,1.4018739058610463
2022-12-19,3.723268817609364,1.4549895695044543,0.811240179739292,0.4906578758244073,0.2962398480486333,1.3717565342264906
2022-12-20,3.727398924764591,1.450989686552109,0.8068973735301765,0.48662645726972703,0.29172603738436903,1.3647610465155948
2022-12-21,3.7007168215969073,1.4420203943478658,0.8027398599448126,0.4839906066903578,0.2913603597210249,1.357892909792379
2022-12-22,3.6411393576354762,1.4220408592816207,0.7910623418765824,0.47840724194471396,0.2889512222761604,1.3404288054276048
2022-12-23,3.6323289012713462,1.4175821171148482,0.7888313790865539,0.47751452670157996,0.2873243692481832,1.336173861764468
2022-12-26,3.68189319423092,1.4367665287500173,0.7992504651501788,0.4843446771395202,0.29143817474777456,1.354615185123482
2022-12-27,3.699518980185636,1.4455876489268276,0.8036459633037791,0.48669686530074074,0.2926081356978306,1.3626619410806922
2022-12-28,3.657298154659069,1.4320469699813498,0.7964358348994706,0.4826484492258256,0.289438799658524,1.3493336486554908
2022-12-29,3.632311046160399,1.4241365150699459,0.7926637067594033,0.481219514623477,0.2879667248946683,1.3425486363914374
2022-12-30,3.6726920687538254,1.4388857005100015,0.8005977301406183,0.4842713458475274,0.289335165710683,1.3539804362980041
2023-01-03,3.741398645708832,1.4650731001566084,0.8154937063035669,0.4931097055288624,0.2947685869957748,1.3790409645987847
2023-01-04,3.77227871609921,1.4721436742305702,0.8200365169267857,0.49385359597513867,0.29508689629543666,1.386118540160352
2023-01-05,3.787560182325266,1.4758647594867549,0.8238327407944533,0.4969215789700698,0.29775101994790687,1.3934510380950795
2023-01-06,3.7812477184016715,1.4740851587511508,0.8206417056992802,0.49590985515980907,0.2964996843893104,1.3898330258512956
2023-01-09,3.804941212458408,1.482343897620084,0.8247707707621463,0.49892600649145535,0.29871793198934,1.398301430702419
2023-01-10,3.7910777436675045,1.4757418763748362,0.8228005571981297,0.4980275457463536,0.2988336141101063,1.394973577196971
2023-01-11,3.7567703290356396,1.4646902245136095,0.8178913872683582,0.4948466288755607,0.2963788028864175,1.386040169369415
2023-01-12,3.761225812537266,1.4638179507014943,0.8161868205476558,0.49466454844711455,0.2956076728451749,1.3848028683021065
2023-01-13,3.7818830136533346,1.4747581828777903,0.8215924820228466,0.4972045273687995,0.29699009685276695,1.3929455868262237
2023-01-16,3.823946106011324,1.4899408548850361,0.8282249559946927,0.5019088490110687,0.2993617781217872,1.406021796389473
2023-01-17,3.825629848875062,1.4879127677024055,0.826282137762009,0.5005822391680308,0.29864059531316034,1.403682505371939
2023-01-18,3.854202629876795,1.4954465888034336,0.8285039433284002,0.5009188857770183,0.29831267229391445,1.4092975138171695
2023-01-19,3.878094073762182,1.5027898787290708,0.8332144460632123,0.5025458446876789,0.2989528872272471,1.4155520018359462
2023-01-20,3.9143316178259577,1.5179668970079223,0.8414150821857925,0.5068562961223156,0.30227300658268624,1.4294159701797062
2023-01-30,3.977861219599658,1.5378396408065298,0.851344747972721,0.5133340355328342,0.30535121563588485,1.4477371362492226
2023-01-31,4.01332849059765,1.5468401921726247,0.8548314111913997,0.5149397578755659,0.3057835557390718,1.4545151316641447
2023-02-01,4.066400266204076,1.5651259868398255,0.8668191548549733,0.5220867978083202,0.31017641297384657,1.4755531233229409
2023-02-02,4.076853261897157,1.56871937677987,0.8699833888267486,0.5230425607924065,0.30950645324580495,1.4779679184719976
2023-02-03,4.069563521734911,1.5665981445825234,0.8672328044535845,0.5218988357027867,0.30809510253404915,1.4741102556022654
2023-02-06,4.0769173384431765,1.566479478618162,0.8656243878826602,0.5196989915727258,0.3055012583431897,1.4703483194561264
2023-02-07,4.107878958418014,1.5796328895307996,0.8718984988571956,0.5219514759868225,0.3064250612580115,1.4793452493852288
2023-02-08,4.101531032679094,1.5709802329471223,0.8660771750222569,0.5181089785487987,0.303946944275182,1.472053510722991
2023-02-09,4.133731301881569,1.5857379731633605,0.8758731178446336,0.5249608026648789,0.3076135389310484,1.4879050421092137
2023-02-10,4.147289441575064,1.5882778455620679,0.8756842798659048,0.5240740391951623,0.3055845528396748,1.4868273672652137
2023-02-13,4.18244343864749,1.6047586066761548,0.8844674423919495,0.5296599469952266,0.3084655708934432,1.5013884515254856
2023-02-14,4.195499658149332,1.6096712689331931,0.8882739857869447,0.5293613081573796,0.3082174134349119,1.504127105128832
2023-02-15,4.192001785673626,1.6051643416470356,0.8864387502648041,0.5287224835174267,0.3078440542447536,1.5031936709830342
2023-02-16,4.107482188053708,1.576315556082244,0.8689442012806532,0.5174838249286661,0.30167998974264165,1.473385186529451
2023-02-17,4.11671787266579,1.5767813171858376,0.8677444023981364,0.5157596931671097,0.2982194064792083,1.4693684221297192
2023-02-20,4.157441406139702,1.5969056101875019,0.8802531608145382,0.523808755991836,0.3044624231252959,1.4909983084121163
2023-02-21,4.17731556832408,1.606707749849418,0.8870526911695265,0.526664977317536,0.30596666033843706,1.4996564703095487
2023-02-22,4.181854889372686,1.608337280096294,0.8871617640785598,0.5261467928300512,0.30506060506664434,1.5006931800915824
2023-02-23,4.191592157882559,1.6072554920680553,0.8858339909650261,0.524130800930283,0.30332050889948403,1.497881071825343
2023-02-24,4.193467097143036,1.6050742013533834,0.8833610028078029,0.5224009777973465,0.301805812927866,1.4942889189911113
2023-02-27,4.1639293082959865,1.5936552359070464,0.8765001034731991,0.5196684283849604,0.29964463412738424,1.4840330908648536
2023-02-28,4.2090626852472655,1.6108928143808774,0.8839507450088312,0.5239663637702933,0.30238191672180836,1.4981503550257735
2023-03-01,4.230753902251605,1.616465471717276,0.8883844280015795,0.5269350561428489,0.3060253586123015,1.5090781777447235
2023-03-02,4.226517487958182,1.615501927210973,0.8867525047818245,0.5245461126390206,0.30493640080752044,1.5055999940565201
2023-03-03,4.227314902343178,1.6172689382425123,0.8880751361723188,0.5255200123622037,0.3049494715110721,1.5070068996669412
2023-03-06,4.232367710128203,1.6172150418003288,0.8882948152904007,0.5251447231020884,0.30449735404728856,1.5067702682940074
2023-03-07,4.163911515617614,1.5851537297260803,0.8717868700549921,0.5145740929684923,0.2987833083323289,1.4786016491435687
2023-03-08,4.191236029154882,1.5919945056920162,0.8752640836457171,0.5163007594021884,0.29958133547686494,1.4864384417214258
2023-03-09,4.20420204603144,1.5890216085336974,0.871790428676348,0.5141328803910102,0.2975679199253339,1.4823774843973654
2023-03-10,4.142203863619433,1.5634096909100932,0.8590430035330561,0.5051542390530246,0.29238713424649815,1.4585516940946446
2023-03-13,4.131200408308728,1.5622744226449536,0.8607821566977311,0.5086502051795976,0.2961180378741921,1.463897426389262
2023-03-14,4.071531156603377,1.5390667843927703,0.8483979641545036,0.5029811225456975,0.29349383514445926,1.4452502154378093
2023-03-15,4.138780055159757,1.559116606586662,0.8565547056451408,0.50799391046535,0.2940839352281115,1.46132789290429
2023-03-16,4.078659926426936,1.5358275202236564,0.842950312045715,0.5001297195711192,0.2889927994853068,1.4384907306649977
2023-03-17,4.091985382728073,1.5430597397402153,0.8473404353228717,0.503533692733167,0.2920465394150753,1.447282416640143
2023-03-20,4.082923331136593,1.5380480193950752,0.8435268167356562,0.5010107777996828,0.29124765104197176,1.442156876020061
2023-03-21,4.145718321590291,1.56148419637085,0.8567863838302091,0.5074402011700385,0.2944015802319851,1.4623458430331748
2023-03-22,4.170548442035565,1.5681716514876374,0.858462380353965,0.5087250834983315,0.2959835096630545,1.4696292703896308
2023-03-23,4.154332309461035,1.5644412353763224,0.8566095384865487,0.5091279403426779,0.2983671245853371,1.46975350879761
2023-03-24,4.158692752038798,1.5651991976008686,0.8556461385792412,0.5082396980958388,0.29780059617247395,1.468802868195486
2023-03-27,4.134608081110837,1.5580033317840636,0.8523902341629306,0.5076707233854537,0.29836793346211604,1.464864178737723
2023-03-28,4.112718049162756,1.5498664073682158,0.8482132196780375,0.5050759879088258,0.29629383141399346,1.456812982217476
2023-03-29,4.069811204117863,1.536800389984731,0.84329122710608,0.5019403417006731,0.2955167502769082,1.448387079928076
2023-03-30,4.0498153679542925,1.5319493295244504,0.8428665283648548,0.5013936311970126,0.2952875089768944,1.4453633249830184
2023-03-31,4.084594919218864,1.5455711644746368,0.8510860357963832,0.5063231546779912,0.29863143601770725,1.4593508483398245
2023-04-03,4.1010469617706065,1.5522102538178135,0.8563699562489745,0.5108160802394398,0.30330837805646405,1.4707532564670658
2023-04-04,4.038847821532305,1.533321196349809,0.8486831611317476,0.508144358659425,0.3038934253158324,1.4591010017138162
2023-04-06,4.004862296424013,1.523109143658349,0.8448545305329198,0.5065618672872085,0.3041207758396027,1.4540199866922143
2023-04-07,4.0419523176102885,1.5387757381775735,0.8508503869177769,0.5104660455037004,0.3056761670575144,1.4654967651608892
2023-04-10,3.9843653236070566,1.5201846949823385,0.8433718737829464,0.5068102731289688,0.302009817937922,1.4495889875887236
2023-04-11,3.9823662331926735,1.5214009112121494,0.8453074717974017,0.5088671113676715,0.30357130406849414,1.4530164238008065
2023-04-12,4.00865976147416,1.5306374604109672,0.8493256489137088,0.5114836057992516,0.3058578700374146,1.4617639033065564
2023-04-13,4.009428379906476,1.5274035005095705,0.8462846996955553,0.5090657493075808,0.30320875729270713,1.457537649501039
2023-04-14,4.011221482466047,1.5279741873530372,0.8469369757466293,0.5104247134369618,0.30460626122699447,1.4601227129742531
2023-04-17,4.032626492962639,1.5358053370081284,0.8506540579720804,0.5127333184069431,0.3051696741117094,1.4663208576250142
2023-04-18,4.011482285905421,1.5287368401036945,0.8473758127565117,0.5106199241214328,0.3045578905525861,1.46050593252873
2023-04-19,3.983109492234641,1.5169870398812293,0.843166910781061,0.5082333920915674,0.3035288755759482,1.4523910882412403
2023-04-20,3.944349568024068,1.5002655485804406,0.836201806809348,0.5045940142604124,0.3042534078395561,1.4439404845659571
2023-04-21,3.8643954882761653,1.4713821436856727,0.8173670590163782,0.4914399443616407,0.2953653442633839,1.4100567032285047
2023-04-24,3.8602007796754174,1.4667891143546832,0.8148232028101254,0.4883375184310087,0.29344977918442333,1.4043839623817445
2023-04-25,3.7934171667763676,1.4393380473343038,0.7987570844509301,0.4796909732815815,0.2892896126315066,1.3797753790651686
2023-04-26,3.8556366997371945,1.4607594073275594,0.8083293619516897,0.4827536076946689,0.2886375226794715,1.3928543536385436
2023-04-27,3.8741969433669645,1.4686867163812816,0.810120526685271,0.48371485949589027,0.28744244258307394,1.3969204118068186
2023-04-28,3.9576362011304487,1.4940381713675728,0.8226172721425541,0.49112440420787185,0.2927910154153719,1.4215490936707809
2023-05-04,4.022725062548293,1.5083307045256078,0.8297886416001676,0.4935280796146962,0.29427701438174847,1.4342578621291153
2023-05-05,4.0172018559532,1.5017398453264257,0.8233279788961808,0.489309892116565,0.29191781996540717,1.4256266535110236
2023-05-08,4.027351235079241,1.507167826038502,0.8287139758504588,0.4928357148465939,0.2951513455328558,1.4344554525359068
2023-05-09,3.982819715788085,1.4866470511432812,0.8175442094455855,0.48568648235976813,0.291106924568649,1.4169541715165088
2023-05-10,4.007355566981683,1.497037078482206,0.8214007265300065,0.4870369436552589,0.28922413644485606,1.4209695257306754
2023-05-11,4.04708434848087,1.5086738129397026,0.8266391009185794,0.4894254255387262,0.28858391182918247,1.428571658059548
2023-05-12,4.025654243157244,1.4963513135434534,0.8193250199465317,0.48477553583288363,0.28434500489004644,1.4152851698920816
2023-05-15,4.052944630753016,1.5064121535675417,0.8262550448733772,0.48905995882694636,0.2864635696532126,1.426111447262591
2023-05-16,4.028882708971157,1.4955201895887111,0.8179590511548184,0.4835844018591977,0.2826072816229381,1.4137781399524698
2023-05-17,4.075116576229807,1.5094194798967688,0.8242176551392982,0.4850724248668134,0.2829600952150298,1.423036870102541
2023-05-18,4.092644558906156,1.511435597040985,0.824303884032385,0.4849494225770489,0.2845809229288919,1.426230096365372
2023-05-19,4.092347393799661,1.5131779370049514,0.8253620979679207,0.4846093243454161,0.2826924168661137,1.4248103120732087
2023-05-22,4.120733184399058,1.5231289850186867,0.8301624623251059,0.48577369864678555,0.2820100632012518,1.430314129455843
2023-05-23,4.099117755068311,1.5094441162361647,0.8219955072457009,0.47960769842330864,0.27737536467795143,1.4165495405896356
2023-05-24,4.083521239897671,1.5032853136036233,0.8181539376608193,0.47690236412673376,0.27578952763542347,1.4097737770726477
2023-05-25,4.0787961004112825,1.501298969250087,0.8163213786859551,0.4754075134319063,0.275243988029565,1.4070022850508674
2023-05-26,4.089862806824676,1.5055781577740115,0.8195257216335986,0.47831943727844195,0.27771961527012884,1.413927975337915
2023-05-29,4.052119789889614,1.4957522068580107,0.8164665456890894,0.4766252928567512,0.27787480537908954,1.4075737332337495
2023-05-30,4.058594732117391,1.498085030240249,0.8180455353246514,0.4786729811906667,0.2797070313116435,1.4133752921815348
2023-05-31,4.039364677478815,1.4920869671914325,0.8154961469208608,0.4777759249294664,0.27908203374729285,1.4088611031846023
2023-06-01,4.041119732409621,1.4948850597604777,0.8183361819783979,0.479717365256498,0.27958315519053345,1.412143245827047
2023-06-02,4.085023349054848,1.510852512821741,0.8267083014138314,0.485186300885837,0.281966988243229,1.4267459034445884
2023-06-05,4.106008075082065,1.5162737217143116,0.8287872206279902,0.48666861531492506,0.28304643913201516,1.4319181114203003
2023-06-06,4.03362501827695,1.4871211499328478,0.8132375986451177,0.47734730251047497,0.2780141407891803,1.4067943009079973
2023-06-07,4.046496181116271,1.4916676593506752,0.8151496943143043,0.4791078366061946,0.2794546726940492,1.4117092417241952
2023-06-08,4.048715189871341,1.4894353269469849,0.8142316305216963,0.47845485744004757,0.27822368916719514,1.4094960690054905
2023-06-09,4.043153017344103,1.4894154565518327,0.8158802125816055,0.4817955248515,0.2811401973983586,1.414596691336262
2023-06-12,4.089245182066078,1.502779203712031,0.8229319142656246,0.4846787148602741,0.28285775134899654,1.4262287942165262
2023-06-13,4.098550071618771,1.502546204753283,0.8229368711026704,0.48521021239516654,0.2843030566085985,1.4298817710565421
2023-06-14,4.107628593263273,1.5037988843700942,0.8239425248405233,0.48643786080992124,0.2846759009623889,1.4322016561199151
2023-06-15,4.104056155815643,1.509958529859578,0.827235086481377,0.4905136372905805,0.28707153931482665,1.4390795626527653
2023-06-16,4.1229038200966075,1.5174051253171041,0.8314470632365457,0.49329838519351926,0.28996557290998853,1.4478224963391486
2023-06-19,4.090703318005899,1.508147519216114,0.8274259582858071,0.4917295359247214,0.29037082216198307,1.4418782363284688
2023-06-20,4.057278021388565,1.496640474269815,0.8215929586471502,0.48941451557919646,0.2892586106197663,1.4342479918048656
2023-06-21,4.025274624486627,1.4850889195800494,0.8141126327913931,0.4829050496569625,0.28294093483077304,1.4170779400644256
2023-06-26,3.974509134599873,1.4676907409831346,0.8048816294683645,0.4751285166748958,0.27635502189434397,1.3958076825385066
2023-06-27,4.081408675390349,1.5009999232478664,0.820968067206659,0.4835691458589982,0.28092508345696926,1.424807281933034
2023-06-28,4.097712431370565,1.504208892783563,0.8223970862869818,0.48368075574855734,0.2794128462217218,1.425582014271091
2023-06-29,4.13331682060945,1.511280321640834,0.826057242619885,0.486050341847233,0.279801219990118,1.4337889219928472
2023-06-30,4.1948802832773735,1.5283721122377072,0.8372263439927136,0.4912877765079869,0.28216982773665755,1.4506993214769037
2023-07-03,4.2249053540043295,1.5403290370186749,0.843447284350838,0.49404637715291816,0.28396390215249884,1.4606757609425123
2023-07-04,4.248267293949394,1.5446409941618848,0.846290016198991,0.4952180013083018,0.2852891575771929,1.4661506193517593
2023-07-05,4.246104175302411,1.5392507176614785,0.8426015907937541,0.49183051239380043,0.28219154888830955,1.4585127553693065
2023-07-06,4.245775293167478,1.5356426841203763,0.8400752769449581,0.4895674019644861,0.28184238684242835,1.4566495837625093
2023-07-07,4.2532082194132705,1.5370534489874783,0.8391725872265685,0.4878426098583722,0.27934308307820543,1.4535035318975513
2023-07-10,4.266843099372694,1.5396111745440892,0.8417030964857543,0.4892126203841568,0.27938911585723114,1.4566600147186561
2023-07-11,4.295014176009747,1.5508144651805424,0.8477026501433468,0.49257873452341283,0.2811536297216492,1.4666242628719899
2023-07-12,4.258703242326427,1.5384248529867566,0.8409400022688673,0.4872769119310968,0.2771893661974576,1.4521674691820217
2023-07-13,4.284211615236551,1.547919254691537,0.8469902561343791,0.49136295557780213,0.2798581466993174,1.4644331621188589
2023-07-14,4.277987929753989,1.5452146747498792,0.8456632737897914,0.4909291758173367,0.27984915227517587,1.4627689425182235
2023-07-17,4.287704390433738,1.5446167356409515,0.8437505979866275,0.48901858910335394,0.27858868374204826,1.4602042815139793
2023-07-18,4.310551037580635,1.551856413962663,0.8459603515521269,0.4894982611984495,0.2772744793539348,1.4628046075504304
2023-07-19,4.323636000333152,1.5542970644686949,0.8461989563913223,0.4890786421576859,0.27694465998871665,1.4636377627411232
2023-07-20,4.30104827589858,1.542930612338764,0.8392721181705259,0.48328609115943844,0.2731262532003976,1.4515684846657864
2023-07-21,4.3232737683091615,1.5473455601537207,0.840253741899898,0.48235203540429766,0.27143455260699567,1.4518821175033205
2023-07-24,4.332935985013163,1.5484140543670322,0.8412181735578238,0.481461322230048,0.27082273757971037,1.4518752771800134
2023-07-25,4.401307392971355,1.5730113225283766,0.855093477468303,0.49024987942017006,0.27610413713953147,1.4768220012478648
2023-07-26,4.431561179998928,1.5767042449848105,0.8528164158888419,0.4868632472632014,0.2731388213800481,1.4735511861201693
2023-07-27,4.412165336603862,1.5680818882345589,0.8473457330321639,0.4825987669123776,0.27109142111412715,1.46589043384809
2023-07-28,4.445796545163084,1.5806458157030785,0.8557225400693553,0.4881373227042496,0.27447342246186573,1.4803947259821266
2023-07-31,4.47694776229708,1.5966040667546197,0.8650790965974946,0.4937854875638689,0.2779271599206498,1.4958473873505709
2023-08-01,4.473487384267817,1.5953253483347702,0.8631414604008493,0.49327471403711837,0.27700174324731003,1.4934008447621099
2023-08-02,4.470082344507116,1.5928469813165516,0.8616978814603143,0.4925747510388494,0.27626564244141855,1.4909924227183902
2023-08-03,4.445833164721407,1.5884129036243373,0.8598194717831349,0.4927880809345807,0.2771453503707281,1.4907253148977069
2023-08-04,4.418932356039437,1.5854073127895916,0.8590291769884006,0.49343458110498684,0.2781815746774438,1.4895890783000634
2023-08-07,4.382274644026172,1.5744009172682127,0.8536531770611769,0.49077273915115444,0.27648407957156185,1.4797597704459624
2023-08-08,4.385865390913725,1.573159386600283,0.852427334681611,0.4902681160037424,0.2745011529478488,1.476916804843864
2023-08-09,4.34998814679713,1.5581416646219146,0.8438771952390894,0.48635669242750323,0.27180070327244316,1.4634558903899004
2023-08-10,4.373202231728271,1.5610673998379394,0.8451082335215566,0.4860854592205027,0.2721847598977304,1.467730276413362
2023-08-11,4.306890356884717,1.536559746073224,0.8311542020587406,0.4781403048560855,0.26669111793261147,1.4431017615730546
2023-08-14,4.3285031301777614,1.5423372898358625,0.833891521254515,0.47960207593746784,0.26728301895348583,1.448109577961516
2023-08-15,4.321191786971443,1.5347394638225575,0.8288042465886514,0.4757974672958468,0.2657779450601032,1.4405001215599522
2023-08-16,4.288503000182839,1.523340332253762,0.8225532804276509,0.47233206916691,0.2637029511548183,1.429660364497297
2023-08-17,4.356471476877394,1.5402358364392135,0.831426694659918,0.47581745170351925,0.26567636098645236,1.4460727822439323
2023-08-18,4.32691897832121,1.5190871223669262,0.8171857893068596,0.4668262044018209,0.2597985081455135,1.423322916914886
2023-08-21,4.312277186908767,1.5099048875340602,0.8107934804063764,0.4630206011811029,0.25698275353925737,1.4130066346099492
2023-08-22,4.284424070030623,1.5092414422441731,0.8125121443193983,0.465316202399177,0.2600704589538519,1.4164529447186347
2023-08-23,4.233764178185585,1.488656197182426,0.8007095943355508,0.4578208213871574,0.25495243564608394,1.3949856806168661
2023-08-24,4.223548747700183,1.4837691291371222,0.7984598284597281,0.45745790500899536,0.2557598316012924,1.3946273559261306
2023-08-25,4.164782875072134,1.4623809435224722,0.7873606217408008,0.4512006247606693,0.25160628486421244,1.3745032467444451
2023-08-28,4.223880219102484,1.4804699687649179,0.7975431561054148,0.4565436922156123,0.2545712486461208,1.3918542459913708
2023-08-29,4.347626954796712,1.5167763299665393,0.8172723574581169,0.46759520646136027,0.26088285646350945,1.427363025412883
2023-08-30,4.3750719318826885,1.5173250453516116,0.8168880634879254,0.46730986747261727,0.26123968614792914,1.4293513111730682
2023-08-31,4.350697110354079,1.5038991250487452,0.8090323790891542,0.46344035843760645,0.25902417641730946,1.4191578492590105
2023-09-01,4.37202874799625,1.5112696488967479,0.8127096534159848,0.4651870204516379,0.25952636008889163,1.4248503772253258
2023-09-04,4.449127550655711,1.5382959766974273,0.8270713676058864,0.47239160360735377,0.2633838951555134,1.4486564254038266
2023-09-05,4.43397575436356,1.5331497001208452,0.822529622880908,0.46879978773647774,0.2606064080720826,1.4398508473381966
2023-09-06,4.452085584774452,1.5400287806685458,0.8240813480188732,0.4691737809581332,0.2601805919483492,1.4426215933979984
2023-09-07,4.384227892776264,1.5144201846797882,0.8103377016310368,0.4613795991801459,0.2562344781503391,1.4209984886013238
2023-09-08,4.389608817242005,1.5157651360484912,0.8106862877647243,0.461274764077424,0.2551530776170654,1.4204575597011402
2023-09-11,4.425927910165609,1.5333720262655404,0.8180985104195375,0.46618306548419103,0.25767754467183196,1.4345396452100438
2023-09-12,4.426087761372355,1.5344399788140384,0.8187025381901729,0.4663637694922567,0.2571656232113009,1.4345025131041018
2023-09-13,4.386882026938299,1.5168008228152436,0.811524880542033,0.4619887226580983,0.2551083216972391,1.4211609253780435
2023-09-14,4.3537475838512245,1.504022308820275,0.80614953062417,0.4599420354262563,0.25419439324664306,1.41395956242952
2023-09-15,4.372103784492299,1.5116049480946647,0.8101755921443563,0.46019330254485286,0.25351349561130143,1.4173856582481594
2023-09-18,4.43377039854384,1.5250480454814583,0.81478611804778,0.4626820346832983,0.25445354217292004,1.428103317906893
2023-09-19,4.392483102784307,1.5147268974698824,0.8096540622938759,0.4588081012268873,0.2526205678245535,1.4172620301634566
2023-09-20,4.3701101409435195,1.504780563590402,0.8045007818684528,0.45545937646770845,0.2506421819388769,1.4078640723380282
2023-09-21,4.329334967452956,1.4900067558321093,0.7974081236892918,0.4513557051055059,0.24906706919036184,1.397153981907586
2023-09-22,4.39135822535579,1.5150144979214055,0.8087721177594194,0.4578761657726473,0.2525820751809985,1.4178090198475946
2023-09-25,4.365479246098529,1.5055142560310735,0.8033035795389649,0.45531010916176695,0.2522271763236946,1.4104563843961817
2023-09-26,4.342884084624168,1.4982739229300763,0.8001196548964826,0.4531973878823802,0.25075178710365886,1.4035619730072841
2023-09-27,4.3616141373914585,1.5045405711332989,0.803531709915095,0.4556108380110584,0.250498167517283,1.4083531203078203
2023-09-28,4.400496469775784,1.518537397876315,0.8096874219981182,0.4587850390098636,0.25204448148847164,1.420735400446828
2023-10-09,4.339907086749076,1.5047849586063593,0.8042627212875585,0.45681422066148697,0.2520671848830121,1.41115087736319
2023-10-10,4.320439140806576,1.4988945039237267,0.8015247912454927,0.45529534306422476,0.25165992804374193,1.4064251740662592
2023-10-11,4.311460746530448,1.4974077690816687,0.7997586327931374,0.45494101674567466,0.2520714820601932,1.405183542369486
2023-10-12,4.335927298483919,1.5113417945011118,0.8071135605325379,0.4585554793508657,0.25390856292917585,1.4162577186258667
2023-10-13,4.283916290257357,1.4962167150219288,0.800721639075347,0.4551539405159438,0.2524054142082209,1.4053581786584317
2023-10-16,4.282482358261768,1.4928381586539239,0.7976028418453922,0.4534227810406545,0.25084793203815847,1.4007312740129234
2023-10-17,4.283479382304375,1.4902943782153166,0.7965663556521254,0.45289356409169834,0.2501551801142919,1.3988545121040865
2023-10-18,4.20472999998106,1.4631462202043444,0.7834300778384232,0.44703395131919815,0.24693534962031005,1.3767802533623639
2023-10-19,4.178964020292501,1.4538174551888186,0.7754908754661259,0.44144751865295495,0.24258281674959542,1.3622511086172935
2023-10-20,4.167116973632623,1.447096593605308,0.7699789096033691,0.43825588391473375,0.2393144858224957,1.3539475274181585
2023-10-23,4.065989750924488,1.4111360012245964,0.7516680491305989,0.42819592995264827,0.23611943364782595,1.3243769987538543
2023-10-24,4.203260509314114,1.4485231204365114,0.7668785356713511,0.4359664489098453,0.23924549646638574,1.3540114609237497
2023-10-25,4.281008397128748,1.471805506939945,0.7779671318703794,0.44078718761568714,0.24246653673185597,1.3739292304705097
2023-10-26,4.279090571949199,1.4744115304413659,0.7800895113107715,0.44234497556554303,0.2436089902649761,1.3773080533829256
2023-10-27,4.341435719513558,1.4951549170307203,0.7913309559391947,0.44895328326657713,0.2462886848586164,1.3975807290796594
2023-10-30,4.3777417436460855,1.5074025871166306,0.79693652939211,0.45348633308217523,0.24856166472020963,1.4095905292140547
2023-10-31,4.383676856887295,1.5067512842751272,0.7940907581471621,0.4516948838656,0.24720081259200172,1.406187622634498
2023-11-01,4.420701524970243,1.5149531063690456,0.7971219562976924,0.4518780291751136,0.24629404769166408,1.4102493570866108
2023-11-02,4.395577502405688,1.5030582148748215,0.790700552406486,0.44812308643997134,0.24393374388169367,1.3991130967258771
2023-11-03,4.416661493907799,1.5093760096737392,0.7957725291475166,0.4525079314753783,0.24676493433485608,1.4110509199954169
2023-11-06,4.462609296009895,1.5309526322471416,0.8077621322412317,0.4596329227186145,0.25253252820759164,1.4333136674941571
2023-11-07,4.475183100048907,1.5335558616718012,0.8093097509573228,0.4609286782590729,0.25442434766280725,1.4381154194135959
2023-11-08,4.473911483973979,1.533055123407237,0.8098205991919418,0.46082705890061615,0.2552648470350029,1.4390089546427651
2023-11-09,4.462737606631012,1.5280253677827944,0.8063177914500248,0.4585413099745537,0.25328991928612854,1.432446322552214
2023-11-10,4.47056150258116,1.528262682857033,0.8038920668705135,0.45720626946926585,0.251279332067248,1.4304566763410007
2023-11-13,4.516990307328959,1.5421761545450359,0.8114085022449387,0.46077804321407806,0.2531776626644915,1.4431035129219392
2023-11-14,4.515869644917271,1.5440917574216106,0.813539626687676,0.4629885902409846,0.2555446827960131,1.4482319366320504
2023-11-15,4.534422061251397,1.554643087835152,0.8188468461710752,0.4667533446225059,0.2569885407154487,1.4572823196655236
2023-11-16,4.513141324384019,1.5450873218016283,0.8143757953954947,0.46353746304652316,0.25561409376612293,1.4489645819239552
2023-11-17,4.5426109519764495,1.5542910091458753,0.820160019247199,0.4660672166026738,0.2568281903283112,1.4590387818757566
2023-11-20,4.58670583595538,1.569927290035363,0.826396143872111,0.47014979068872514,0.25882546286302704,1.4718511496182118
2023-11-21,4.591621332247762,1.5692236812856353,0.8252794476358762,0.4690213484272481,0.257596343559174,1.469532456880285
2023-11-22,4.581557383858318,1.560650974001833,0.8195864617632254,0.4643632326672208,0.25407271210882343,1.4583159459073771
2023-11-23,4.617841535461537,1.5751446795196915,0.828454289396253,0.469340654012865,0.2563111589065317,1.4721861416082451
2023-11-24,4.592825602660324,1.5647282815265373,0.8211900949974363,0.46425175835865434,0.252671015183697,1.46030683016876
2023-11-27,4.588473972162035,1.5603350101908406,0.8203506101173327,0.46401797854449695,0.25129413885110496,1.457171883019174
2023-11-28,4.630675670249123,1.5722210122520779,0.8253794098298155,0.4663787753354933,0.2523229560754581,1.4665349509742767
2023-11-29,4.6127250232163055,1.56409031607723,0.8200418983774629,0.4641068395642454,0.25054201593621994,1.4584853707116787
2023-11-30,4.5969520957707894,1.5609930245560315,0.8182376720937193,0.4625363102837893,0.24939201651580942,1.4539416357811932
2023-12-01,4.603793407577865,1.567649144509207,0.8211054065677236,0.46384042187499464,0.2516485070417011,1.4616210234927516
2023-12-04,4.616498851438796,1.5710769060436032,0.8222337287987377,0.4645003953792327,0.2516329405634406,1.4638662408237528
2023-12-05,4.565390813876598,1.549877343334257,0.8090965751375199,0.45660843231772585,0.24675746146694513,1.4413496852855852
2023-12-06,4.60611330621373,1.5608852750415827,0.8128803567149366,0.45874693398685473,0.24723904119504456,1.4492288159713325
2023-12-07,4.584842477649121,1.5580726879775393,0.8112160104501126,0.4578520941008335,0.2462425569517068,1.4450400165088328
2023-12-08,4.484448321566342,1.5360112405235324,0.8005435872542099,0.453366996712814,0.24482525801842675,1.4279079419536789
2023-12-11,4.524800982873251,1.5499530025056723,0.8095777994395581,0.45857164229766734,0.2477516181669392,1.4429842681898453
2023-12-12,4.561209713608529,1.560673281201791,0.8149852792091783,0.4608023116505667,0.24927471790933498,1.4524081693089061
2023-12-13,4.56204261235271,1.556164276064128,0.8109159157688636,0.45694497575658255,0.24621303452620316,1.444171813595029
2023-12-14,4.585131572988732,1.5616234028365674,0.8109120638250562,0.45571325302952465,0.2443449286421754,1.4436752863804994
2023-12-15,4.581979304736789,1.555712204572285,0.8061000034613853,0.4533808449528749,0.24306653199896333,1.439215740483908
2023-12-18,4.525934695909467,1.5348715682824567,0.7967012429077113,0.44743424318435393,0.24087279800328168,1.4221109472647457
2023-12-19,4.532069088512442,1.5311813805639678,0.7945367918607216,0.4468215566464207,0.24052660668960382,1.4202422241901804
2023-12-20,4.508353993196715,1.5170179488133777,0.7858149466965131,0.4403944009573118,0.23632871291863997,1.403967416437284
2023-12-21,4.561046590114949,1.5298456293260088,0.7919049526826454,0.44343838067680724,0.23771279255287853,1.4153854877363476
2023-12-22,4.511738705338979,1.5133662530919503,0.7829530548894849,0.438475832978016,0.23357284507656845,1.3994336453871294
2023-12-25,4.475079585770515,1.5058172936079404,0.7808965185809762,0.4381501227921833,0.23317945145348679,1.3943488944347673
2023-12-26,4.4344692588682335,1.4894455894482155,0.7716969062917329,0.432822903832154,0.23042003347534584,1.378810207586586
2023-12-27,4.465727837350887,1.4993613409123372,0.7774433928534549,0.4362049800658487,0.23149363668923453,1.3880830455612496
2023-12-28,4.54879359764539,1.527063119517014,0.7907775083167572,0.44234396652111535,0.23512253789864132,1.4113965484400213
2023-12-29,4.603793290771347,1.5412556303445197,0.799459380486386,0.4469505594690765,0.23832201031313982,1.428773174118069
2024-01-02,4.66832034819845,1.5573564119909817,0.8035509362534238,0.4470852105217238,0.2370380592408776,1.4357724287376625
2024-01-03,4.674291368791843,1.5597036603806744,0.8028805062585647,0.44651518955461683,0.23630817555403372,1.4350827883039166
2024-01-04,4.684885711419031,1.5607014161840322,0.80117592432468,0.44433047373019835,0.2343645700374743,1.4315423998366448
2024-01-05,4.629099090949382,1.541265377637951,0.7903167039249901,0.4370640373015049,0.2297625310370189,1.41038211541041
2024-01-08,4.551507075815863,1.511778139854475,0.773175394905096,0.42867107946639776,0.2261444787101278,1.3858434588463755
2024-01-09,4.592887170932722,1.5241680253955199,0.7783844999489236,0.4313977164071687,0.22664496636113368,1.3948798514635086
2024-01-10,4.5803260447654806,1.5176641679479976,0.7734960339879741,0.4279691017098689,0.2236299508244363,1.3852479759556828
2024-01-11,4.632734897105193,1.5379714895927303,0.7844523658014322,0.4341849305414045,0.22684525507713124,1.404055685277989
2024-01-12,4.62241740120765,1.5342091628955676,0.7810629182807854,0.43124533174974283,0.22452534043682335,1.3967584116919585
2024-01-15,4.631309350461508,1.5321399239358509,0.779885832469659,0.43091398346340914,0.2241711718309909,1.397349120225916
2024-01-16,4.60793014684777,1.5255495988764893,0.7758503336805427,0.4293024962074799,0.22394547854843144,1.3919637752656941
2024-01-17,4.524189164298751,1.4928104424076327,0.7590947491284002,0.41834195871496005,0.21810720846592388,1.3605532299372969
2024-01-18,4.453358987786387,1.473562118178725,0.7522650316850575,0.4164316681262858,0.21878252956472635,1.349937097686949
2024-01-19,4.42017871706415,1.4596563032877121,0.7463335102905466,0.41183359233894745,0.21617705459532383,1.337053132184799
2024-01-22,4.156207459007437,1.3710383063981861,0.7024060428992921,0.38800397481355897,0.20657011688403834,1.2631126102218815
2024-01-23,4.129788283265945,1.374051358100919,0.7063343240616686,0.3913574118922274,0.20795981717314801,1.267354966057297
2024-01-24,4.217614201777656,1.404375861663329,0.7212234428618138,0.3980895450676344,0.2114177129680021,1.2922566222347196
2024-01-25,4.401204993307059,1.461612478337614,0.7478211489942093,0.4116205254258779,0.2170291517988434,1.3392150007764652
2024-01-26,4.445273043138632,1.4743815116842007,0.7501387797572396,0.4103384046446476,0.21564717352221083,1.342526464068837
2024-01-29,4.310221264042945,1.4319523880414309,0.7302120163148154,0.3998860757368887,0.20945485225015872,1.3063793586391679
2024-01-30,4.170023500768122,1.3869141906664368,0.7093081063256489,0.3885553700444903,0.2038289284227301,1.2677628274513986
2024-01-31,3.9574091427703295,1.3214861315483672,0.6779046985895342,0.3732676812616317,0.19756091683072596,1.2138756402198434
2024-02-01,3.872242472402933,1.2950043155587116,0.6669109944213754,0.36799595972365695,0.19611198511195108,1.1946404459206723
2024-02-02,3.6861224139475595,1.2390497888727523,0.6408325841525325,0.35638897680486015,0.1911752800563121,1.1499392576659315
2024-02-05,3.376828432293438,1.1383902422913486,0.5957369199648355,0.33438042958805,0.1827502914304926,1.072437186051334
2024-02-06,3.3391693629952606,1.1468932149059665,0.6105687463548316,0.3481029405798736,0.18952322228577081,1.0937355083633815
2024-02-07,3.2072788192592183,1.1237414702445296,0.6107008310802845,0.3556560563524635,0.1921544560793876,1.0885062777599732
2024-02-08,3.441565144430964,1.2014506995314411,0.6457641242968393,0.3701342231805271,0.1965395972914882,1.1457915160922638
2024-02-19,3.5861287777732453,1.2432034410923865,0.6640482608805791,0.3768737194473375,0.20104965850188458,1.1793027030953336
2024-02-20,3.634717956777901,1.2535996276681576,0.6693224554058969,0.3796099885680676,0.20309003480001198,1.1917535826399284
2024-02-21,3.730424720911748,1.2799391273103509,0.6797189285144998,0.38245227379462426,0.20454264956670312,1.2102304404629631
2024-02-22,3.8033589630676037,1.3056761047673324,0.6928449351747256,0.3879593053560113,0.20751744809991485,1.231509726288496
2024-02-23,3.9094456172580947,1.3417720813045542,0.7087330143970211,0.393314438029359,0.20908318253152047,1.2560945181553786
2024-02-26,3.9795748698027613,1.36443739536221,0.7176413892782881,0.3949245507886186,0.20841969215525058,1.2682327472606492
2024-02-27,4.072449040043245,1.3953410940824944,0.7345804187593573,0.40345548760816113,0.2126349537300813,1.2977646721632419
2024-02-28,3.8221605872793027,1.311154759469505,0.6977009589927121,0.38657565198763677,0.20559279452444487,1.233661591065023
2024-02-29,3.931730838845852,1.3536508534577805,0.7216834891329797,0.3998837590079268,0.21228197699649648,1.2737326739621444
2024-03-01,3.9507940433088846,1.362453713814299,0.7291853624810211,0.4032823528833433,0.21462615694173817,1.2842492352249864
2024-03-04,3.9368596284515824,1.358986921848541,0.7300451558263445,0.4042177906383882,0.21617464786127583,1.2854395712832716
2024-03-05,3.8602369954062263,1.3349507461095944,0.7192830341142753,0.39999850001603965,0.21537034116326798,1.2694891218595004
2024-03-06,3.9061418890401756,1.3513598655407695,0.726547902853728,0.402034258886586,0.2159497096422052,1.28016891003097
2024-03-07,3.9165489108551914,1.3510933140960462,0.7233545526063132,0.39890679676612617,0.2131630262094634,1.2743795707393597
2024-03-08,3.9427028003184055,1.3581329639780473,0.7288042330127275,0.4026644938645711,0.2157374932602923,1.28480895763115
2024-03-11,4.023736459060454,1.3851819364284141,0.7414490850920897,0.4086213910886174,0.21881216278789153,1.307129904330246
2024-03-12,4.0901770959293735,1.4046806024757599,0.7491973392927942,0.4109332487502421,0.21919733844459222,1.321029482773614
2024-03-13,4.086467988957984,1.40564827687025,0.7502806350479889,0.4108221978386327,0.21953060326143692,1.3216844815993252
2024-03-14,4.089695150317889,1.4031571697045055,0.7481543388216573,0.4089096394059413,0.21818072778000872,1.3178199114486333
2024-03-15,4.157398338060339,1.4254116800755396,0.7590784215652447,0.4131903832629188,0.22022517787749388,1.3354407697877448
2024-03-18,4.226960747142138,1.4471336575065992,0.7718876338111147,0.41963877616966033,0.22417112762095365,1.3574418088734557
2024-03-19,4.224670260342769,1.4425511627246719,0.7693646808985712,0.41665752359971253,0.22250336590181302,1.3528986298401982
2024-03-20,4.276257036452991,1.4576820169579503,0.7777856378871052,0.42012106447819675,0.2238832925031087,1.3659290460012024
2024-03-21,4.297155543302529,1.4626385422696595,0.7806063561346085,0.4218965637250466,0.22377067194413242,1.3702006504456532
2024-03-22,4.2328975960472075,1.443875797288475,0.7697580692856809,0.41664212843384496,0.22117111700571573,1.352182795146318
2024-03-25,4.154391771837821,1.418894217753393,0.7551246338460905,0.4083607804812312,0.21681484938076848,1.3266451087010491
2024-03-26,4.17154424831434,1.423079656332885,0.7572380696934979,0.4082475285882521,0.21596057424901444,1.3294770131002414
2024-03-27,4.084994642737325,1.389342111318754,0.7373698690814836,0.3963554196803284,0.2087071702341448,1.294004142944908
2024-03-28,4.147693435115593,1.4098682407411298,0.7501380896519612,0.40402961727165143,0.21407270355449892,1.3179454939363362
2024-03-29,4.2104304049984815,1.4300986375274496,0.7595333373431765,0.4082873084627087,0.21566658710331935,1.3337564040266918
2024-04-01,4.310496555982601,1.4616170913055249,0.7756599815150169,0.41669041318628836,0.21973734885366994,1.3621639539350217
2024-04-02,4.360338961906123,1.4693405585249577,0.7752409467183444,0.41440915607795403,0.21705528885276099,1.3631688823165449
2024-04-03,4.3701414513570365,1.4687647339232999,0.7717679772663095,0.4115128999851214,0.21491570531298979,1.357861014941479
2024-04-08,4.271805227039175,1.4422711532530474,0.7583409704174979,0.4046248174529066,0.2119534695565838,1.3338378065089378
2024-04-09,4.348848215768261,1.4629343269773885,0.7684733009269781,0.40843886793876016,0.21261117870974228,1.3493768991352177
2024-04-10,4.270478547047086,1.437702806975657,0.7542446937788061,0.4010783817807047,0.2089255151931225,1.3253206145643803
2024-04-11,4.2871005542820315,1.442261922762365,0.7558654859436775,0.4016939109449169,0.20914760064294902,1.3300930591638587
2024-04-12,4.26115616232686,1.4310115679584736,0.7511343049536451,0.3990177842760374,0.2076759075701818,1.321098904598865
2024-04-15,4.065245787638015,1.3796633701739542,0.7326083915248482,0.3908264225594511,0.20620233179799563,1.285654717976567
2024-04-16,3.789275123562544,1.2932700628296159,0.6917034173420759,0.37110358543258676,0.19731796998496975,1.213686523942745
2024-04-17,4.017034667229958,1.365510451691822,0.7257861145990175,0.3874882310732999,0.2048484308932119,1.2737770819946128
2024-04-18,4.011104261566735,1.3612276250154125,0.7229865440771084,0.38798309556992383,0.20511880438059996,1.2736052765545114
2024-04-19,3.9892770812673914,1.3546436841875562,0.7199270909027575,0.38692328068158205,0.20421786085252727,1.268094135839002
2024-04-22,3.9652785719587564,1.3443784236690126,0.714958808064682,0.38388711228430655,0.201660958814722,1.2577303233589228
2024-04-23,4.021186670183476,1.352892824520141,0.7143937724314094,0.38170190697535195,0.19875271391381005,1.2576113903285042
2024-04-24,4.077173390349621,1.3716421929198117,0.725674193707471,0.38647467427004584,0.20148898266970852,1.2751791621223352
2024-04-25,4.112442286930359,1.3786947910403677,0.7275264496223194,0.38621760096962654,0.2013551126674769,1.2802629005865152
2024-04-26,4.148227914002777,1.3934296562229773,0.7376181534707602,0.3917494380245876,0.20485890633001483,1.296900574136782
2024-04-29,4.299855173970291,1.441319285581231,0.7560300239634101,0.3999330406285823,0.20742840496850842,1.330446803400258
2024-04-30,4.3000389715889105,1.43466588146936,0.752097934037801,0.3969374896804734,0.2057806107135425,1.3237413682655397
2024-05-06,4.40916463556173,1.465136289204351,0.7677101413837222,0.4056697443770635,0.20973741993758,1.3524952051111725
2024-05-07,4.435385549920361,1.4711524414079598,0.7691389679752957,0.40725973731763637,0.20991187855461857,1.3584376460728878
2024-05-08,4.391485644015666,1.4529790472887771,0.757340325293977,0.4026645584102084,0.20710996140691465,1.341532084837568
2024-05-09,4.453830069666349,1.4748997615119632,0.767180064870216,0.40850536474705246,0.2099863592669889,1.3604925631825715
2024-05-10,4.419214593970973,1.4668767000300156,0.7630316653385691,0.40768546582808324,0.2093778264076276,1.3540907480498647
2024-05-13,4.336954772516053,1.443127140421017,0.7543310557972968,0.4044972879722415,0.20837505415212296,1.3381623013491408
2024-05-14,4.39494113851239,1.4557846393799159,0.7609849550803484,0.405836946267135,0.2088522309229071,1.3492995673134527
2024-05-15,4.381789956480959,1.44795903372329,0.7568746513575451,0.40226513336844694,0.20682506733673112,1.3405910260293998
2024-05-16,4.4265198756958695,1.4567753127669107,0.7588367894574599,0.40251459263341455,0.20679829884360507,1.3457900472960336
2024-05-17,4.473100094629986,1.4757458629394673,0.7680107238123062,0.4076234154291346,0.2089738883944694,1.3616287164093575
2024-05-20,4.457025214831005,1.4770725682603965,0.7710346508554814,0.41001480471565865,0.21147687714917587,1.3668231347656628
2024-05-21,4.404689835667607,1.460218994676874,0.7633534589948661,0.40546858889569615,0.20937891534325034,1.3534944376769296
2024-05-22,4.415494855761413,1.465324402640505,0.764573510112439,0.4057654573015802,0.20911197241319152,1.3553899104980354
2024-05-23,4.30372605266444,1.4320295345303746,0.7467150297754632,0.3966685028039233,0.20519185462851763,1.3248783914852487
2024-05-24,4.281166404462304,1.423865384350123,0.7406976126534327,0.39287956806644464,0.20328950634234494,1.3148561044817217
2024-05-27,4.2971685476469865,1.4284593355901811,0.7453392943660955,0.39626704155571424,0.20548143774467387,1.323438909629906
2024-05-28,4.241621685478449,1.411696771300689,0.7354665199702758,0.3915719094736505,0.20352149015404145,1.3089464233065233
2024-05-29,4.255749307073736,1.4143994455702853,0.7371729411534835,0.39255419073331205,0.20425309351549506,1.3125250002071633
2024-05-30,4.224885620532133,1.4048463641420603,0.7338864984731882,0.38965341945823945,0.20156535697963707,1.302284165029472
2024-05-31,4.2447652579878685,1.4132646429537428,0.7374540630914458,0.39076667160580186,0.2012967027871098,1.3067341370347354
2024-06-03,4.12720123642478,1.3768982424355467,0.7242638835346991,0.3857265951700008,0.19967714687971344,1.2826186762475464
2024-06-04,4.0622564869802185,1.3620033452316742,0.7223511895986295,0.3870669505749037,0.20139085234370746,1.2794907931255002
2024-06-05,3.9632154927042653,1.3316296213443484,0.7085315665855214,0.3811298754724331,0.1983718613044783,1.2548877939027498
2024-06-06,3.7739764831530267,1.277264016863807,0.68485256613701,0.372523778611869,0.196289197529242,1.2159682034589212
2024-06-07,3.920738918916973,1.3135779822950573,0.697169586567891,0.37606976075886844,0.19659878747047552,1.2394123237091816
2024-06-11,3.900583710555581,1.3134294915715223,0.697394737855606,0.37742565493350744,0.1962137710851036,1.238596335417735
2024-06-12,3.967060192567881,1.330313582529535,0.7042851072943147,0.38004152627494614,0.19773472316045954,1.2532549955600027
2024-06-13,3.9243374259140937,1.3144284258880679,0.6971498000418082,0.37649054728900927,0.19636281516130683,1.2409430019720749
2024-06-14,3.932993241008767,1.318522093276237,0.69973382422845,0.3776462911090778,0.1971292065548904,1.244913737736843
2024-06-17,3.8821772360331344,1.3039871123233455,0.6955750148521503,0.3758977000946944,0.1966041143566283,1.235655891435798
2024-06-18,3.9278418847910297,1.321545699136383,0.7041646367952208,0.37945373705063395,0.1982145155473906,1.249303584133922
2024-06-19,3.910137529236563,1.3150417925291056,0.6975589613434159,0.37503371619111325,0.19638239143556485,1.2404759999787733
2024-06-20,3.8231649574382818,1.2831538509049634,0.6800634960906127,0.367132150531976,0.1931806027087582,1.2134493239671895
2024-06-21,3.8275373458321504,1.2824045508660336,0.6806025672625047,0.367400862057679,0.19310806647268544,1.2138640718155038
2024-06-24,3.6779696590738866,1.233738109808915,0.6568929688617212,0.356783944563908,0.1891758910610125,1.1747500353373046
2024-06-25,3.7255308893929397,1.244379239224466,0.6603714170864955,0.3561637582228526,0.18782721303021582,1.1789748934099122
2024-06-26,3.8283186287334576,1.2779401183698762,0.6767646379583949,0.36381177506830426,0.1905553439873786,1.2071012241363073
2024-06-27,3.768380366376774,1.255321699291829,0.6639013058551615,0.35619924411909576,0.187269060734094,1.1852447351558952
2024-06-28,3.769899945103172,1.2579736331504328,0.6672064020016832,0.3581603635745576,0.18933777484466296,1.1909449376770134
2024-07-01,3.8181830693058294,1.2748478893704158,0.6757333200670056,0.3632920725842729,0.1912193554831809,1.2060144550557366
2024-07-02,3.8596385963301847,1.2837509375295597,0.6761871974817809,0.3618084801358221,0.1892927895917963,1.2070646009317039
2024-07-03,3.8457201437488107,1.2777076851722677,0.671581869167306,0.35816868705666555,0.18744970840363237,1.1995442067529145
2024-07-04,3.7229899453157946,1.2394511445625422,0.6545618909397631,0.3508725284426638,0.18481491950090348,1.1703622624405101
2024-07-05,3.774134816475614,1.2550507183098552,0.660609927992972,0.3538169713038687,0.18511045271363663,1.1810270574003197
2024-07-08,3.667766115696783,1.219272882090112,0.6428075914285319,0.3451695812698584,0.18201415481669536,1.1515459037997122
2024-07-09,3.6917492275693102,1.2317709339496314,0.6523893307559571,0.3519300696997527,0.1859480145144284,1.1683310042228454
2024-07-10,3.641964262732331,1.216800722932267,0.645704482310956,0.34867748885873356,0.1849830515838117,1.157455294899968
2024-07-11,3.774980566546778,1.259771771590415,0.6656570676434057,0.3570380804308429,0.1889777228646536,1.1917875637325994
2024-07-12,3.778870706312818,1.2624776397970827,0.6641150954531344,0.3560217640205254,0.18799855317371486,1.1900789806877645
2024-07-15,3.718478689606418,1.2424384375309379,0.6547738160765815,0.35200069627162994,0.18685487645348536,1.1750143555707973
2024-07-16,3.7002015580585135,1.2382687359118751,0.6538696394720163,0.35190637033757893,0.18785979617852733,1.173947860897023
2024-07-17,3.6751862374467708,1.228615127817383,0.6481408208482948,0.3487699006271657,0.1856608065975856,1.1647266751642338
2024-07-18,3.670257161112187,1.2284503762178878,0.649030315549342,0.34946946293311926,0.18610618256734437,1.165728493549873
2024-07-19,3.682020667773243,1.2323091642316257,0.6501686109460896,0.3500157635703539,0.18610324250949759,1.167977514466711
2024-07-22,3.6969036289792174,1.2366911978796091,0.6504514002715763,0.35044032017666915,0.1857427073461568,1.1696844588109792
2024-07-23,3.653260732430528,1.2182535592536479,0.6389880326277152,0.34317559446956086,0.1808728184908924,1.1483285709462192
2024-07-24,3.595413394349921,1.2000961161317178,0.6284038764018015,0.33838401863904116,0.1783563168682599,1.132016768289671
2024-07-25,3.6339168631629883,1.2091665868806758,0.6321655073809315,0.33929239034812875,0.17788657102471014,1.137519047290821
2024-07-26,3.699356686302933,1.2317934627574956,0.6438880534070227,0.34500196372650377,0.18016439118799693,1.1568328578190459
2024-07-29,3.712468932674598,1.2328246844237296,0.644336792630768,0.3453465220320003,0.17996777472977354,1.1579865032027639
2024-07-30,3.7456062427509553,1.2444955207344937,0.6481775944737368,0.34635586647835637,0.18009453100886144,1.164466262752466
2024-07-31,3.8502898480763506,1.2828903294182514,0.6701398120996214,0.35877285614932625,0.18588533743937036,1.2028846618053493
2024-08-01,3.854525479803722,1.2823604867672442,0.6695702849270452,0.3591000353658365,0.18550925695355144,1.2025777462677405
2024-08-02,3.8339095305969098,1.2728204453612006,0.6638736195666024,0.3548477388779271,0.18285881377517244,1.1911714683622152
2024-08-05,3.772746678049731,1.24891336577702,0.6510358580981057,0.34749394945427947,0.1785344857619874,1.1677183576241095
2024-08-06,3.852306065467963,1.2750507149594164,0.6622750525269419,0.3525454830764453,0.1802087849381806,1.1871470637088273
2024-08-07,3.846559254427124,1.2734409830420386,0.661035401748614,0.35195420679561706,0.18015034574638117,1.1866373235928573
2024-08-08,3.867272798027144,1.2790256419475379,0.6628498744138581,0.3518088363382143,0.1790136179124394,1.188010714764766
2024-08-09,3.845341688954864,1.2706105179256926,0.6582592699220372,0.3490494904324462,0.17785188859612175,1.1800494646859299
2024-08-12,3.827353189421783,1.2614719988486958,0.6538181334567037,0.34695033254609786,0.17647648623888895,1.1724113712224447
2024-08-13,3.851082587966549,1.266755080751912,0.6572546650322257,0.34856655702490563,0.17746236923868464,1.1784824376470577
2024-08-14,3.826235038711643,1.2573532708842874,0.6523124530077695,0.3459406432314411,0.17585660300510858,1.17071907486659
2024-08-15,3.84578397721395,1.2685445452997877,0.6581317216780536,0.34865710270038686,0.1773997510547442,1.179980290127564
2024-08-16,3.8118288777341665,1.2595888221342832,0.6526565344967385,0.3453842364619617,0.17620031450200907,1.1704559965680106
2024-08-19,3.802700574948014,1.2584736350717152,0.6524986731243779,0.34556643608971094,0.1760956358028156,1.1696152936627773
2024-08-20,3.7358410509895585,1.2364574437207387,0.6408077170889936,0.3394543020561691,0.17360544055626453,1.1497731982759511
2024-08-21,3.727888147457491,1.2322176788257246,0.6373015361597835,0.3374733616971323,0.17288602937936437,1.1461361312862346
2024-08-22,3.6835535671020776,1.216341099370547,0.6283962050404157,0.33293248257120617,0.17056204744000597,1.1310877007831488
2024-08-23,3.6524225535729324,1.210748991078163,0.6270983758164106,0.33238699658055937,0.17061534911268594,1.1273686700717334
2024-08-26,3.713727917263858,1.2295655919983421,0.6336007615362617,0.33429969969123063,0.1710655251115283,1.1388877022697244
2024-08-27,3.681659603405275,1.21464034397133,0.6250787917570765,0.3300662057147046,0.16855002503265804,1.12485832970729
2024-08-28,3.709222152742523,1.219846585972722,0.6264894761637421,0.33016800677241404,0.16840367736430395,1.1290108355597053
2024-08-29,3.7504922567053414,1.2355454563032378,0.6344139795876965,0.3349339775032068,0.17000699900268124,1.1426934311586294
2024-08-30,3.8036625386144283,1.2565690491122163,0.6455988639934276,0.3409672992768531,0.17356399393882338,1.1627497596433523
2024-09-02,3.7717696900487785,1.2418106318010858,0.6360611606561717,0.33566712624444894,0.17047591237808843,1.1468805709071357
2024-09-03,3.791739489075904,1.251246588806538,0.6420569933027739,0.33899853617750375,0.17218250098359092,1.156572635154281
2024-09-04,3.765742360868804,1.24137757319373,0.6377585811881602,0.33696814686951543,0.17071642469544557,1.1494247254600685
2024-09-05,3.8080397837206124,1.255429340828645,0.6441851026315586,0.3394711552947167,0.17152954127954867,1.159727708086398
2024-09-06,3.754449463700358,1.2355453854895584,0.6343545818477995,0.33429578120060505,0.16942520369333944,1.1428694894036382
2024-09-09,3.766421093086934,1.2371590314290335,0.6324858598370289,0.3326280051014733,0.1679707332573098,1.140120487493198
2024-09-10,3.7876102470844426,1.2418455180655523,0.6341779623440582,0.332866830663637,0.16826997476310612,1.1434475823805212
2024-09-11,3.754047058272435,1.2317610120954305,0.6299543338609469,0.3310633204615574,0.1675921620973157,1.1369308476452282
2024-09-12,3.755516176396861,1.2316908709432133,0.6303946061065508,0.3306464760837998,0.16656710919669246,1.135489363890641
2024-09-13,3.7227593741116114,1.220098500715955,0.625471811049031,0.3268559957655494,0.1648831255219728,1.1246986705306075
2024-09-18,3.6868343410658397,1.2124761510583426,0.6238026858835604,0.3266509493820744,0.16528931327149346,1.1209330661095478
2024-09-19,3.793622472240895,1.2472418392179863,0.6394809631281382,0.33331213969302725,0.16799931134618057,1.1477385673972393
2024-09-20,3.7773235973431363,1.2416885331840715,0.6379203725046005,0.3324350308186577,0.168037887375441,1.1456600607939786
2024-09-23,3.78841686043213,1.2466583658602148,0.6401524371313596,0.33336463824528667,0.16838352199180345,1.1491633967558408
2024-09-24,3.9118538127401035,1.290063467069798,0.6623500080464271,0.3455153025510857,0.17486696604355315,1.1898503073846056
2024-09-25,3.9573718186300035,1.3052136650906214,0.671415383558015,0.35000801301522355,0.17683463302665842,1.2044423644430633
2024-09-26,4.084012108844971,1.350024239333915,0.6962617083965297,0.36323803537061633,0.18373087141186265,1.2478347204077367
2024-09-27,4.224618325214816,1.3997059426912402,0.7243808687445508,0.3793865882953349,0.1923152216115949,1.299595750852757
2024-09-30,4.56970790841299,1.5191921461727003,0.7869275734359239,0.4122771093793536,0.20881275814777175,1.4102876394893464
2024-10-08,4.765081385536112,1.5879284540543652,0.8227998317203472,0.4320791032164709,0.2205182425497899,1.4773258832991147
2024-10-09,4.373326195727505,1.4560477903985076,0.7583283788598552,0.3996837718010649,0.20586744173505103,1.3635633783069148
2024-10-10,4.425300647506224,1.4711613144693685,0.7635623777788111,0.40041726038477055,0.2049425348576781,1.3707918752860186
2024-10-11,4.295805643005696,1.42381564555168,0.7372467007561866,0.38697031757634043,0.1982505460801842,1.3275455676223358
2024-10-14,4.390611024181671,1.4576800792333977,0.7566786228455264,0.398117998583938,0.20373195939042654,1.3617071750912468
2024-10-15,4.340515070847424,1.4364733283009716,0.7437503424993568,0.39077563830435375,0.1995044970458375,1.3393111252402257
2024-10-16,4.382366656704907,1.4490579033068227,0.7495587932000519,0.39357319098431315,0.19973054843688773,1.3485522144909168
2024-10-17,4.332391496959954,1.432238894423872,0.7422559127730576,0.3905673002913033,0.19830343631922256,1.3357314500404
2024-10-18,4.404691211028205,1.4603172074394157,0.7582686497019441,0.40075624653871517,0.2046062632535777,1.3678219339588467
2024-10-21,4.43513805645842,1.4720731517691643,0.764988863643668,0.4054724646121837,0.20737872309058264,1.381265907646015
2024-10-22,4.524650994317977,1.501766865802037,0.776774965225268,0.41123884071676065,0.20911436962772317,1.402910828292769
2024-10-23,4.550517853576206,1.5113915215075189,0.7822057576031561,0.4138618844780495,0.2099683796687145,1.411210324234929
2024-10-24,4.577076969036474,1.5166341393728235,0.7825018774267203,0.4118009612604239,0.20836616972839944,1.4103843013877029
2024-10-25,4.678131260598504,1.5515820554893271,0.7999903450018597,0.41986093037536604,0.21090523602608308,1.439663778095634
2024-10-28,4.827598078378844,1.6027776102787776,0.8215546453297182,0.4293822660187971,0.21492627047342888,1.478144289772396
2024-10-29,4.724632434542355,1.5653844669634702,0.8059253726254176,0.42308398843474443,0.21338233058132886,1.4528587630784764
2024-10-30,4.74110015294559,1.5728435506975493,0.8087534840887776,0.42458697296855175,0.2147881692613673,1.459222853151351
2024-10-31,4.8063441371144435,1.5966115494977928,0.8207718754013442,0.4304200268755734,0.21817199388749514,1.4805932564478572
2024-11-01,4.700198700090834,1.5590788875598176,0.8029928678432787,0.4220234174779945,0.21332603928552957,1.4497336805422296
2024-11-04,4.797572959696199,1.5878883993809836,0.8162911022649979,0.4287305809301906,0.2160296978728382,1.4741827275055561
2024-11-05,4.8761950334080435,1.6231624786170682,0.8367258173599692,0.4395298641680666,0.22250058707879622,1.5092024038651353
2024-11-06,4.906059974257793,1.635541902023478,0.8441680879134806,0.44283650467553287,0.22372808588596432,1.519972445035416
2024-11-07,5.043323608069,1.6811885422067843,0.8686767918525687,0.45338472217032066,0.22866227383538767,1.5597320641897021
2024-11-08,5.017589125106375,1.6735155287835353,0.8656788651054713,0.4512184913948371,0.22874148291623342,1.5558059918134983
2024-11-11,5.088580647467349,1.6955389864688812,0.8754826373094536,0.4572998378258945,0.2327023320829037,1.5774091003336816
2024-11-12,5.0886251255271295,1.6897954956507801,0.8691201509844341,0.4530981361387709,0.22921486455683912,1.5664275914442882
2024-11-13,5.114795014517291,1.6929951548994306,0.8704898175534886,0.4522183843857538,0.2287249824185684,1.5678501783991057
2024-11-14,4.997961321962306,1.6519463089238422,0.8496442267510911,0.4392160995393236,0.2227369908821776,1.5283517934986512
2024-11-15,4.947269828864885,1.6269585165770053,0.8374707657084788,0.42997453150949,0.21630799666997366,1.5024138916458676
2024-11-18,4.903862034475467,1.6100803065467693,0.8267305712433498,0.4225241812888671,0.21213934504997745,1.4818087410972176
2024-11-19,5.007895129543051,1.6410897473555508,0.8418690044280943,0.430528864726693,0.2162780959454739,1.5106274583787167
2024-11-20,5.123497470283762,1.6718149308387018,0.8584721397241233,0.43865559002156046,0.2195894459261077,1.5395450947193887
2024-11-21,5.167849990326323,1.682733943398266,0.8617831959192037,0.440072872014821,0.21985529720036334,1.5467772266706918
2024-11-22,5.011490442301682,1.630714774874226,0.8320783676733464,0.42601474928227556,0.21213134094813849,1.498102375600583
2024-11-25,5.151537702008774,1.6614081500458644,0.8432300035214146,0.42874925087868787,0.21159797016746026,1.5173002185691027
2024-11-26,5.152138311699253,1.6614668164631445,0.8385721090171137,0.426292946444662,0.2093267623336857,1.5106742985545438
2024-11-27,5.191824827497113,1.67979929496754,0.8492854482378658,0.43276086663729874,0.21375333204280736,1.5311686198802326
2024-11-28,5.256477191130291,1.6940359326722123,0.8529774546286119,0.4319305951733594,0.2132017535581235,1.537530970886652
2024-11-29,5.314758542018593,1.7113166516381124,0.8618872026445633,0.4374153933416988,0.21626101333508496,1.5572898656604692
2024-12-02,5.425273488720664,1.7546444235620187,0.8797443412161926,0.4461197070717243,0.2204538447543572,1.5903397744470251
2024-12-03,5.446324935586497,1.7626746013525474,0.8832618611494014,0.44731393149337123,0.22087013274041087,1.5957531655452537
2024-12-04,5.379268296173331,1.7430741907503906,0.8725525669919822,0.4413410234994906,0.21803109076140884,1.5760412071341015
2024-12-05,5.434951726884843,1.7616641536178699,0.8817965555611516,0.4460550785847186,0.2209290191065514,1.5935619922380104
2024-12-06,5.496204947019662,1.783063442001086,0.8934991611470862,0.45049566732574015,0.2232851791844338,1.6135897084796837
2024-12-09,5.52218641586538,1.7832222693356812,0.8935329944091346,0.44868111393443044,0.22206288890818904,1.6120892049079898
2024-12-10,5.524885186816307,1.7886589303776035,0.8969743950045284,0.4522752214761981,0.22429928221233522,1.620301981068478
2024-12-11,5.611498741909992,1.822027438056727,0.9120291664939963,0.4605613957680586,0.22696602718566503,1.6466565038675485
2024-12-12,5.718324069845123,1.8503674632826455,0.9223455122137835,0.46619014621130367,0.22908632397783232,1.6688763417123131
2024-12-13,5.6301577556298765,1.8141518890101578,0.9061325196154489,0.4569117799262431,0.22477588060430234,1.640298195240434
2024-12-16,5.6464504035350584,1.8129477529388571,0.9015369702211009,0.45412335664283354,0.22249123928098855,1.6340290086117997
2024-12-17,5.423449574289754,1.755925992673319,0.8749205590133278,0.44144911242144264,0.2166302666463321,1.5834636614868869
2024-12-18,5.43211960307832,1.7621316179722741,0.8788213252376881,0.44431271946193396,0.21771150618296917,1.5901352376794404
2024-12-19,5.419856536421165,1.7601973570758074,0.8776772540184591,0.44410502656141204,0.2171624130990974,1.587702598054164
2024-12-20,5.465725833204169,1.7668248246019373,0.880399882370839,0.44498627564722115,0.21858837374234058,1.597100593326576
2024-12-23,5.233940522848063,1.7027825554786884,0.8501241346169487,0.43055749237337865,0.21063416359983916,1.5390085502089128
2024-12-24,5.287093891010011,1.7214682367274792,0.8582776352401829,0.4349793302813311,0.21192520934220638,1.5535106653723916
2024-12-25,5.18469814738712,1.6919867679632425,0.8448391110720216,0.4276187348790859,0.20861629152467775,1.5271980410727912
2024-12-26,5.235595214277663,1.7047322917283896,0.8515094620199785,0.4309125589123737,0.21091359627396986,1.5406268021248115
2024-12-27,5.323190802775724,1.7284397033587218,0.8596881630856922,0.43398497611341863,0.21125260378545196,1.557381790791387
2024-12-30,5.265459343493985,1.709379060856409,0.8515304157729947,0.430451493100759,0.20977116031763435,1.5428930253819226
2024-12-31,5.188505063137819,1.6795220434222198,0.8346586604744722,0.42043751135919927,0.20384913767503615,1.510988712606383
2025-01-02,5.1201385799542045,1.6558593123791645,0.8213397939723985,0.41250661625621937,0.20002705022005365,1.4865602149188661
2025-01-03,4.949463464241486,1.602727090632336,0.7956518402794912,0.3990035565202895,0.19298293290772867,1.437607801480827
2025-01-06,4.970158485555984,1.6033689331588323,0.791674774848917,0.3965498213942949,0.19070904909533953,1.4337612725893063
2025-01-07,5.066295761183207,1.6298985334148341,0.8037162792904182,0.40276553091666356,0.19477130214249863,1.4590194377370962
2025-01-08,5.062871055190406,1.6268638445579933,0.8018661757072493,0.40250589410000637,0.19507645245043473,1.4578774343389014
2025-01-09,5.067950307803726,1.6270170660904535,0.8018186999985699,0.40311033419828896,0.19605116607051654,1.4600763479579717
2025-01-10,4.949203806209733,1.5853788420496482,0.7816119386911877,0.39348309834337236,0.19104270872011628,1.4239680623507691
2025-01-13,4.980034201286348,1.589744460496768,0.7815772943179206,0.39179712306932807,0.1898418919111175,1.4247938144574004
2025-01-14,5.174841253161261,1.6512722885295017,0.8121613526910424,0.4077512922992641,0.19860771764283186,1.4828827044327846
2025-01-15,5.18427618673538,1.6501151150568127,0.8100712298150471,0.4060751583980163,0.19770251231286173,1.4798818750396932
2025-01-16,5.221730082341337,1.6624119682110725,0.8159522362901647,0.40929874200582855,0.1993324605733157,1.4911642282877255
2025-01-17,5.23205402305938,1.6640593585876902,0.8165647931435039,0.4100300346393104,0.19926036001220637,1.4926979148002435
2025-01-20,5.298489447615544,1.6795643522945287,0.8206429937155167,0.4118923851926404,0.20072607248706342,1.5055901999810375
2025-01-21,5.256184799632907,1.669840144067199,0.8171964568089896,0.4104488107611164,0.20155205914714885,1.5003632807051082
2025-01-22,5.205255870972644,1.6502260799072583,0.8079588701456328,0.4061962720603297,0.199692921417103,1.4846632323522944
2025-01-23,5.225490464823445,1.6479098253539717,0.80690524152818,0.40493540469852063,0.19891108369159446,1.4829304157590157
2025-01-24,5.247508880831803,1.65724155054915,0.812593757688905,0.40916130400766204,0.2016627302541768,1.4951492843849559
2025-01-27,5.273761231407647,1.6545334675562866,0.8087892299799927,0.4058900968564505,0.19753186117455437,1.4875472467539645
2025-02-05,5.285231020544766,1.6615089489003652,0.8127224200364842,0.4084401466353334,0.1989026340762638,1.4948287594289495
2025-02-06,5.349418101616068,1.6843776263601538,0.8246877413733398,0.4167538247916658,0.20419848127795479,1.5210233097827577
2025-02-07,5.398103027033373,1.7077342237356792,0.8350530292280942,0.4227588001732282,0.20765474114815258,1.5413654808703336
2025-02-10,5.476284356988523,1.7352527000923055,0.8476110376092906,0.4292414921052647,0.2102358583966984,1.5639914021270378
2025-02-11,5.459957916917977,1.728502245572387,0.8432144380248141,0.42776039010639927,0.21022520213632623,1.5606494959264363
2025-02-12,5.475577142281205,1.7372249059416023,0.8488167529643208,0.4318016865367005,0.21376414244426556,1.5733917671608075
2025-02-13,5.4266262805004795,1.7274808383248645,0.8447497931059316,0.4297273754220326,0.2117785144333535,1.5628699502366328
2025-02-14,5.412959614951593,1.7219964062560842,0.8428705258272973,0.4295392306731238,0.212084841759239,1.560709683951417
2025-02-17,5.493956026051127,1.741734898331066,0.8501221167613202,0.4325847642804307,0.21425708707215174,1.5770564539556116
2025-02-18,5.3864908607575455,1.706714742685277,0.8335259506677465,0.42375527209533287,0.20930155337595233,1.5460721357794347
2025-02-19,5.453186378170805,1.7266083306432656,0.8453055155383723,0.4306898386228555,0.21406805526513586,1.5699784758379962
2025-02-20,5.4996742134986585,1.7381091632265193,0.851519222540104,0.43336068913109743,0.21516171483146795,1.5806066308189077
2025-02-21,5.462244782053154,1.7334808679885405,0.8518461235434459,0.43658305631290517,0.21880512562693405,1.5854390890297
2025-02-24,5.5071669465854,1.747664697042036,0.8553886448872352,0.43826206800883755,0.21875149315815426,1.5931004729281035
2025-02-25,5.471363570042009,1.7345040129656375,0.849256157044747,0.43515990005197747,0.2172540441979526,1.5833210839518934
2025-02-26,5.5527271152898,1.7611026841739674,0.8603261913609642,0.44145123416573995,0.2200952308280884,1.6057333244249565
2025-02-27,5.565707985697959,1.7670610931452233,0.862986716975258,0.44146197682029026,0.21813980990246465,1.6057183756760305
2025-02-28,5.46762997695586,1.737809407969092,0.8447745747668559,0.43027278990784085,0.20975189770629832,1.5674775263743022
2025-03-03,5.501571185624307,1.7444239045832586,0.8483138922943437,0.432386684486595,0.20976960099211547,1.5734969121659463
2025-03-04,5.55156195707595,1.758956147822028,0.8534979915695844,0.43604903700498804,0.21195848155294225,1.5884057365167452
2025-03-05,5.511993377621221,1.756785254175421,0.852909725840395,0.4377485262145293,0.2144957597610556,1.590572532962745
2025-03-06,5.564717234918087,1.7738449933108775,0.8633360087170638,0.4436062073828173,0.21940340164618688,1.6121292314410605
2025-03-07,5.549499634427364,1.7681600460534341,0.8618569178926828,0.44344853050481925,0.2180794141087121,1.607600910105628
2025-03-10,5.612155485747053,1.7816030869873312,0.8671320908455082,0.44459615948928133,0.21798374623468814,1.6163340510245012
2025-03-11,5.646276070254405,1.7907509288012156,0.8717940875163837,0.44697643461090913,0.21856699996713816,1.625770748632128
2025-03-12,5.668582718492193,1.7993997479123265,0.8756083869517658,0.45019696575950247,0.21950770887065374,1.6337894059420406
2025-03-13,5.664063405718999,1.7923931230719141,0.8698793283048374,0.44584311896217155,0.2154672728498465,1.6209427530851248
2025-03-14,5.7632696476297545,1.8204621233904221,0.8817577899768515,0.45217560544204033,0.21915165377074863,1.6462734314440786
2025-03-17,5.815116346754045,1.8345982554983546,0.8855788782778771,0.45390013825368597,0.21972136240297888,1.6553302968363668
2025-03-18,5.831210946014705,1.8391161092185528,0.8879070068086655,0.45533092315468465,0.2205227294359376,1.6620004823985257
2025-03-19,5.810738961621664,1.8370073821360948,0.8863223354779163,0.45404323594559526,0.21928095048946775,1.6570462166280457
2025-03-20,5.832583562437595,1.8428721703168605,0.8874588273262987,0.45337922651341156,0.21810584980828396,1.6575138025989382
2025-03-21,5.790434864884331,1.8293437843394127,0.8772615198015792,0.44663408272495325,0.21323708242559095,1.6365417967639162
2025-03-24,5.68351025701694,1.804363394685045,0.8677963924940915,0.441992308016562,0.21115445642846348,1.6158978007634914
2025-03-25,5.707815173834842,1.8056767321276623,0.8677438733275326,0.4396759569764038,0.20855346827013496,1.613620350456006
2025-03-26,5.7976796268307345,1.8231368808525856,0.8743030969848697,0.44173076601738936,0.20941196043509056,1.627098547248844
2025-03-27,5.785416711568165,1.8151466403386025,0.8720852639263668,0.4386995340707343,0.20760069858262686,1.6191095110467935
2025-03-28,5.699781875452691,1.7900201766823767,0.8611710639763828,0.43396495100087884,0.2058372888335112,1.5995359649817391
2025-03-31,5.622521185519694,1.76451754214494,0.8499181889451316,0.4290984666677761,0.20385843728600767,1.57979911699996
2025-04-01,5.736505607161053,1.7877933544533768,0.8574030772144883,0.43205544528356515,0.20376620493582104,1.5972275204107997
2025-04-02,5.749404416854883,1.792660247231901,0.858859495377697,0.4319233205611063,0.2038750078120098,1.599431401979639
2025-04-03,5.769551934919988,1.7934644598967564,0.857591989508594,0.42905979020537116,0.2014888412064127,1.5943626330567084
2025-04-07,5.238121394227693,1.6266467064706405,0.7803596562565652,0.39065188616689933,0.1841809076807329,1.4506783780606232
2025-04-08,5.188140374759567,1.609826615302881,0.7731294811895907,0.38583657590377923,0.1811363193131386,1.433850323076811
2025-04-09,5.293494282138465,1.6401789487461413,0.7867566467058446,0.3924709715275566,0.18483745712764277,1.462525580953962
2025-04-10,5.4698257273915605,1.6836937363047064,0.80504891076127,0.4007833168802187,0.189061448315265,1.4997114822468562
2025-04-11,5.506369556129022,1.6940728966393999,0.8106326132957076,0.40305424008094975,0.1902010848557467,1.5091526865270257
2025-04-14,5.626686024481009,1.732111659886365,0.8261529438344262,0.4097009078305555,0.19303475228753864,1.537777597582606
2025-04-15,5.645744881853022,1.7360433054093374,0.8260593242989587,0.4091451927449022,0.19235514209760338,1.5379823066164489
2025-04-16,5.5685718073070545,1.712231997804175,0.8148840050696607,0.4032751719755764,0.19015201059420123,1.5190710426625282
2025-04-17,5.646486766989526,1.7273802998807766,0.8198683445088046,0.4040636693024589,0.19020784787704131,1.5285523405459915
2025-04-18,5.6500577761999065,1.7298545760956177,0.8200226868701409,0.4030042718918352,0.18949953675452783,1.5273004223935676
2025-04-21,5.706203278695599,1.753677205088423,0.8319624906755172,0.4097242367821973,0.1931105557411715,1.5499039074522998
2025-04-22,5.7560702202691765,1.7633663836834041,0.8346413189079839,0.41035408066132145,0.19261625731018797,1.5550064770640972
2025-04-23,5.770750183662305,1.768840287769362,0.835190799254995,0.4108953329980563,0.19338731809970508,1.5602196303711464
2025-04-24,5.754039851474459,1.7601636627220687,0.8294795731471427,0.4085586556665642,0.19217130509234345,1.5519156837350587
2025-04-25,5.780635177977682,1.7656761771048173,0.8327807972527058,0.4100732681752619,0.1927720315421204,1.5576787129954928
2025-04-28,5.695834258543119,1.7406344435447383,0.8213223373750194,0.405273492233364,0.1903887774508069,1.5369055155124351
2025-04-29,5.777466362110642,1.7536983188814343,0.8261587405141486,0.40690345396134747,0.19046862403843326,1.5467940134316034
2025-04-30,5.80345194791072,1.7624850455549983,0.8280525440267408,0.4087204863487058,0.19121278042196832,1.5547574899844585
2025-05-06,5.940410362245456,1.804665047002723,0.8461895755348303,0.41889087683774673,0.19621803855569508,1.5922252300413589
2025-05-07,6.001335078926364,1.8206487876177833,0.8521881307385011,0.4215267526771683,0.19724920441029134,1.60424784563925
2025-05-08,6.063048119443627,1.8393145624995542,0.8591892126336553,0.42483085266770687,0.19829661723618663,1.6176922994657745
2025-05-09,6.056768807635811,1.8275811503987756,0.8530284091902663,0.42076671471226035,0.1956724988141028,1.6056003268029024
2025-05-12,6.0878065375262995,1.842013162467079,0.8602952330338842,0.4246728618162812,0.19827857094511386,1.6215921799261195
2025-05-13,6.0943626298048095,1.8449795241047082,0.8604095015229949,0.4240407648344737,0.1980853916686952,1.6217080648550237
2025-05-14,6.09426335819676,1.8478606598012262,0.8630743862946118,0.4251386306301636,0.19976189512343343,1.6267986763208635
2025-05-15,6.096907028163945,1.8382339925026583,0.8570911792786945,0.42054768234392387,0.1963764460172237,1.6139612725749948
2025-05-16,6.1209269298799915,1.8452529764186045,0.8602786937081053,0.4230090898887339,0.19760066970313023,1.621568075019986
2025-05-19,6.205754752575748,1.867927148061711,0.8683077526042483,0.4261623027885857,0.1978454520746963,1.6375963882239741
2025-05-20,6.270199063541535,1.8855148870090779,0.8759181525319613,0.42974853822388126,0.19872096970821598,1.6511571611868459
2025-05-21,6.256794717104238,1.8773605181828927,0.8740450714310005,0.4292162638132455,0.19815981141840583,1.6469750944895156
2025-05-22,6.187564182540847,1.8560236093322258,0.8640304377417887,0.424459438882822,0.1963635413704019,1.6291764797816926
2025-05-23,6.130511545058839,1.8348176800246507,0.8557830429032535,0.42001894972851256,0.1943053352260081,1.6125147129665827
2025-05-26,6.182362408870398,1.845871412265229,0.8613670639206009,0.4224847242269055,0.19549293602516787,1.625040406575959
2025-05-27,6.228991810302933,1.8561276642567357,0.8635280903501853,0.4224187998756777,0.19565368555724175,1.630330521449299
2025-05-28,6.22243268822448,1.854801785416429,0.8634253718374565,0.4214220663200527,0.1949193636176242,1.627721417127376
2025-05-29,6.298916136837121,1.881386809282643,0.8745742671984603,0.4270606603161253,0.1969456652781552,1.6483309996974758
2025-05-30,6.249522152387411,1.8634380871575327,0.865460641630138,0.4225956371901732,0.19390072960456983,1.6306208105240432
2025-06-03,6.288058610017145,1.8729009839849633,0.8714796652467228,0.42506530524259367,0.19495649550301106,1.6421730162907864
2025-06-04,6.366539054337544,1.892996244734045,0.8816306996638323,0.42993357285035855,0.19670735220197744,1.660332540312314
2025-06-05,6.348198997251759,1.8918517422764667,0.8833363053735774,0.4304596587535717,0.19703060097036243,1.660768681076847
2025-06-06,6.4063113623169565,1.8993245921342066,0.885384619828095,0.4299583463006631,0.19581767650388407,1.6634595257789637
2025-06-09,6.4615103588471134,1.9170197441152892,0.8929589468132604,0.43393073894862705,0.19818707363526245,1.6793716771567273
2025-06-10,6.4193894238005695,1.9038579582825153,0.8852615297536346,0.42948573480584384,0.19686923798139863,1.6682720235097894
2025-06-11,6.466840115935255,1.915340548688506,0.889720314004238,0.43229318078022866,0.19749690919133633,1.6776769787329195
2025-06-12,6.467509886105579,1.9118302538996546,0.8900083628001282,0.432996566804631,0.1978133918108128,1.6782889018332408
2025-06-13,6.372884114434528,1.8818615072050047,0.8761179433944174,0.4261099479260241,0.1948424546833988,1.6524984292205747
2025-06-16,6.410202454475227,1.8924208268243181,0.8795198678801165,0.42814082606558007,0.1966008472129858,1.6621294156771131
2025-06-17,6.410639016091214,1.8923655755275643,0.879592485597013,0.4273951185180577,0.1956734533170183,1.661827235947094
2025-06-18,6.364881281753309,1.8810665275932956,0.8738075790947852,0.42538087580294903,0.19488084343139941,1.6523722872569802
2025-06-19,6.270047678110434,1.8538022122902698,0.8602537901804526,0.41837601271283587,0.19105773150438207,1.6256068656953186
2025-06-20,6.269419864129794,1.8479009227695846,0.8567211577013969,0.41570672735925324,0.18932103331226732,1.618174335002059
2025-06-23,6.361316297404864,1.871270638626729,0.8664202350912175,0.42071539140694797,0.19209376108362564,1.6393150788092217
2025-06-24,6.480985588868915,1.9033805630304579,0.8807225423621433,0.42746464232306003,0.19489614982782863,1.6683278120729879
2025-06-25,6.519992175676752,1.9160734839631635,0.8889425324465853,0.43140883472253866,0.19721229825787315,1.682719654589402
2025-06-26,6.4993884738724175,1.912743435442029,0.8867417378456708,0.4304746964533852,0.19704788940258322,1.6792288527321924
2025-06-27,6.544184356538889,1.9245152333955735,0.8918088256190404,0.4322722888767395,0.1976668874334969,1.6879868787701073
2025-06-30,6.598695300750204,1.9394217112557695,0.8988494316070673,0.43633835605985116,0.20083508891842505,1.7046682645130053
2025-07-01,6.615059346300329,1.947802722497852,0.902072446641678,0.43838069325434553,0.20131191164048975,1.712548049627951
2025-07-02,6.655453249454201,1.9544516272572194,0.9007705728929696,0.4371778813172289,0.1996149173259744,1.7114878657909718
2025-07-03,6.696316237169763,1.9643953408340948,0.9053507816561818,0.4387491477340603,0.2008573852992548,1.720432425112529
2025-07-04,6.657304717059973,1.9525017450740738,0.8988716217614209,0.43605952843315166,0.19989594949645895,1.7101264185905494
2025-07-07,6.731717974245541,1.9712175117956259,0.9055290826855401,0.4380516797319787,0.20049914969722085,1.7223556515618004
2025-07-08,6.7746575570372265,1.9855825358422372,0.9115154215914232,0.44254285788572484,0.2026179698125231,1.7386757352349698
2025-07-09,6.788947539220677,1.9860626846706422,0.9117645253432771,0.44135381355203446,0.20186236016925094,1.7373566371414826
2025-07-10,6.836881867034166,2.0029459431810546,0.9161880710561585,0.44350674007197577,0.20212935375117205,1.7466044476427862
2025-07-11,6.848335360513724,2.00887151752568,0.9191711087628912,0.445701021656898,0.20304182562363432,1.7526658065391618
2025-07-14,6.903296361398378,2.0203293427104936,0.9233309661190675,0.44753496944036686,0.2031901804894017,1.76076322742164
2025-07-15,6.817355672204924,1.9919983100636132,0.9125568400668876,0.4426121958787366,0.20177876050034768,1.7431034077399303
2025-07-16,6.892614810635624,2.008415291677323,0.9173406024792529,0.4438442904436814,0.20172718072858586,1.7525338330176055
2025-07-17,6.91340497444869,2.016214557284049,0.923657626254218,0.4478549364148844,0.20420815365576767,1.7648445253548268
2025-07-18,6.931217905534476,2.019256181084416,0.9266235804989443,0.44912971181152606,0.20472804178465975,1.7693236149677138
2025-07-21,7.038040300891566,2.053237686947714,0.9422188498136658,0.4549357670487765,0.20708657163706753,1.7953389614509512
2025-07-22,7.052678943625376,2.0643616156798834,0.9494041178577501,0.45730833409550065,0.20753840494549744,1.8054192169685834
2025-07-23,7.0122113947621605,2.051512959038676,0.9417080312550061,0.45362286077248576,0.2061250951992722,1.7928041915961186
2025-07-24,7.0755824936705,2.0752284738438256,0.9532844011543289,0.46009664413210044,0.2090346351226373,1.814774874728989
2025-07-25,7.1020508271169245,2.076926015183838,0.951873180390688,0.4603851122421462,0.20866686240826599,1.815480771409809
2025-07-28,7.11880368621783,2.075690038918742,0.9517640461360957,0.4609136188539683,0.20984766701795413,1.818552846705562
2025-07-29,7.0889653196527425,2.0655972842956345,0.9494461115419148,0.46067939394689994,0.21050750880928404,1.8173818536328816
2025-07-30,7.092784324929074,2.0641769346516363,0.9482174313966303,0.45823916726699865,0.20849981972134587,1.8114641979473671
2025-07-31,6.980908760824878,2.0371129306298097,0.9352651489560372,0.45225375170142246,0.2055917002731538,1.7862652563507595
2025-08-01,7.060582780901164,2.044966505113916,0.9398670086843356,0.4530901459065699,0.2050429562038268,1.7931842754881897
2025-08-04,7.122400250933903,2.058884703364548,0.9489481222616504,0.4575235672388837,0.20631950857783113,1.8079714937641331
2025-08-05,7.193012729645524,2.0759775681234505,0.9570475329729521,0.46027673653923656,0.20793178118306826,1.8247119105751022
2025-08-06,7.220544422858578,2.0852155996841053,0.9615310808675984,0.4625920604903496,0.2094960100319644,1.8340238127629584
2025-08-07,7.2235841827125435,2.087268696471141,0.962102959594452,0.46254386959710486,0.2094589191048257,1.8346542384538675
2025-08-08,7.273870442883528,2.0944444801066253,0.965053130679392,0.463665471285928,0.20936356175576015,1.840317923950623
2025-08-11,7.352666374413961,2.118959435070731,0.9751894392193782,0.4691788799053351,0.21158608815409602,1.8607632789698876
2025-08-12,7.348761656795197,2.1167848679038617,0.9745811645463786,0.46830565446797096,0.21152662921393528,1.8613426880378883
2025-08-13,7.338615721008253,2.1222229641074004,0.9782017937257348,0.4714674548314123,0.21449729367461423,1.8709105069715852
2025-08-14,7.217324105601658,2.08601824083551,0.9643225747174468,0.4649137002330947,0.2120325315103503,1.843532139001481
2025-08-15,7.2648377700159354,2.1099624476729875,0.9783654266418079,0.4735910206210928,0.2158579075993075,1.8690940942887395
2025-08-18,7.304411341842943,2.124680259496225,0.9875210458405671,0.4789215428331121,0.219450585728628,1.8876657807258053
2025-08-19,7.376621479606929,2.1401916474523563,0.9914909112104134,0.4801749671224319,0.21999040736167072,1.8996743104883438
2025-08-20,7.4542304486893505,2.1660759977913755,1.0035256201807696,0.48390021253934845,0.2216349126924824,1.9186661257792206
2025-08-21,7.485003033082372,2.1703725633986064,1.005758040228766,0.4825323663774456,0.2204327200991473,1.918699486316501
2025-08-22,7.456613337192715,2.1673528569563483,1.0071334999503059,0.4860894189131033,0.2236654295193188,1.9256921996534162
2025-08-25,7.482864604966191,2.1816636824849054,1.0150437723337236,0.49182643292385,0.2276010593536449,1.9439389255341026
2025-08-26,7.5400519354685125,2.1925007974803323,1.0196598158778487,0.4928431922420053,0.22730774404118728,1.952970414539313
2025-08-27,7.337873273608424,2.1378598206684787,0.9942790236014537,0.4810433088742608,0.22349360217506492,1.9071354306489
2025-08-28,7.312359053609878,2.1368289421602844,0.9975344824105136,0.48356895777283443,0.22690211109916036,1.9146943591180299
2025-08-29,7.281289852568552,2.13054023003058,0.9969988540141066,0.4831677744896299,0.2274789920513578,1.9123901528895928
2025-09-01,7.3429161940946654,2.1494655781400804,1.0045263590097686,0.4875598062381396,0.22938006462454713,1.9285863683469098
2025-09-02,7.308676457340189,2.1302735069279084,0.9928444959705635,0.4805168469989361,0.22431151541608377,1.9067340042383152
2025-09-03,7.168606125061043,2.091092596300276,0.975254429285426,0.4714749429475155,0.2198900424693844,1.870962018439811
2025-09-04,7.240654255757209,2.1027499463440926,0.9750430320224048,0.46756957624447454,0.2151652349590146,1.8655861941806784
2025-09-05,7.321421198550953,2.13548178897797,0.9932458257915725,0.4784427606463886,0.220388798332522,1.900256655369528
2025-09-08,7.434840866107585,2.1633656176619485,1.006289681710274,0.48484639294694176,0.22262421085579884,1.925039285936134
2025-09-09,7.422778464705515,2.1520335080026576,0.9991438624376251,0.48097063768934756,0.22009486576995607,1.9141758041557735
2025-09-10,7.440783572851191,2.155544863392542,1.0000513553691113,0.4813030066548562,0.22048134714914702,1.9170140192026885
2025-09-11,7.478317160740465,2.174210275847641,1.009063377539818,0.4882679195004822,0.2255271866105094,1.9400462353768229
2025-09-12,7.466853197798321,2.1737010811147424,1.0082893538339293,0.48813790224006687,0.22662910999227445,1.9408562966814578
2025-09-15,7.467997549234556,2.1705272801315627,1.007853321204335,0.4879959096598868,0.22645760211493288,1.9397749027948288
2025-09-16,7.5401601383793135,2.1873965602367456,1.0159730645760527,0.49136674057247487,0.22805063760750827,1.9568239570123456
2025-09-17,7.532800585248952,2.189398700356138,1.0169599894260528,0.49358189644563627,0.22945572505602888,1.9613560067666342
2025-09-18,7.4049139568615105,2.155961309874317,1.003801338304536,0.4871769908791164,0.22705833770150483,1.934440930716141
2025-09-19,7.387610962396556,2.146408927926718,1.0021559545903047,0.48638395421127917,0.2258965680515204,1.9285792031194948
2025-09-22,7.338210700741666,2.136341893597662,0.9981673354817847,0.485182435752513,0.22733692953150622,1.9241622825147429
2025-09-23,7.265060577634752,2.1120236755569484,0.9841935507501279,0.47896219949431357,0.2243569943707278,1.902513579106776
2025-09-24,7.364510294039476,2.139087985899737,0.9974815657811931,0.48612676089665485,0.22692860105784124,1.927788815110589
2025-09-25,7.299283657188074,2.12056533619601,0.9901688821763164,0.4836155092823673,0.22712392647916957,1.916546957470445
2025-09-26,7.329049277014397,2.124012255174737,0.9870996460458007,0.48090963319902025,0.22339124384821335,1.9091059455735924
2025-09-29,7.3808275253656035,2.136224382398383,0.9925330781776704,0.48478950678960364,0.22691714657476614,1.9252065017266369
2025-09-30,7.359155119579863,2.136921805547459,0.994352203867285,0.486264408390014,0.2285452376258091,1.9307334329310375
2025-10-09,7.377867254076784,2.1490565145680214,1.0014900811400127,0.49219213264968154,0.2323421042699228,1.947803452360492
2025-10-10,7.474445570850695,2.170035011907199,1.0077132980462356,0.4925425161838657,0.22936213183138665,1.9544054442076693
2025-10-13,7.445951249281493,2.157881360203155,1.0018819275534332,0.48998191856975515,0.22873416818426878,1.9453626903648855
2025-10-14,7.4771072358978605,2.1591735800931575,0.9985667751539107,0.4860298449143585,0.22436724115952303,1.935368834050999
2025-10-15,7.545848442765862,2.184018413134123,1.010419727785872,0.4920894255481982,0.22761209145361938,1.9603286164170057
2025-10-16,7.4899550163322175,2.167270845295953,1.0022600524446401,0.48605426192149553,0.22513454851815623,1.9421768118454699
2025-10-17,7.415670133208105,2.137433813407173,0.9868237484541355,0.4734074386312277,0.21818639102709717,1.904900308707858
2025-10-20,7.508447462809055,2.1658059124922535,0.9972562943745085,0.47861301597612627,0.21953870566341321,1.9253002252323872
2025-10-21,7.642342670218396,2.198938274603122,1.0117245595819517,0.4852598818272142,0.22266719484953298,1.9544795224688714
2025-10-22,7.674610148934783,2.204532536833455,1.0095953722914697,0.4824528844815615,0.22075499997912976,1.9526371459142335
2025-10-23,7.737192029302856,2.21687851183001,1.0129142552340695,0.48328195850096367,0.22057645814935734,1.959647682079366
2025-10-24,7.720208624007505,2.2118112748039347,1.0113000900557731,0.48438297725591073,0.22283524905312405,1.9621750935391478
2025-10-27,7.734689867781428,2.217764323316839,1.0173875677493067,0.48869264184944605,0.22586372065727933,1.9751558023815734
2025-10-28,7.747935837231882,2.219715750192878,1.0189077241526339,0.48860805602125307,0.22537035009220135,1.9758388663634074
2025-10-29,7.692226683039269,2.210950826273267,1.019093031913994,0.4925830191984677,0.2292220705421272,1.9834231909437958
2025-10-30,7.623644404400274,2.1931167830672034,1.0101242062061195,0.48746840687233517,0.22625816212857583,1.9639459398973713
2025-10-31,7.731567969351367,2.215184998942853,1.0179490569665695,0.49019704464112956,0.22558083486476277,1.9775226196451279
2025-11-03,7.818600009202938,2.2398524549087417,1.0267850180826128,0.4935018076986712,0.22697481298458141,1.9949222197416205
2025-11-04,7.826986494676088,2.2344499923976167,1.0216697739604204,0.4898163813667897,0.22451803002996842,1.9851020437849334
2025-11-05,7.8925847404816025,2.2541957578491125,1.0282586955155193,0.49280510343428263,0.2255593850833198,2.0010106187486807
2025-11-06,7.903887980804854,2.2594351623020112,1.0331302068870707,0.49569566461824904,0.22822636775360658,2.0114908302389916
2025-11-07,7.928241607042955,2.2612920573580433,1.033814119535718,0.4955192470136724,0.22805256761089918,2.0128784206207495
2025-11-10,8.00973791922138,2.283160381665218,1.0438658400533343,0.4997004685774915,0.22886106227765296,2.029647204439625
2025-11-11,8.060798005284997,2.2958115981875302,1.0477333937990376,0.5009186983926492,0.22786991542208054,2.035218107572705
2025-11-12,8.043531706830674,2.285950594691322,1.0400533487645374,0.4973303468836345,0.22595258568734206,2.0255975908053254
2025-11-13,8.09425587130841,2.306178923895812,1.0510947536032296,0.502412912573701,0.22982234721277292,2.047116533753155
2025-11-14,8.136899726630597,2.310553283825337,1.0493820760775907,0.49908448960603213,0.2270380280732387,2.0417097331248373
2025-11-17,8.14068508792592,2.313002272092629,1.051348425022022,0.49888526236922814,0.2281429069795234,2.044921643924728
2025-11-18,8.078969213043107,2.2840232609163977,1.0370335649065008,0.49138804501342487,0.2244246803843861,2.018317077166231
2025-11-19,7.979851178224208,2.254505981692898,1.0247364339885654,0.4865074752018948,0.2228141389849885,1.998638687864486
2025-11-20,7.937982834096215,2.243771086565551,1.0191497719745926,0.48355667196007085,0.220501404833169,1.9858861275845032
2025-11-21,7.64985977336331,2.1669224362776442,0.9856229974987413,0.4667621652176951,0.21098202227254986,1.913859577804943
2025-11-24,7.758962989322542,2.193787143787776,0.9977054833391734,0.47228970648732954,0.21152112437204101,1.9342697611069426
2025-11-25,7.837448738146013,2.216677679247471,1.0064868800876767,0.4780528573611039,0.2155290758625933,1.9576739649123729
2025-11-26,7.78364936031961,2.2108520379271654,1.0025078827533034,0.47654402766734655,0.21510215777492353,1.9524380801164278
2025-11-27,7.8318875827370755,2.220540139109562,1.0043152460399578,0.47663946386042916,0.214648698697003,1.9565281541101178
2025-11-28,7.919355253992012,2.2495413522796643,1.0158539661368227,0.48263479857064634,0.21720531025484321,1.980086722375036
2025-12-01,7.944679625102411,2.2634205783768047,1.0246404609554713,0.4867329876213063,0.21914435167905333,1.9941183995255376
2025-12-02,7.93875720074079,2.261932084643655,1.0225209589020645,0.4851739420460826,0.21790383789423304,1.9891977434102424
2025-12-03,7.911354276497919,2.252191921481059,1.0163198438122272,0.48344129958861193,0.21531269749399073,1.9796810423577165
2025-12-04,7.832638103421167,2.2332001295152177,1.0102910211314087,0.4796858894064324,0.21423127872541292,1.9649898310243745
2025-12-05,7.908876404472068,2.2575607636179833,1.0233513628002828,0.4868770806900457,0.2172172933354419,1.9895517524157091
2025-12-08,7.925551830016498,2.2637351390172262,1.0269591654732646,0.49017546669575174,0.2202688179141599,2.0011674451750743
2025-12-09,7.87005712571291,2.2480824262785184,1.0200441390390662,0.48661789901430536,0.21887279431478207,1.9874612060251304
2025-12-10,7.850435871806637,2.2483189379014568,1.021476016377094,0.48813705582750344,0.21969213305786486,1.9917548047445888
2025-12-11,7.7097988508885,2.210273050578236,1.0055478507497964,0.480240458917126,0.21598162495673207,1.9584931352447585
2025-12-12,7.667931761136191,2.205829984790964,1.0079953423098886,0.48299681300468106,0.21710582849974971,1.9608146740474537
2025-12-15,7.701770469741753,2.216886902637226,1.00876783117256,0.48309380574412913,0.21614211886641288,1.963151705421109
2025-12-16,7.605043100157484,2.191988393519453,0.9943757953866926,0.47564923788917546,0.21166251564142813,1.9340228722488657
2025-12-17,7.6269767306149205,2.20086314548105,0.9994292764819221,0.47835522763799926,0.21416048096285362,1.9475360875550782
2025-12-18,7.707895053031602,2.2155392464908865,1.0024630175029086,0.4777288937543688,0.2130580885745433,1.9529330995963419
2025-12-19,7.843489524614803,2.253076647946757,1.0192481623335319,0.4852439172507972,0.21627492620987593,1.9850029612620241
2025-12-22,7.854429918760775,2.259539937696172,1.0228305637802104,0.4875995658035837,0.21939555971494534,1.9957477887156452
2025-12-23,7.803013973288868,2.2411632274055986,1.0165605746312218,0.48528987854971933,0.21855756364064938,1.984026732235226
2025-12-24,7.865189896870161,2.2518114427318188,1.0251736128022424,0.490482146094761,0.22175442717098043,2.0045223281813676
2025-12-25,7.943669418894461,2.2702425638838037,1.0336809726342653,0.4945054699587867,0.22337168424410023,2.0213434914034503
2025-12-26,7.904417663726146,2.266004639907163,1.0332987821076551,0.4958191329065324,0.22575080482971904,2.023822693496674
2025-12-29,7.894447119771404,2.2627053967557678,1.0329894925285656,0.49364215313104615,0.2249078266819928,2.0193139768873722
2025-12-30,7.8646726124370705,2.254595387518932,1.0311582306963387,0.4927689428323299,0.2248109950103766,2.0147395753626687
2025-12-31,7.88243142694441,2.255260243440117,1.0292269746901834,0.49212855489193147,0.2247101462999715,2.0163318150329377
2026-01-05,7.95974022125471,2.278138160816127,1.0400859524442214,0.49735231005841024,0.22824810398440307,2.039263602492702
2026-01-06,8.02692265017866,2.3040592615917292,1.05343520340173,0.5058639075488868,0.23290991443107065,2.067891053843349
2026-01-07,7.991014375598604,2.298102728880778,1.051977462790173,0.5071777750676518,0.23434104897807168,2.0680149330155984
2026-01-08,8.073284607111132,2.32014725919657,1.0591870565088748,0.5108072123678458,0.23618734303576444,2.0852935902149112
2026-01-09,8.115872170596626,2.338597025251016,1.0692402481595278,0.5162492711462328,0.2401186252377523,2.1082985640178022
2026-01-12,8.199430478282377,2.3671636800698406,1.0832451387143305,0.5239229280405949,0.24586908910788138,2.1396804514741143
2026-01-13,8.18823343028235,2.35636424956431,1.0743975861221253,0.5172602796874711,0.24141823327647538,2.1204591917369604
2026-01-14,8.19610733244445,2.3617172797503003,1.078521738291144,0.519738068838258,0.24230046958258886,2.127039089485217
2026-01-15,8.206241944675527,2.3575925528109205,1.0768675720860397,0.5185416797070491,0.24127315018610404,2.1233866261158676
2026-01-16,8.181561695531391,2.3494651199911853,1.071456062170362,0.5157914066594699,0.24043112406999403,2.1167263761619215
2026-01-19,8.32155535180747,2.3865261422413298,1.0876721467472956,0.5236272108128276,0.24134263818942445,2.145087426005918
2026-01-20,8.378814840085635,2.398472607119024,1.0885779962467979,0.5228927545810268,0.23805361535149688,2.14409166668344
2026-01-21,8.409613873514653,2.4107773214718464,1.095404387339458,0.5250547870422331,0.2395094464676816,2.154952226136741
2026-01-22,8.496106767240986,2.437238174655822,1.103286309351844,0.5299640511008273,0.24209565629834287,2.1759014829495733
2026-01-23,8.531628646548276,2.453981221747604,1.1138260839708343,0.5367993859662689,0.2468343734604764,2.2014241835849515
2026-01-26,8.517749301682352,2.439004114987007,1.1017929713610166,0.5309165346188722,0.24446870915995933,2.184219375185288
2026-01-27,8.453422954140482,2.4203164143771194,1.0939762510914512,0.5292879295507238,0.24454165629979877,2.1732643151512745
2026-01-28,8.412995678339984,2.413865956915454,1.0924983642180006,0.5292971672336273,0.24581350006388855,2.1717082426688106
2026-01-29,8.412065220823392,2.4120755882841243,1.0900988209619322,0.5274750982677983,0.24397527627868268,2.1656408217880783
2026-01-30,8.460960868403228,2.4102472279491467,1.0864747044866956,0.522160229994445,0.23969960058531914,2.156653992547838
2026-02-02,8.336080979801974,2.358681633877632,1.0596862799068445,0.5075415619597052,0.23285679316681193,2.1060355617487674
2026-02-03,8.433682721135186,2.3896784059814435,1.077042426915673,0.5199337814914539,0.24014769111799694,2.146873825791673
2026-02-04,8.529695272621575,2.4196961174688565,1.0885480800050398,0.5253946851716014,0.24124418840500048,2.1682126606297243
2026-02-05,8.538073817957265,2.4162700205632874,1.0822367339917323,0.5191799965621825,0.236886231722876,2.1525474527574713
2026-02-06,8.554415458480634,2.4147853701824467,1.0822960377341593,0.5195848069433702,0.23765422844687895,2.1570567834660173
2026-02-09,8.649106001229482,2.447416041871803,1.0961733274326257,0.5280673612008548,0.24263545458222627,2.189280332400601
2026-02-10,8.657227226512688,2.4513871704413184,1.0958862155517926,0.5277164176284006,0.24253499576207713,2.189815333191935
2026-02-11,8.65035317247395,2.4476611864407984,1.0964421072122907,0.5276777398281978,0.24296569770183427,2.189769316871788
2026-02-12,8.562982396041498,2.4260815065211845,1.0909653891951367,0.5280895911904383,0.2447025744920133,2.182771025191629
2026-02-13,8.53047001070872,2.407256824797148,1.0804679609621666,0.5216709522257255,0.24078679736903272,2.163392716991811
2026-02-24,8.683563466189067,2.4483138207235386,1.0960884301983946,0.5297120797558968,0.24474218509039097,2.198571018467412
2026-02-25,8.718060219327672,2.4720048921948425,1.1083078440717014,0.5367182171262022,0.24774943987374143,2.2206906398178248
2026-02-26,8.706103690200862,2.4683401210182843,1.1087292841695318,0.5360969867990466,0.24867982665603897,2.220747545273749
2026-02-27,8.745293845547337,2.485439771722606,1.1188305370225375,0.540845891869298,0.25125229291867923,2.2383983627956443
2026-03-02,8.544620817839977,2.4388371902174804,1.1019705068506467,0.5337632007919284,0.25070553080977603,2.2085467082637584
2026-03-03,8.39122868262634,2.385805332805599,1.0730156514816376,0.5182912754016114,0.24092875738315825,2.1493746977635313
2026-03-04,8.286085972303889,2.364256674632965,1.06201410824399,0.516871129108736,0.24086973696716626,2.134415868564115
2026-03-05,8.375255293848411,2.386903024470823,1.0736798863088137,0.5213873733722899,0.24391054075194182,2.1569085164703448
2026-03-06,8.576010532839774,2.436569991068992,1.0907279671389847,0.5281097298380482,0.24517579914802656,2.190872475111822
2026-03-09,8.499762308640998,2.4150124908081114,1.0810586589342783,0.521922085309027,0.24377631561989016,2.1736823791797195
2026-03-10,8.640940973866032,2.448762617492328,1.0948049098146093,0.5275667135519307,0.2460881798209513,2.201331198766706
2026-03-11,8.595550904755113,2.4462541934372184,1.0965184259092329,0.5301344797193807,0.24710428679219534,2.203216806385498
2026-03-12,8.536459488338208,2.4333308530389974,1.0938612392198948,0.5291868458351883,0.24568011205120835,2.193463053513809
2026-03-13,8.552649488977035,2.422013316217531,1.0880060587683906,0.5243688326873788,0.24153924849521244,2.178517243768656
2026-03-16,8.566665685382523,2.425483193373119,1.0864484097466645,0.522377822038621,0.2394824895258041,2.1756860207191053
2026-03-17,8.468176058610855,2.395790342973467,1.0724464775286568,0.5134275689246556,0.23431071368795622,2.1428952600868048
2026-03-18,8.524237408095095,2.4089251071031885,1.0767187118706327,0.5155590167895673,0.23625807172821553,2.1551319409910508
2026-03-19,8.326311908196935,2.3538473584322483,1.0518458885263313,0.503674771213106,0.23042201261600867,2.1047283843529585
2026-03-20,8.114618135528001,2.3026085448158886,1.0311628653374985,0.49403300706350806,0.22583081735116867,2.060138954798336
2026-03-23,7.634275462597074,2.1664610586322124,0.976514883830009,0.4726693798839448,0.21796897669949092,1.9590606738461178
2026-03-24,7.963861788777207,2.2479483116559,1.0082486229894279,0.4861900540806846,0.2235756937633004,2.0247327432401745
2026-03-25,8.119270653555231,2.2963462596804787,1.0294371125864492,0.49634902933915076,0.22833754866209932,2.0669494956153196
2026-03-26,8.034604857913983,2.2735032108554276,1.0192478628597157,0.49058494460619373,0.2242785313007136,2.0422841853383082
2026-03-27,8.157345457724627,2.3033655473751113,1.031498796060398,0.4968397680544061,0.22708272179384031,2.0691139907217493
2026-03-30,8.219402137304561,2.3149957357285085,1.0334395725783794,0.4967042256880071,0.2273655576415791,2.0773100977024455
2026-03-31,8.150541742480398,2.2925205283174894,1.0228905659663106,0.4894756262944927,0.22280102035736407,2.051168033315363
2026-04-01,8.245630563286435,2.3188710302220064,1.0368090060499826,0.49595304789287337,0.22568212425462847,2.076984989133896
2026-04-02,8.141896168372913,2.2919751825587698,1.0227205527840775,0.4889858594886196,0.22177281834896517,2.0482653746454282
2026-04-03,7.922654783071805,2.2309627853985945,1.00012583538907,0.47844189584237334,0.21782729766393022,2.001157701442786
2026-04-07,8.077096432197962,2.2676162071951302,1.011939516724562,0.4831163811183359,0.2201274988970761,2.0302285194534573
2026-04-08,8.306941826291354,2.340952021867402,1.0446117799435304,0.4994904401995114,0.22795460775105195,2.0962217560830183
2026-04-09,8.167576617882357,2.31353952443435,1.0329682428149811,0.4949331340791364,0.22748251127688793,2.07490768131949
2026-04-10,8.262673930114683,2.3372083782538384,1.040858465946579,0.4983332465675838,0.22821886394852875,2.091351456165654
2026-04-13,8.245395842494505,2.3331932647468094,1.039648509965859,0.49917367720519507,0.23007573824970107,2.093378492469372
2026-04-14,8.267947113338696,2.344693645180123,1.045426526757916,0.5016648866319371,0.23221138172205624,2.1069066083227797
2026-04-15,8.223716093910108,2.332538106359168,1.0430028486507381,0.5003563987937292,0.2312910722444969,2.0987207074149
2026-04-16,8.335587013463654,2.3632499840925627,1.0564285471822406,0.505745822806457,0.23458467970592073,2.1258591551886346
2026-04-17,8.287006668417252,2.3590156101900934,1.0552963917585079,0.5057679537982066,0.2350800896244996,2.123077023261493
2026-04-20,8.33924040901417,2.3750055137667077,1.0608811642900893,0.5086996858139898,0.23821590697850478,2.139003224840492
2026-04-21,8.337287729973136,2.3696921131924182,1.055879408340602,0.5075285933885229,0.2376586735387638,2.1359520766194935
2026-04-22,8.305724028347939,2.3687060326137837,1.0566977711452425,0.5089864775415353,0.2402660571132224,2.140403246130344
2026-04-23,8.260150092279707,2.3546872509916006,1.047653729783526,0.5054310353109228,0.23770547475227644,2.1243029553677157
2026-04-24,8.2879116675945,2.3433834931318667,1.0408982632371002,0.501958492983663,0.23624872317021342,2.115431433328315
2026-04-27,8.373907990927329,2.35958505043833,1.043505179833422,0.5030765007219427,0.23632892032892067,2.124891966442655
2026-04-28,8.337818265746545,2.3439956127076425,1.0344037186591324,0.49863142668743327,0.2341951355061231,2.111034965002666
2026-04-29,8.445901171012844,2.3735079049443626,1.0472647726873907,0.5043415421084788,0.23806223481320457,2.1388820520568865
2026-04-30,8.474282735754699,2.3820738412544493,1.0483286266785126,0.5042152767573056,0.23758869168850624,2.141339251551103
2026-05-06,8.49863578913753,2.394778969792324,1.0578838674737627,0.5118135819652369,0.2441298036761237,2.1670070160576453
2026-05-07,8.490740220801955,2.4026146796360144,1.06297141521008,0.5163026718619861,0.24808960865940996,2.180939702019573
2026-05-08,8.574029727872524,2.4270394379292046,1.0722137156160698,0.5187082367510827,0.2488676812396115,2.1990475591015866
2026-05-11,8.585935022906964,2.4359217077254423,1.0772035035000884,0.5225941272792092,0.25172385143345194,2.211658022057288
2026-05-12,8.461075335386548,2.407916069219929,1.0665659203572888,0.5198564924432003,0.2496726350061097,2.189848018910199
2026-05-13,8.479745772594054,2.419435859237033,1.0720376123948279,0.5230115782829514,0.2536902750623258,2.2048658976495554
2026-05-14,8.377819589931754,2.389501934398001,1.052898847887828,0.5140094386710123,0.24710440966172947,2.167196205386764
2026-05-15,8.330297891903832,2.371355891943557,1.0450415489368698,0.5099884465880625,0.24287778629619966,2.1494174248083824
2026-05-18,8.316377891267816,2.362584757649214,1.0429666397451396,0.5092327820887032,0.2428472059226454,2.145564417635784
2026-05-19,8.377297814084915,2.379848409238802,1.0525593979765269,0.5133902504587267,0.24404726248829373,2.161414028315941
2026-05-20,8.276917827487727,2.356605918039435,1.0421230366034422,0.5086431737262407,0.24291215990713985,2.1417185034916155
2026-05-21,8.080634759419537,2.3028709316977034,1.0177781238497046,0.49653759337788356,0.23631596025054605,2.089961019237282
2026-05-22,8.16723389397019,2.3221820123558996,1.0257666591164785,0.5022003422520324,0.24133703002546408,2.116619102820137
2026-05-25,8.115501596592805,2.3127463470597425,1.027386344867372,0.503994893040519,0.24285281828798722,2.1170575681976405
2026-05-26,8.003693852830693,2.2889874319834718,1.0197474460085731,0.501378476431976,0.24115790937646328,2.098573165859437
2026-05-27,7.85446617892005,2.24724310738901,1.0006415718498392,0.492789872294495,0.23750190777923666,2.0616769151462035
2026-05-28,7.85912550543895,2.2535485516478575,1.0003681445541641,0.49488186610792306,0.23959533840345087,2.068350724722435
2026-05-29,7.825282358170961,2.232548582571377,0.9883304709478399,0.4859663384557004,0.2339357322931747,2.0420411407496153
2026-06-01,8.062553862336006,2.2824632751732543,1.0015634923342398,0.4916656190321401,0.23292912998394388,2.072053857451512
2026-06-02,7.905423715147097,2.2442248286787345,0.9889253744694355,0.48693601508204365,0.2340474269249346,2.0498136320336027
2026-06-03,7.81204306957411,2.2219331311935644,0.9826401070166089,0.48612795438907563,0.23527411871202525,2.0397640472271323
2026-06-04,7.690115407351046,2.1876355964235126,0.9692612071056472,0.48068393075092597,0.23448164839116575,2.0156060581003477
2026-06-05,7.769857431266522,2.2000488404943535,0.9712082881818881,0.4803987690379392,0.2324696523380002,2.0209712063548686
2026-06-08,7.594471607488724,2.1476011786507185,0.9466501917178675,0.4673660029869668,0.22497935317435735,1.9680018586551742
2026-06-09,7.599685085494287,2.149863292202533,0.9505761006576486,0.47110704330576353,0.22996080948416606,1.9821866712137546
2026-06-10,7.558732277742874,2.137449270645912,0.9437455852717094,0.46741209890942514,0.2261304396443407,1.9651989883348906
2026-06-11,7.484807974847076,2.111900611885036,0.9316987399563806,0.4624658215875036,0.22515101423102485,1.9457803452515945
2026-06-12,7.606315875842896,2.1467053422521514,0.9461197830078771,0.4686013088442086,0.22664436987837738,1.9737047675176937
2026-06-15,7.612737819558943,2.163183652782746,0.9592949670020124,0.4772733676115125,0.23426610305895923,2.003147317456379
2026-06-16,7.56396968481552,2.155594175860216,0.9593755752435061,0.4782426716708746,0.23754382436918645,2.005630656921335
2026-06-17,7.420711352683833,2.120109754862316,0.9499172807539609,0.4750210394063923,0.2390672150323513,1.9873494580033781
2026-06-18,7.380500398066093,2.1036082535929523,0.9414619728780532,0.46915674208429303,0.23847785820684436,1.9726810202437624
2026-06-22,7.407523347176648,2.105491324485456,0.9447973857775968,0.47406455490519667,0.24316009147471335,1.9891466779935452
2026-06-23,7.528413498332011,2.127727735901458,0.9453636034781149,0.47059304939583335,0.23684574004648554,1.9868339337479382
2026-06-24,7.307728852543362,2.0758388351231254,0.9285259494497449,0.4654882505474462,0.23925190328258011,1.9581464751993392
2026-06-25,7.175074411145252,2.0367328436896717,0.9134627998200199,0.4595980093590529,0.24062052914181511,1.9345938381312477
2026-06-26,7.021078729936578,1.9855313949200246,0.890098257360896,0.44808689807631913,0.23407231706768583,1.8864463261145148
2026-06-29,7.0574790659310125,1.9918040038803693,0.8920007381011847,0.4471293169919189,0.23281168911581235,1.8889716648810146
2026-06-30,6.983749287791499,1.9856233603985942,0.8953649670245984,0.45163060046030745,0.2367253607854926,1.8954312652216652
2026-07-01,7.177210046624421,2.041985824924984,0.9169149432717224,0.4605934899908809,0.2384441496810352,1.9360874790960159
2026-07-02,7.222224634413958,2.052675143637497,0.9184147651699799,0.4581608093084551,0.23310668896762118,1.9304567894381992
2026-07-03,7.373003219883241,2.0850094995118904,0.9301434355142693,0.46184549678857706,0.23265047113349333,1.9518769489825498
2026-07-06,7.371935999200534,2.079778321148306,0.9208492006823493,0.4584677460649659,0.22878540070260853,1.938969145887657
2026-07-07,7.174580001575052,2.028241791184692,0.8963242310931452,0.4465434046080528,0.22376469460460993,1.89005446114757
2026-07-08,7.154340300941369,2.0185046871276353,0.8893387882276129,0.4390990223177905,0.21683142734074162,1.86620978764509
2026-07-09,7.094554194561549,2.0110468298346023,0.888072335491427,0.43930246544020357,0.22064344085930201,1.867916437417191
2026-07-10,7.221606930804701,2.042916554967714,0.9019351561719696,0.4438317373250611,0.21934719787367252,1.8880125103593388
2026-07-13,7.079073221059074,1.9905353007221493,0.8757149944979152,0.42800715761444913,0.2085363314535788,1.8290595750216847
2026-07-14,7.2383821542122915,2.028123736646134,0.888316486231477,0.43295774290504563,0.21227809318879617,1.860260369672032
2026-07-15,7.349190518730614,2.059922991153585,0.9002826899246794,0.43560671393676215,0.20914516705183714,1.8735824708960886
2026-07-16,7.410766414900383,2.071564795354547,0.9010906704603077,0.43163555333943826,0.20393015643901405,1.866413478695644
2026-07-17,7.220065334529973,2.00909693191831,0.8726872169575568,0.4155223126554171,0.19319573235740917,1.8001989830531537
2026-07-20,7.10753784463917,1.9882103601846621,0.8689078445597991,0.4118235055663411,0.1876806230380188,1.7773899412677991
2026-07-21,7.013228119267785,1.9781376608392078,0.8717723469144248,0.41579589906292813,0.19343587503584567,1.7863627354582294
2026-07-22,6.929720104255327,1.9637883744534443,0.8672636845559893,0.414319306434378,0.19334366452447696,1.7762263862842567
2026-07-23,7.12621563863362,2.0176056135364298,0.8861693919279542,0.42197422180060074,0.19530941434417884,1.813958618740814
2026-07-24,6.965658998423492,1.97041369107523,0.8640987874473909,0.40937026991526426,0.18921781615583447,1.766114339222618
2026-07-27,7.133547100162384,2.021421500400313,0.8867577160600552,0.4200723118215777,0.19456844181696425,1.8135010657210093
2026-07-28,7.208080149205369,2.0369369437480187,0.8894799737717954,0.41830388193059087,0.18956752387509726,1.8103358064820045
2026-07-29,7.356581653755156,2.0773853694535305,0.9046952456741226,0.4248253229946299,0.1902683908501224,1.838160603281079
2026-07-30,7.355011805383422,2.0632082690512727,0.8994248579175107,0.42068461821299596,0.18504707479295984,1.8197572144310985
2026-07-31,7.459944325161326,2.1016493842441157,0.9144596671289569,0.4279746386543578,0.1891797810889588,1.8522503233283225
2026-08-03,7.626648286264114,2.145599735477804,0.9297710103860419,0.4326911483388181,0.1888739325839729,1.8792505195127815
2026-08-04,7.622254127686092,2.155096159577945,0.9336518489187253,0.4369807441185214,0.19352031947481843,1.895240178007039
2026-08-05,7.628015445893045,2.1697178660880976,0.9410027363131093,0.44273134484767124,0.19914571776830525,1.9170914686393583
2026-08-06,7.676602248443531,2.175938685272778,0.9419221968333885,0.4428808725301472,0.20035804443144525,1.9234734877365365
2026-08-07,7.652010088595442,2.172250949777452,0.9410519266767925,0.4441486734099369,0.2038499706265923,1.929042627929942
2026-08-10,7.850185557791396,2.215389946972355,0.9541191686465781,0.45051146669536,0.20610476674518521,1.9631586798660512
2026-08-11,7.818627588425741,2.2078015397478046,0.9507072770272812,0.4479215379227642,0.204417480985194,1.953358394544018
2026-08-12,7.900423554075274,2.237578795235236,0.9589995468981213,0.45208707568192635,0.2068082913827871,1.9743248776612585
2026-08-13,7.818892533434636,2.2114472856244998,0.9511012924645189,0.4470093706471407,0.2046093791146179,1.953752910922214
2026-08-14,7.814854146301652,2.2024205913888846,0.9465980654930095,0.4449275457174619,0.20487723438708566,1.9488016452542238
2026-08-17,7.927563739677527,2.2291921316526833,0.958012059959462,0.4503367127285621,0.2085069531102903,1.977129094027457
2026-08-18,7.948845206198414,2.2325905600250686,0.9565794518364962,0.4487833061096588,0.2077704293669495,1.9754437163901457
2026-08-19,7.766923279143485,2.1686683094061348,0.928638021874879,0.43295171445699177,0.1982163672766729,1.9114503976804682
2026-08-20,7.899290238527603,2.201216321513186,0.9393396468942319,0.43695585849213286,0.19851113864696243,1.9322166973311998
2026-08-21,7.875686389617638,2.1928094345924998,0.9342460361233915,0.43662550055544064,0.19987172697015967,1.9298458995169663
2026-08-24,7.830110233068957,2.1793182746581987,0.9299263433223796,0.43250521045066725,0.19681719554076818,1.9156579901525093
2026-08-25,7.994424392671928,2.223069965144486,0.9450605591337158,0.4380324235742752,0.19764044845615747,1.9441238135431287
2026-08-26,8.035391138410255,2.235226298604222,0.9512477150444596,0.44066272692911596,0.19835790124623043,1.9545343707500897
2026-08-27,8.008979692571343,2.2403380434372,0.9571256899647196,0.44628050436728367,0.20285615076204386,1.970407204526824
2026-08-28,8.101108259719211,2.2647823872054675,0.9632304108514038,0.44930389266228155,0.20280833512455024,1.984330602941383
2026-08-31,8.143992509694135,2.2696196594480567,0.9644086854955041,0.45018224690265923,0.20340062845416743,1.9917080870975021
2026-09-01,8.229946416167603,2.2954821440960447,0.9733829215031281,0.45350587285394506,0.20249125028290788,2.005320670417814
2026-09-02,8.197492460575736,2.2850534113244287,0.9654014694951095,0.4476389272149754,0.19930975121172245,1.9871419929134648
2026-09-03,8.12413015975371,2.2746572372117853,0.9632360808802836,0.4476603692704645,0.200007756462033,1.982292109232756
2026-09-04,8.164413357728,2.2821454134144705,0.9655196724748931,0.44756721777385905,0.19759845206537613,1.981648321122235
2026-09-07,8.220041991057036,2.293671090208768,0.9676992777658753,0.44855212398231087,0.199572929741522,1.994132070212882
2026-09-08,8.339859473720239,2.3231985482775834,0.979048646883361,0.45309957866914047,0.20112465697613466,2.0169014394839726
2026-09-09,8.309627342542758,2.3192393605514363,0.9766088263631104,0.45216377942129415,0.2011609997377522,2.0129862033641155
2026-09-10,8.208828815811744,2.2924230251083886,0.9680947269786473,0.44670629855988553,0.19825097672505415,1.9892544411947763
2026-09-11,8.041669039693382,2.25132674456465,0.9501827465573532,0.437655753138632,0.19436170685175685,1.9507933752386009
2026-09-14,8.08401920963575,2.2614319547418074,0.9536575237921758,0.4376976650554994,0.19437431431720234,1.95608935637607
2026-09-15,7.901989551584052,2.2224103456065514,0.9389649445732327,0.4319719465978323,0.19267310859091008,1.9259602991770306
2026-09-16,7.9760154440173885,2.2459113529860337,0.9467932547791112,0.4354725686799638,0.19517824403930062,1.9449839230896502
2026-09-17,8.025743790907335,2.2509776632886465,0.9454769111768031,0.43511629404850827,0.19463173994446722,1.9463384002983755
