date,Q1,Q2,Q3,Q4,Q5,基准(等权全池)
2013-06-03,1.0,1.0,1.0,1.0,1.0,1.0
2013-06-04,1.0,1.0,1.0,1.0,1.0,1.0
2013-06-05,1.0,1.0,1.0,1.0,1.0,1.0
2013-06-06,1.0,1.0,1.0,1.0,1.0,1.0
2013-06-07,1.0,1.0,1.0,1.0,1.0,1.0
2013-06-13,1.0,1.0,1.0,1.0,1.0,1.0
2013-06-14,1.0,1.0,1.0,1.0,1.0,1.0
2013-06-17,1.0,1.0,1.0,1.0,1.0,1.0
2013-06-18,1.0,1.0,1.0,1.0,1.0,1.0
2013-06-19,1.0,1.0,1.0,1.0,1.0,1.0
2013-06-20,1.0,1.0,1.0,1.0,1.0,1.0
2013-06-21,1.0,1.0,1.0,1.0,1.0,1.0
2013-06-24,1.0,1.0,1.0,1.0,1.0,1.0
2013-06-25,1.0,1.0,1.0,1.0,1.0,1.0
2013-06-26,1.0,1.0,1.0,1.0,1.0,1.0
2013-06-27,1.0,1.0,1.0,1.0,1.0,1.0
2013-06-28,1.0,1.0,1.0,1.0,1.0,1.0
2013-07-01,1.0,1.0,1.0,1.0,1.0,1.0
2013-07-02,1.0,1.0,1.0,1.0,1.0,1.0
2013-07-03,1.0,1.0,1.0,1.0,1.0,1.0
2013-07-04,1.0,1.0,1.0,1.0,1.0,1.0
2013-07-05,1.0,1.0,1.0,1.0,1.0,1.0
2013-07-08,1.0,1.0,1.0,1.0,1.0,1.0
2013-07-09,1.0,1.0,1.0,1.0,1.0,1.0
2013-07-10,1.0,1.0,1.0,1.0,1.0,1.0
2013-07-11,1.0,1.0,1.0,1.0,1.0,1.0
2013-07-12,1.0,1.0,1.0,1.0,1.0,1.0
2013-07-15,1.0,1.0,1.0,1.0,1.0,1.0
2013-07-16,1.0,1.0,1.0,1.0,1.0,1.0
2013-07-17,1.0,1.0,1.0,1.0,1.0,1.0
2013-07-18,1.0,1.0,1.0,1.0,1.0,1.0
2013-07-19,1.0,1.0,1.0,1.0,1.0,1.0
2013-07-22,1.0,1.0,1.0,1.0,1.0,1.0
2013-07-23,1.0,1.0,1.0,1.0,1.0,1.0
2013-07-24,1.0,1.0,1.0,1.0,1.0,1.0
2013-07-25,1.0,1.0,1.0,1.0,1.0,1.0
2013-07-26,1.0,1.0,1.0,1.0,1.0,1.0
2013-07-29,1.0,1.0,1.0,1.0,1.0,1.0
2013-07-30,1.0,1.0,1.0,1.0,1.0,1.0
2013-07-31,1.0,1.0,1.0,1.0,1.0,1.0
2013-08-01,1.0,1.0,1.0,1.0,1.0,1.0
2013-08-02,1.0,1.0,1.0,1.0,1.0,1.0
2013-08-05,1.0,1.0,1.0,1.0,1.0,1.0
2013-08-06,1.0,1.0,1.0,1.0,1.0,1.0
2013-08-07,1.0,1.0,1.0,1.0,1.0,1.0
2013-08-08,1.0,1.0,1.0,1.0,1.0,1.0
2013-08-09,1.0,1.0,1.0,1.0,1.0,1.0
2013-08-12,1.0,1.0,1.0,1.0,1.0,1.0
2013-08-13,1.0,1.0,1.0,1.0,1.0,1.0
2013-08-14,1.0,1.0,1.0,1.0,1.0,1.0
2013-08-15,1.0,1.0,1.0,1.0,1.0,1.0
2013-08-16,1.0,1.0,1.0,1.0,1.0,1.0
2013-08-19,1.0,1.0,1.0,1.0,1.0,1.0
2013-08-20,1.0,1.0,1.0,1.0,1.0,1.0
2013-08-21,1.0,1.0,1.0,1.0,1.0,1.0
2013-08-22,1.0,1.0,1.0,1.0,1.0,1.0
2013-08-23,1.0,1.0,1.0,1.0,1.0,1.0
2013-08-26,1.0,1.0,1.0,1.0,1.0,1.0
2013-08-27,1.0,1.0,1.0,1.0,1.0,1.0
2013-08-28,1.0,1.0,1.0,1.0,1.0,1.0
2013-08-29,1.0,1.0,1.0,1.0,1.0,1.0
2013-08-30,1.0,1.0,1.0,1.0,1.0,1.0
2013-09-02,1.0,1.0,1.0,1.0,1.0,1.0
2013-09-03,1.0,1.0,1.0,1.0,1.0,1.0
2013-09-04,1.0,1.0,1.0,1.0,1.0,1.0
2013-09-05,1.0,1.0,1.0,1.0,1.0,1.0
2013-09-06,1.0,1.0,1.0,1.0,1.0,1.0
2013-09-09,1.0,1.0,1.0,1.0,1.0,1.0
2013-09-10,1.0,1.0,1.0,1.0,1.0,1.0
2013-09-11,1.0,1.0,1.0,1.0,1.0,1.0
2013-09-12,1.0,1.0,1.0,1.0,1.0,1.0
2013-09-13,1.0,1.0,1.0,1.0,1.0,1.0
2013-09-16,1.0,1.0,1.0,1.0,1.0,1.0
2013-09-17,1.0,1.0,1.0,1.0,1.0,1.0
2013-09-18,1.0,1.0,1.0,1.0,1.0,1.0
2013-09-23,1.0,1.0,1.0,1.0,1.0,1.0
2013-09-24,1.0,1.0,1.0,1.0,1.0,1.0
2013-09-25,1.0,1.0,1.0,1.0,1.0,1.0
2013-09-26,1.0,1.0,1.0,1.0,1.0,1.0
2013-09-27,1.0,1.0,1.0,1.0,1.0,1.0
2013-09-30,1.0,1.0,1.0,1.0,1.0,1.0
2013-10-08,1.0,1.0,1.0,1.0,1.0,1.0
2013-10-09,1.0,1.0,1.0,1.0,1.0,1.0
2013-10-10,1.0,1.0,1.0,1.0,1.0,1.0
2013-10-11,1.0,1.0,1.0,1.0,1.0,1.0
2013-10-14,1.0,1.0,1.0,1.0,1.0,1.0
2013-10-15,1.0,1.0,1.0,1.0,1.0,1.0
2013-10-16,1.0,1.0,1.0,1.0,1.0,1.0
2013-10-17,1.0,1.0,1.0,1.0,1.0,1.0
2013-10-18,1.0,1.0,1.0,1.0,1.0,1.0
2013-10-21,1.0,1.0,1.0,1.0,1.0,1.0
2013-10-22,1.0,1.0,1.0,1.0,1.0,1.0
2013-10-23,1.0,1.0,1.0,1.0,1.0,1.0
2013-10-24,1.0,1.0,1.0,1.0,1.0,1.0
2013-10-25,1.0,1.0,1.0,1.0,1.0,1.0
2013-10-28,1.0,1.0,1.0,1.0,1.0,1.0
2013-10-29,1.0,1.0,1.0,1.0,1.0,1.0
2013-10-30,1.0,1.0,1.0,1.0,1.0,1.0
2013-10-31,1.0,1.0,1.0,1.0,1.0,1.0
2013-11-01,1.0,1.0,1.0,1.0,1.0,1.0
2013-11-04,1.0,1.0,1.0,1.0,1.0,1.0
2013-11-05,1.0,1.0,1.0,1.0,1.0,1.0
2013-11-06,1.0,1.0,1.0,1.0,1.0,1.0
2013-11-07,1.0,1.0,1.0,1.0,1.0,1.0
2013-11-08,1.0,1.0,1.0,1.0,1.0,1.0
2013-11-11,1.0,1.0,1.0,1.0,1.0,1.0
2013-11-12,1.0,1.0,1.0,1.0,1.0,1.0
2013-11-13,1.0,1.0,1.0,1.0,1.0,1.0
2013-11-14,1.0,1.0,1.0,1.0,1.0,1.0
2013-11-15,1.0,1.0,1.0,1.0,1.0,1.0
2013-11-18,1.0,1.0,1.0,1.0,1.0,1.0
2013-11-19,1.0,1.0,1.0,1.0,1.0,1.0
2013-11-20,1.0,1.0,1.0,1.0,1.0,1.0
2013-11-21,1.0,1.0,1.0,1.0,1.0,1.0
2013-11-22,1.0,1.0,1.0,1.0,1.0,1.0
2013-11-25,1.0,1.0,1.0,1.0,1.0,1.0
2013-11-26,1.0,1.0,1.0,1.0,1.0,1.0
2013-11-27,1.0,1.0,1.0,1.0,1.0,1.0
2013-11-28,1.0,1.0,1.0,1.0,1.0,1.0
2013-11-29,1.0,1.0,1.0,1.0,1.0,1.0
2013-12-02,1.0,1.0,1.0,1.0,1.0,1.0
2013-12-03,1.0,1.0,1.0,1.0,1.0,1.0
2013-12-04,1.0,1.0,1.0,1.0,1.0,1.0
2013-12-05,1.0,1.0,1.0,1.0,1.0,1.0
2013-12-06,1.0,1.0,1.0,1.0,1.0,1.0
2013-12-09,1.0,1.0,1.0,1.0,1.0,1.0
2013-12-10,1.0,1.0,1.0,1.0,1.0,1.0
2013-12-11,1.0,1.0,1.0,1.0,1.0,1.0
2013-12-12,1.0,1.0,1.0,1.0,1.0,1.0
2013-12-13,1.0,1.0,1.0,1.0,1.0,1.0
2013-12-16,1.0,1.0,1.0,1.0,1.0,1.0
2013-12-17,1.0,1.0,1.0,1.0,1.0,1.0
2013-12-18,1.0,1.0,1.0,1.0,1.0,1.0
2013-12-19,1.0,1.0,1.0,1.0,1.0,1.0
2013-12-20,1.0,1.0,1.0,1.0,1.0,1.0
2013-12-23,1.0,1.0,1.0,1.0,1.0,1.0
2013-12-24,1.0,1.0,1.0,1.0,1.0,1.0
2013-12-25,1.0,1.0,1.0,1.0,1.0,1.0
2013-12-26,1.0,1.0,1.0,1.0,1.0,1.0
2013-12-27,1.0,1.0,1.0,1.0,1.0,1.0
2013-12-30,1.0,1.0,1.0,1.0,1.0,1.0
2013-12-31,1.0,1.0,1.0,1.0,1.0,1.0
2014-01-02,1.0,1.0,1.0,1.0,1.0,1.0
2014-01-03,1.0,1.0,1.0,1.0,1.0,1.0
2014-01-06,1.0,1.0,1.0,1.0,1.0,1.0
2014-01-07,1.0,1.0,1.0,1.0,1.0,1.0
2014-01-08,1.0,1.0,1.0,1.0,1.0,1.0
2014-01-09,1.0,1.0,1.0,1.0,1.0,1.0
2014-01-10,1.0,1.0,1.0,1.0,1.0,1.0
2014-01-13,1.0,1.0,1.0,1.0,1.0,1.0
2014-01-14,1.0,1.0,1.0,1.0,1.0,1.0
2014-01-15,1.0,1.0,1.0,1.0,1.0,1.0
2014-01-16,1.0,1.0,1.0,1.0,1.0,1.0
2014-01-17,1.0,1.0,1.0,1.0,1.0,1.0
2014-01-20,1.0,1.0,1.0,1.0,1.0,1.0
2014-01-21,1.0,1.0,1.0,1.0,1.0,1.0
2014-01-22,1.0,1.0,1.0,1.0,1.0,1.0
2014-01-23,1.0,1.0,1.0,1.0,1.0,1.0
2014-01-24,1.0,1.0,1.0,1.0,1.0,1.0
2014-01-27,1.0,1.0,1.0,1.0,1.0,1.0
2014-01-28,1.0,1.0,1.0,1.0,1.0,1.0
2014-01-29,1.0,1.0,1.0,1.0,1.0,1.0
2014-01-30,1.0,1.0,1.0,1.0,1.0,1.0
2014-02-07,1.0,1.0,1.0,1.0,1.0,1.0
2014-02-10,1.0,1.0,1.0,1.0,1.0,1.0
2014-02-11,1.0,1.0,1.0,1.0,1.0,1.0
2014-02-12,1.0,1.0,1.0,1.0,1.0,1.0
2014-02-13,1.0,1.0,1.0,1.0,1.0,1.0
2014-02-14,1.0,1.0,1.0,1.0,1.0,1.0
2014-02-17,1.0,1.0,1.0,1.0,1.0,1.0
2014-02-18,1.0,1.0,1.0,1.0,1.0,1.0
2014-02-19,1.0,1.0,1.0,1.0,1.0,1.0
2014-02-20,1.0,1.0,1.0,1.0,1.0,1.0
2014-02-21,1.0,1.0,1.0,1.0,1.0,1.0
2014-02-24,1.0,1.0,1.0,1.0,1.0,1.0
2014-02-25,1.0,1.0,1.0,1.0,1.0,1.0
2014-02-26,1.0,1.0,1.0,1.0,1.0,1.0
2014-02-27,1.0,1.0,1.0,1.0,1.0,1.0
2014-02-28,1.0,1.0,1.0,1.0,1.0,1.0
2014-03-03,1.0,1.0,1.0,1.0,1.0,1.0
2014-03-04,1.0,1.0,1.0,1.0,1.0,1.0
2014-03-05,1.0,1.0,1.0,1.0,1.0,1.0
2014-03-06,1.0,1.0,1.0,1.0,1.0,1.0
2014-03-07,1.0,1.0,1.0,1.0,1.0,1.0
2014-03-10,1.0,1.0,1.0,1.0,1.0,1.0
2014-03-11,1.0,1.0,1.0,1.0,1.0,1.0
2014-03-12,1.0,1.0,1.0,1.0,1.0,1.0
2014-03-13,1.0,1.0,1.0,1.0,1.0,1.0
2014-03-14,1.0,1.0,1.0,1.0,1.0,1.0
2014-03-17,1.0,1.0,1.0,1.0,1.0,1.0
2014-03-18,1.0,1.0,1.0,1.0,1.0,1.0
2014-03-19,1.0,1.0,1.0,1.0,1.0,1.0
2014-03-20,1.0,1.0,1.0,1.0,1.0,1.0
2014-03-21,1.0,1.0,1.0,1.0,1.0,1.0
2014-03-24,1.0,1.0,1.0,1.0,1.0,1.0
2014-03-25,1.0,1.0,1.0,1.0,1.0,1.0
2014-03-26,1.0,1.0,1.0,1.0,1.0,1.0
2014-03-27,1.0,1.0,1.0,1.0,1.0,1.0
2014-03-28,1.0,1.0,1.0,1.0,1.0,1.0
2014-03-31,1.0,1.0,1.0,1.0,1.0,1.0
2014-04-01,1.0,1.0,1.0,1.0,1.0,1.0
2014-04-02,1.0,1.0,1.0,1.0,1.0,1.0
2014-04-03,1.0,1.0,1.0,1.0,1.0,1.0
2014-04-04,1.0,1.0,1.0,1.0,1.0,1.0
2014-04-08,1.0,1.0,1.0,1.0,1.0,1.0
2014-04-09,1.0,1.0,1.0,1.0,1.0,1.0
2014-04-10,1.0,1.0,1.0,1.0,1.0,1.0
2014-04-11,1.0,1.0,1.0,1.0,1.0,1.0
2014-04-14,1.0,1.0,1.0,1.0,1.0,1.0
2014-04-15,1.0,1.0,1.0,1.0,1.0,1.0
2014-04-16,1.0,1.0,1.0,1.0,1.0,1.0
2014-04-17,1.0,1.0,1.0,1.0,1.0,1.0
2014-04-18,1.0,1.0,1.0,1.0,1.0,1.0
2014-04-21,1.0,1.0,1.0,1.0,1.0,1.0
2014-04-22,1.0,1.0,1.0,1.0,1.0,1.0
2014-04-23,1.0,1.0,1.0,1.0,1.0,1.0
2014-04-24,1.0,1.0,1.0,1.0,1.0,1.0
2014-04-25,1.0,1.0,1.0,1.0,1.0,1.0
2014-04-28,1.0,1.0,1.0,1.0,1.0,1.0
2014-04-29,1.0,1.0,1.0,1.0,1.0,1.0
2014-04-30,1.0,1.0,1.0,1.0,1.0,1.0
2014-05-05,1.0,1.0,1.0,1.0,1.0,1.0
2014-05-06,1.0,1.0,1.0,1.0,1.0,1.0
2014-05-07,1.0,1.0,1.0,1.0,1.0,1.0
2014-05-08,1.0,1.0,1.0,1.0,1.0,1.0
2014-05-09,1.0,1.0,1.0,1.0,1.0,1.0
2014-05-12,1.0,1.0,1.0,1.0,1.0,1.0
2014-05-13,1.0,1.0,1.0,1.0,1.0,1.0
2014-05-14,1.0,1.0,1.0,1.0,1.0,1.0
2014-05-15,1.0,1.0,1.0,1.0,1.0,1.0
2014-05-16,1.0,1.0,1.0,1.0,1.0,1.0
2014-05-19,1.0,1.0,1.0,1.0,1.0,1.0
2014-05-20,1.0,1.0,1.0,1.0,1.0,1.0
2014-05-21,1.0,1.0,1.0,1.0,1.0,1.0
2014-05-22,1.0,1.0,1.0,1.0,1.0,1.0
2014-05-23,1.0,1.0,1.0,1.0,1.0,1.0
2014-05-26,1.0,1.0,1.0,1.0,1.0,1.0
2014-05-27,1.0,1.0,1.0,1.0,1.0,1.0
2014-05-28,1.0,1.0,1.0,1.0,1.0,1.0
2014-05-29,1.0,1.0,1.0,1.0,1.0,1.0
2014-05-30,1.0,1.0,1.0,1.0,1.0,1.0
2014-06-03,1.0,1.0,1.0,1.0,1.0,1.0
2014-06-04,1.0,1.0,1.0,1.0,1.0,1.0
2014-06-05,1.0,1.0,1.0,1.0,1.0,1.0
2014-06-06,1.0,1.0,1.0,1.0,1.0,1.0
2014-06-09,1.0,1.0,1.0,1.0,1.0,1.0
2014-06-10,1.0,1.0,1.0,1.0,1.0,1.0
2014-06-11,1.0,1.0,1.0,1.0,1.0,1.0
2014-06-12,1.0,1.0,1.0,1.0,1.0,1.0
2014-06-13,1.0,1.0,1.0,1.0,1.0,1.0
2014-06-16,1.0,1.0,1.0,1.0,1.0,1.0
2014-06-17,1.0,1.0,1.0,1.0,1.0,1.0
2014-06-18,1.0,1.0,1.0,1.0,1.0,1.0
2014-06-19,1.0,1.0,1.0,1.0,1.0,1.0
2014-06-20,1.0,1.0,1.0,1.0,1.0,1.0
2014-06-23,1.0,1.0,1.0,1.0,1.0,1.0
2014-06-24,1.0,1.0,1.0,1.0,1.0,1.0
2014-06-25,1.0,1.0,1.0,1.0,1.0,1.0
2014-06-26,1.0,1.0,1.0,1.0,1.0,1.0
2014-06-27,1.0,1.0,1.0,1.0,1.0,1.0
2014-06-30,1.0,1.0,1.0,1.0,1.0,1.0
2014-07-01,1.0,1.0,1.0,1.0,1.0,1.0
2014-07-02,1.0,1.0,1.0,1.0,1.0,1.0
2014-07-03,1.0,1.0,1.0,1.0,1.0,1.0
2014-07-04,1.0,1.0,1.0,1.0,1.0,1.0
2014-07-07,1.0,1.0,1.0,1.0,1.0,1.0
2014-07-08,1.0,1.0,1.0,1.0,1.0,1.0
2014-07-09,1.0,1.0,1.0,1.0,1.0,1.0
2014-07-10,1.0,1.0,1.0,1.0,1.0,1.0
2014-07-11,1.0,1.0,1.0,1.0,1.0,1.0
2014-07-14,1.0,1.0,1.0,1.0,1.0,1.0
2014-07-15,1.0,1.0,1.0,1.0,1.0,1.0
2014-07-16,1.0,1.0,1.0,1.0,1.0,1.0
2014-07-17,1.0,1.0,1.0,1.0,1.0,1.0
2014-07-18,1.0,1.0,1.0,1.0,1.0,1.0
2014-07-21,1.0,1.0,1.0,1.0,1.0,1.0
2014-07-22,1.0,1.0,1.0,1.0,1.0,1.0
2014-07-23,1.0,1.0,1.0,1.0,1.0,1.0
2014-07-24,1.0,1.0,1.0,1.0,1.0,1.0
2014-07-25,1.0,1.0,1.0,1.0,1.0,1.0
2014-07-28,1.0,1.0,1.0,1.0,1.0,1.0
2014-07-29,1.0,1.0,1.0,1.0,1.0,1.0
2014-07-30,1.0,1.0,1.0,1.0,1.0,1.0
2014-07-31,1.0,1.0,1.0,1.0,1.0,1.0
2014-08-01,1.0,1.0,1.0,1.0,1.0,1.0
2014-08-04,1.0,1.0,1.0,1.0,1.0,1.0
2014-08-05,1.0,1.0,1.0,1.0,1.0,1.0
2014-08-06,1.0,1.0,1.0,1.0,1.0,1.0
2014-08-07,1.0,1.0,1.0,1.0,1.0,1.0
2014-08-08,1.0,1.0,1.0,1.0,1.0,1.0
2014-08-11,1.0,1.0,1.0,1.0,1.0,1.0
2014-08-12,1.0,1.0,1.0,1.0,1.0,1.0
2014-08-13,1.0,1.0,1.0,1.0,1.0,1.0
2014-08-14,1.0,1.0,1.0,1.0,1.0,1.0
2014-08-15,1.0,1.0,1.0,1.0,1.0,1.0
2014-08-18,1.0,1.0,1.0,1.0,1.0,1.0
2014-08-19,1.0,1.0,1.0,1.0,1.0,1.0
2014-08-20,1.0,1.0,1.0,1.0,1.0,1.0
2014-08-21,1.0,1.0,1.0,1.0,1.0,1.0
2014-08-22,1.0,1.0,1.0,1.0,1.0,1.0
2014-08-25,1.0,1.0,1.0,1.0,1.0,1.0
2014-08-26,1.0,1.0,1.0,1.0,1.0,1.0
2014-08-27,1.0,1.0,1.0,1.0,1.0,1.0
2014-08-28,1.0,1.0,1.0,1.0,1.0,1.0
2014-08-29,1.0,1.0,1.0,1.0,1.0,1.0
2014-09-01,1.0,1.0,1.0,1.0,1.0,1.0
2014-09-02,1.0,1.0,1.0,1.0,1.0,1.0
2014-09-03,1.0,1.0,1.0,1.0,1.0,1.0
2014-09-04,1.0,1.0,1.0,1.0,1.0,1.0
2014-09-05,1.0,1.0,1.0,1.0,1.0,1.0
2014-09-09,1.0,1.0,1.0,1.0,1.0,1.0
2014-09-10,1.0,1.0,1.0,1.0,1.0,1.0
2014-09-11,1.0,1.0,1.0,1.0,1.0,1.0
2014-09-12,1.0,1.0,1.0,1.0,1.0,1.0
2014-09-15,1.0,1.0,1.0,1.0,1.0,1.0
2014-09-16,1.0,1.0,1.0,1.0,1.0,1.0
2014-09-17,1.0,1.0,1.0,1.0,1.0,1.0
2014-09-18,1.0,1.0,1.0,1.0,1.0,1.0
2014-09-19,1.0,1.0,1.0,1.0,1.0,1.0
2014-09-22,1.0,1.0,1.0,1.0,1.0,1.0
2014-09-23,1.0,1.0,1.0,1.0,1.0,1.0
2014-09-24,1.0,1.0,1.0,1.0,1.0,1.0
2014-09-25,1.0,1.0,1.0,1.0,1.0,1.0
2014-09-26,1.0,1.0,1.0,1.0,1.0,1.0
2014-09-29,1.0,1.0,1.0,1.0,1.0,1.0
2014-09-30,1.0,1.0,1.0,1.0,1.0,1.0
2014-10-08,1.0,1.0,1.0,1.0,1.0,1.0
2014-10-09,1.0,1.0,1.0,1.0,1.0,1.0
2014-10-10,1.0,1.0,1.0,1.0,1.0,1.0
2014-10-13,1.0,1.0,1.0,1.0,1.0,1.0
2014-10-14,1.0,1.0,1.0,1.0,1.0,1.0
2014-10-15,1.0,1.0,1.0,1.0,1.0,1.0
2014-10-16,1.0,1.0,1.0,1.0,1.0,1.0
2014-10-17,1.0,1.0,1.0,1.0,1.0,1.0
2014-10-20,1.0,1.0,1.0,1.0,1.0,1.0
2014-10-21,1.0,1.0,1.0,1.0,1.0,1.0
2014-10-22,1.0,1.0,1.0,1.0,1.0,1.0
2014-10-23,1.0,1.0,1.0,1.0,1.0,1.0
2014-10-24,1.0,1.0,1.0,1.0,1.0,1.0
2014-10-27,1.0,1.0,1.0,1.0,1.0,1.0
2014-10-28,1.0,1.0,1.0,1.0,1.0,1.0
2014-10-29,1.0,1.0,1.0,1.0,1.0,1.0
2014-10-30,1.0,1.0,1.0,1.0,1.0,1.0
2014-10-31,1.0,1.0,1.0,1.0,1.0,1.0
2014-11-03,1.0,1.0,1.0,1.0,1.0,1.0
2014-11-04,1.0,1.0,1.0,1.0,1.0,1.0
2014-11-05,1.0,1.0,1.0,1.0,1.0,1.0
2014-11-06,1.0,1.0,1.0,1.0,1.0,1.0
2014-11-07,1.0,1.0,1.0,1.0,1.0,1.0
2014-11-10,1.0,1.0,1.0,1.0,1.0,1.0
2014-11-11,1.0,1.0,1.0,1.0,1.0,1.0
2014-11-12,1.0,1.0,1.0,1.0,1.0,1.0
2014-11-13,1.0,1.0,1.0,1.0,1.0,1.0
2014-11-14,1.0,1.0,1.0,1.0,1.0,1.0
2014-11-17,1.0,1.0,1.0,1.0,1.0,1.0
2014-11-18,1.0,1.0,1.0,1.0,1.0,1.0
2014-11-19,1.0,1.0,1.0,1.0,1.0,1.0
2014-11-20,1.0,1.0,1.0,1.0,1.0,1.0
2014-11-21,1.0,1.0,1.0,1.0,1.0,1.0
2014-11-24,1.0,1.0,1.0,1.0,1.0,1.0
2014-11-25,1.0,1.0,1.0,1.0,1.0,1.0
2014-11-26,1.0,1.0,1.0,1.0,1.0,1.0
2014-11-27,1.0,1.0,1.0,1.0,1.0,1.0
2014-11-28,1.0,1.0,1.0,1.0,1.0,1.0
2014-12-01,1.0,1.0,1.0,1.0,1.0,1.0
2014-12-02,1.0,1.0,1.0,1.0,1.0,1.0
2014-12-03,1.0,1.0,1.0,1.0,1.0,1.0
2014-12-04,1.0,1.0,1.0,1.0,1.0,1.0
2014-12-05,1.0,1.0,1.0,1.0,1.0,1.0
2014-12-08,1.0,1.0,1.0,1.0,1.0,1.0
2014-12-09,1.0,1.0,1.0,1.0,1.0,1.0
2014-12-10,1.0,1.0,1.0,1.0,1.0,1.0
2014-12-11,1.0,1.0,1.0,1.0,1.0,1.0
2014-12-12,1.0,1.0,1.0,1.0,1.0,1.0
2014-12-15,1.0,1.0,1.0,1.0,1.0,1.0
2014-12-16,1.0,1.0,1.0,1.0,1.0,1.0
2014-12-17,1.0,1.0,1.0,1.0,1.0,1.0
2014-12-18,1.0,1.0,1.0,1.0,1.0,1.0
2014-12-19,1.0,1.0,1.0,1.0,1.0,1.0
2014-12-22,1.0,1.0,1.0,1.0,1.0,1.0
2014-12-23,1.0,1.0,1.0,1.0,1.0,1.0
2014-12-24,1.0,1.0,1.0,1.0,1.0,1.0
2014-12-25,1.0,1.0,1.0,1.0,1.0,1.0
2014-12-26,1.0,1.0,1.0,1.0,1.0,1.0
2014-12-29,1.0,1.0,1.0,1.0,1.0,1.0
2014-12-30,1.0,1.0,1.0,1.0,1.0,1.0
2014-12-31,1.0,1.0,1.0,1.0,1.0,1.0
2015-01-05,0.9985,0.9985,0.9985,0.9985,0.9985,0.9985
2015-01-06,1.0258021121043026,1.016348088290655,1.018174937082379,0.9991162417306391,0.9897976085461784,1.0098477975508309
2015-01-07,1.0208114514345932,1.0132977259504872,1.0200807330923778,1.0024914142438732,0.9980015686213394,1.0109933750510873
2015-01-08,1.019818963171955,1.008661107195327,1.010980187152134,0.9804964054846175,0.9639827744643037,0.996739038921325
2015-01-09,1.0183787960853168,1.0035064154408884,1.0030175575607398,0.968984788217977,0.955223352120395,0.9897168014407289
2015-01-12,1.013191516079753,0.9955477228116724,0.9928035037953231,0.9504624718760745,0.9280225326367103,0.9757026244183041
2015-01-13,1.0373322691253462,1.0116436433346043,1.0017253479027979,0.9507354752271879,0.926081084078017,0.9849085876507753
2015-01-14,1.0314181183091533,1.0067605753786308,0.9922468675989071,0.9413466391134221,0.9209191315779371,0.9779276258623321
2015-01-15,1.0367546682343367,1.0136791768837352,1.003257128997561,0.9641219589034613,0.9521249397028086,0.993813538532107
2015-01-16,1.0471350613329646,1.0265815605109745,1.0182022870430358,0.975344655042483,0.9554842990004161,1.004309383022434
2015-01-19,1.0197481786979965,0.9901370429889262,0.9702572786066468,0.8978470731743854,0.8701790553053992,0.9485744189502462
2015-01-20,1.06324624767361,1.0254877340810258,1.0014627463623835,0.918218215739187,0.8801632441372299,0.9760229704024559
2015-01-21,1.085131543983628,1.047940407567255,1.0288141260516301,0.9544803264276821,0.9243048546315776,1.0071450182361579
2015-01-22,1.1071593411104077,1.0645086542895386,1.0462587062303237,0.9614691228771826,0.9359135091075352,1.021838738219869
2015-01-23,1.0951076375922102,1.0553678325371993,1.03398849505103,0.9572441998899551,0.9388609570417077,1.0152080662596141
2015-01-26,1.1144031982497726,1.0777789409592815,1.0531986194900056,0.9713552459705939,0.9512029348272396,1.0325317426203693
2015-01-27,1.1248204395350228,1.0854043939658355,1.0531558544525443,0.9704641620143744,0.9499884709353302,1.0354617048415
2015-01-28,1.1167680847252401,1.076356388247878,1.0413738393221237,0.9597759579001964,0.9358685583623406,1.0245771497272445
2015-01-29,1.109685774432954,1.0739479751202445,1.0331619893664294,0.9495529368218683,0.9269373325258439,1.0170650198591897
2015-01-30,1.094418725298289,1.0676637288105517,1.018875281937345,0.9420465661141704,0.9101399913552872,1.004969235225085
2015-02-02,1.091995207319503,1.063801168005964,1.0097105123798353,0.9197228100238993,0.8828536602404632,0.9937387018820779
2015-02-03,1.11797227296031,1.081458047010687,1.0281591390074898,0.9329561728492534,0.9007422852262195,1.0122991705712427
2015-02-04,1.1136738692350494,1.0739103135908605,1.0197368427884443,0.9254987945322826,0.901522983248259,1.0070177640204574
2015-02-05,1.0994172427853526,1.0598268315188077,1.0049012414477507,0.9178837507512159,0.8963871372493656,0.9960625926358777
2015-02-06,1.0749365004995877,1.038317085754872,0.9867700416624169,0.9000188525790279,0.874456335499725,0.9752329878475847
2015-02-09,1.0902326898817865,1.0400849239187968,0.9862233015707387,0.8944844768093408,0.8692942806320786,0.9758957018110868
2015-02-10,1.1098383298518462,1.0540433443627921,0.9988277415929593,0.9079359520808761,0.8873606503191267,0.9915195905179724
2015-02-11,1.112589903030201,1.0575816366816808,1.0104781587482503,0.9204092125742044,0.8964991837527775,0.9997553228521231
2015-02-12,1.117219525267401,1.0664451967412387,1.0170755737990127,0.927199800250216,0.9029166267762941,1.0064693778505638
2015-02-13,1.127582079999576,1.0796581843619097,1.0296506594815609,0.9402969000057475,0.9168563070065153,1.0192675582026383
2015-02-16,1.13489018972072,1.091619116556838,1.0475932230769707,0.9591156959783093,0.9383019030236619,1.0352482145817365
2015-02-17,1.1440273615800605,1.1054295153241935,1.051869046899703,0.9654999813307721,0.9420454394730731,1.0425708194558598
2015-02-25,1.1342330791767425,1.108270359380877,1.0516923767892574,0.9631076661880544,0.934117746070768,1.038997248940722
2015-02-26,1.1804012233583518,1.125933986188875,1.0639259635930907,0.9743590615105734,0.9445559927419634,1.0579570768695687
2015-02-27,1.1827433159605014,1.129986039095381,1.0736058173849872,0.9831790351949774,0.9545795390668225,1.0652270840808524
2015-03-02,1.1959370376261544,1.1439253851580446,1.0884716718187881,1.00009476864219,0.9725351355809441,1.0831567958583401
2015-03-03,1.1778079749377335,1.1280461455728532,1.0801842845564782,0.989975617627474,0.9604217288128001,1.0703270360506132
2015-03-04,1.1857603091463322,1.141874015644823,1.092976312329262,1.0100616945009997,0.9711328131048579,1.0836421075531641
2015-03-05,1.168466016083428,1.1331704240193121,1.0892957621830401,1.0137721899009629,0.9714042171786719,1.0789436020177714
2015-03-06,1.1694918869889324,1.1314124504407546,1.079997513835822,1.002177577743098,0.9528312513921354,1.070354779890674
2015-03-09,1.1866333001806573,1.1470540224300834,1.093582281358615,1.014617193252908,0.9591117434610235,1.0832070360361492
2015-03-10,1.1856174640929835,1.1539627595757755,1.097231553906525,1.0235962937050789,0.969873391099156,1.0893882332984628
2015-03-11,1.1847056364160808,1.154305625103925,1.0992485039887219,1.026975192207658,0.9645336305478234,1.089195071613885
2015-03-12,1.1995730506298503,1.161982199588166,1.1051928946125615,1.0306148880815216,0.9671496666627647,1.0959241646754785
2015-03-13,1.2103241892754981,1.1760427784196892,1.1130695258180139,1.0431805260256928,0.9805203185705403,1.1077985241579185
2015-03-16,1.2394009982419212,1.2054994626885476,1.1409049104869844,1.0750166746254959,1.0101792839809265,1.1376704529315527
2015-03-17,1.2615433461434538,1.2334257457225217,1.1609938645697702,1.0959983323058555,1.022121021721858,1.158124840136757
2015-03-18,1.2908510412646765,1.260025165281469,1.1857516883564747,1.1155727566999432,1.0386188077680105,1.1813174628969914
2015-03-19,1.2947297110157001,1.2645609824119115,1.1915564296299328,1.1201194309529168,1.0518961266505003,1.1880283283616817
2015-03-20,1.2992575493438514,1.2704555910115944,1.2032616187524487,1.1295588646396315,1.0633015439899323,1.1968848561979537
2015-03-23,1.3258174411204589,1.2964905502798019,1.2323186139473903,1.157055719037255,1.0926127899968827,1.2248959842667977
2015-03-24,1.3340855648490393,1.2976079541506949,1.2298716926896618,1.1651841265212641,1.1001836431890137,1.2295661468437007
2015-03-25,1.3217905040626963,1.2980356790103114,1.234250539825337,1.1779166554838942,1.1062805610242201,1.232285902285587
2015-03-26,1.3335311294008838,1.3028390285633649,1.2278579107453607,1.1735938480390777,1.0920867006612789,1.230032885332814
2015-03-27,1.335149476905413,1.3088305717310735,1.2338199565378007,1.1847560323195772,1.1076479268423844,1.2385014412988131
2015-03-30,1.3659072372966252,1.3435379507382106,1.2591976859239091,1.2019226320664798,1.119022208237041,1.2619943788135386
2015-03-31,1.3479655142981914,1.3292418375297708,1.2574445826532876,1.1964027646885245,1.1192039365557476,1.2545342717418997
2015-04-01,1.3637856427327046,1.3521526635619057,1.2836781585658377,1.2194258906389175,1.1479842150970296,1.281099611170001
2015-04-02,1.374881135007309,1.3685851936789442,1.2980472021731095,1.2384230548275723,1.1713925499674027,1.298389509234263
2015-04-03,1.3885209737057649,1.3870617085245585,1.3205858160667672,1.2602032715046818,1.188639556258541,1.3173617948085414
2015-04-07,1.4158743286502624,1.4201617251727507,1.3574316255542398,1.28976294987171,1.2203954981035605,1.3493978867486378
2015-04-08,1.4096685943980911,1.412027789365871,1.3494481702177097,1.274309119962086,1.2089094348067198,1.3393029324149748
2015-04-09,1.3889548227569148,1.3960987252049482,1.3296610821816963,1.2521729268788717,1.1915023769437119,1.319908222043611
2015-04-10,1.417065811087814,1.4305257174305737,1.3650815303965627,1.2906882169846434,1.2167014235316786,1.3524889366633466
2015-04-13,1.4418999731912054,1.4599078069871148,1.39606149917351,1.3183985535305434,1.2484315561871853,1.3817823086376773
2015-04-14,1.436238989580824,1.4655889921114147,1.4030609500255709,1.32748581483458,1.2570224213548689,1.386960474769428
2015-04-15,1.4079506097103727,1.418974680528382,1.35943927597342,1.292480102268024,1.2149675886320266,1.3474638487879669
2015-04-16,1.448760291818536,1.4532596433932998,1.3857682426105606,1.3207778619851784,1.224293171739223,1.3749783485435954
2015-04-17,1.469003050841743,1.4718681221245007,1.411634767985178,1.3453552334749423,1.24034584553832,1.3961866974747412
2015-04-20,1.4502874246133548,1.4467268333951562,1.399221746363998,1.3348301358527423,1.2106579772644088,1.3765173432642204
2015-04-21,1.4954584070888344,1.4970411123137457,1.4368157106119333,1.3783163024116145,1.2507784128417803,1.4201722139897013
2015-04-22,1.5328298399466473,1.5389505801915195,1.4724340287440034,1.4202392904785888,1.2879124590347457,1.459344633701691
2015-04-23,1.5422274649711913,1.554857755734085,1.4830242886166956,1.4263854079669334,1.2946255207279567,1.469032517879091
2015-04-24,1.5355695833356386,1.5506860924450192,1.4732975085242204,1.4233827265934502,1.301029465163984,1.4658999539417628
2015-04-27,1.5655989601005973,1.569469428379536,1.5024446237874232,1.4578142625689163,1.3277411770197107,1.494094087095498
2015-04-28,1.538611545888353,1.5231248874810561,1.4617804172807642,1.4270256698298995,1.2833403747550474,1.455733195886681
2015-04-29,1.5583107828396037,1.5505337050288788,1.4844322619287156,1.4484119431842712,1.3043847213862307,1.4783493649941746
2015-04-30,1.5468571939430975,1.5379131049837715,1.479508150105466,1.4453870392743429,1.3145434630429562,1.474476606494295
2015-05-04,1.5698432457578448,1.5502204817218013,1.4982022912470356,1.4540450668064044,1.3158636973754714,1.4902403833418356
2015-05-05,1.5260057009534738,1.499081047071682,1.4387348857494169,1.3880261859787926,1.254065124542045,1.4327295166566678
2015-05-06,1.5186822573601282,1.4794338243541785,1.4078568582544733,1.354694645115471,1.2239490670590976,1.4076945532153784
2015-05-07,1.4976652212973827,1.4468287710834626,1.3745124852136879,1.3193942783790649,1.1872337131422823,1.3751503213097884
2015-05-08,1.5524298115942639,1.4844498403086095,1.4171226501765528,1.3627704029111471,1.2265778536974188,1.4190581704480707
2015-05-11,1.616528220250173,1.5323474725858075,1.468023793767345,1.4155705935150695,1.2819209608420807,1.4739527710483113
2015-05-12,1.6418360950252193,1.560109172047945,1.4890519471741193,1.43642489787557,1.3222253480678385,1.5017607886772313
2015-05-13,1.6469349265482023,1.5675529764731126,1.4995733964867688,1.4393580842448277,1.3140541423813332,1.5049965402498944
2015-05-14,1.6536552720933013,1.5747361974810645,1.4996028629515201,1.4404545078630975,1.3233386668111031,1.509970836288556
2015-05-15,1.6388604379485705,1.5551873308024526,1.4734328165049515,1.413319296358069,1.2970463931557128,1.486561729213369
2015-05-18,1.6591272123974208,1.56562245694507,1.4850473055774593,1.4188265282861272,1.300583615056419,1.4965569638100558
2015-05-19,1.7102057425438073,1.6109345979663854,1.523607463490435,1.4637779302933802,1.3363053916190764,1.5398995873204808
2015-05-20,1.7330674383803117,1.621547922400991,1.5389428053493053,1.48302253026958,1.353996644395127,1.5572830131360609
2015-05-21,1.7928062546792294,1.6592721455693036,1.5806474779190778,1.5302065155036384,1.3993716843244839,1.60407167953789
2015-05-22,1.8204449662438278,1.6916149782516001,1.6186934171538065,1.5668618470358942,1.4299296658232576,1.6376770872843036
2015-05-25,1.8618988879434257,1.743696672516147,1.6642828427378304,1.6240147311801167,1.4754606773723624,1.686790709669318
2015-05-26,1.925803622733588,1.7955655518369256,1.704134233712258,1.6667130210647518,1.5160913748880813,1.7346457284142742
2015-05-27,1.942963607679477,1.8008056216986965,1.7285148705145557,1.6914855472128252,1.5300413488233744,1.7520717286934233
2015-05-28,1.8143394641275232,1.693206580967093,1.6245238750455198,1.569061705125033,1.4245171305499345,1.637331106930686
2015-05-29,1.831985863647167,1.704081124258963,1.6449508416747145,1.5741651704722075,1.4213293025606202,1.6470783439391925
2015-06-01,1.9306247868569721,1.79215192404433,1.739998099274963,1.6513677101922695,1.4998864848105204,1.7388840596342066
2015-06-02,1.9610339288570904,1.843028134535496,1.7958003523174295,1.7231905058502919,1.5656817150796596,1.795690158890353
2015-06-03,1.9568573452291926,1.8567039613629877,1.7959782084120672,1.7162393356324386,1.5485709790803917,1.792251104666152
2015-06-04,1.9895965320273221,1.884956841391033,1.8016743620574394,1.6933891552243514,1.5328833106958262,1.7965052958829637
2015-06-05,2.0476885523854045,1.938420270247167,1.8435586200113163,1.7212667100115586,1.559896427247913,1.8378167713012195
2015-06-08,2.125769363441676,1.9793725025727815,1.850218461757341,1.7118016092098367,1.5224409215464807,1.8502344647224496
2015-06-09,2.1014185156208973,1.9856120765720024,1.8437830188861175,1.7247511449753077,1.5245350281164365,1.8491290025790896
2015-06-10,2.084368871005658,1.984409492631532,1.8586159480094273,1.743713080977934,1.5630686082251704,1.8622171889214536
2015-06-11,2.0803169963749752,1.9903746234440698,1.8725300092536066,1.769474873643719,1.5900022672880876,1.8772706738086804
2015-06-12,2.095639275866226,2.0213070783136002,1.895770428441966,1.803510068404923,1.6146629640676955,1.903542144504334
2015-06-15,2.071639834670931,1.9926824305755484,1.884765876880712,1.7682913077747178,1.5581422274408931,1.8708493556390167
2015-06-16,2.0007727954515677,1.9225317533012378,1.8103816185987394,1.6944149280763694,1.474317560650644,1.7943823029104926
2015-06-17,2.0415240089495916,1.9700151147553653,1.844618107123775,1.7213588432685734,1.5015879684967017,1.829690433114276
2015-06-18,1.97602876801563,1.9048487813932182,1.7932314521248083,1.6614921844586306,1.4569560072133967,1.77204496128413
2015-06-19,1.8405100952877345,1.7713210469620468,1.6747459034647179,1.537847985624734,1.3582747467515746,1.6491033660271195
2015-06-23,1.8960829826905499,1.8188236485665634,1.7081094765130103,1.5487765933567115,1.3730781693103795,1.6804658910223786
2015-06-24,1.9614104226057627,1.8814856312073323,1.7506214823245088,1.5864153769127498,1.4008163490432057,1.7269776417572427
2015-06-25,1.9000756413484616,1.808003591115924,1.6676729222658655,1.5341140991343074,1.3411966098830876,1.6602686617348807
2015-06-26,1.7636378876036138,1.6489942183552386,1.5241071245698603,1.3957231587804853,1.2190745197852082,1.5185077525095332
2015-06-29,1.735329658097733,1.5839907252121601,1.440554295118389,1.2934337408817704,1.1119081084779168,1.4362130513744849
2015-06-30,1.8384757408811252,1.6832618579539276,1.533417490387191,1.3697146470060313,1.1714706769791785,1.5221308087484349
2015-07-01,1.7376417631562828,1.5701740635821428,1.4375118042363988,1.2868049579377754,1.0850186608110686,1.4283838442149603
2015-07-02,1.5828292792859093,1.446624482112557,1.340369996556951,1.2044552925094012,1.001067568003652,1.32072996742547
2015-07-03,1.458036505966289,1.3401545119172291,1.2458220886856675,1.1134825034704139,0.9162415655256525,1.219473550324721
2015-07-06,1.4109489514984483,1.3146571628253612,1.2395995236746105,1.1086118031472845,0.8911712739276115,1.1979527515873303
2015-07-07,1.3065251992522224,1.2304357569275564,1.1526116611755524,1.0590037440528408,0.8452494239740654,1.1250242351395956
2015-07-08,1.2463399959786592,1.1793667635046805,1.087587744910081,0.9930138291103928,0.7866001508800853,1.0629981355388163
2015-07-09,1.3104577399031967,1.2645009715578632,1.1653680142781246,1.0644147561671289,0.8482415099917401,1.1364256175011693
2015-07-10,1.385612209649235,1.356451789345833,1.2469256266921267,1.136505107474385,0.9128867558809894,1.2146054217638425
2015-07-13,1.4922395940745035,1.4628282207195746,1.3230936168590637,1.203147485252621,0.9689508248085673,1.296373681302195
2015-07-14,1.5816574351514927,1.493236907116052,1.31893537225794,1.1943367022948994,0.9496524315851013,1.3094726537174264
2015-07-15,1.502820614136683,1.383625231594633,1.2391159287223723,1.1334418378696205,0.8849037005683091,1.2301351614523912
2015-07-16,1.5557023067513787,1.4221250806676313,1.2783375690241978,1.1556097051365741,0.9023014250540093,1.2630568358080507
2015-07-17,1.67245705733711,1.515127299593784,1.360812920539711,1.2153686169686628,0.9492607698980103,1.341032643676343
2015-07-20,1.7349245089686511,1.5500834805836252,1.3779589011093218,1.2289033414562833,0.9614350892567631,1.3670710923150464
2015-07-21,1.7691456131963574,1.578339328037509,1.3909199811234958,1.2380518005827004,0.9757114976349643,1.3861334327058594
2015-07-22,1.8035741397173457,1.6036653727127617,1.3944803415050684,1.246179003161482,0.9921623963731686,1.4032202497728015
2015-07-23,1.8727281205096018,1.6638612533940769,1.443618320282265,1.2852159349592207,1.0198994972309037,1.4510366906147465
2015-07-24,1.8497631009448003,1.646760985757623,1.4140140063551498,1.266255527547636,1.0110879840539813,1.4317863187608824
2015-07-27,1.6942545769903694,1.497698735965573,1.2801422986853106,1.1561128550943187,0.92093218929341,1.3042627153896424
2015-07-28,1.6244318031356269,1.4525001668218631,1.2667223909963365,1.1414907000196877,0.9061339409988367,1.2753703274179533
2015-07-29,1.7316316863914971,1.541212612317725,1.3331798936520518,1.1923844474757124,0.9523557009512549,1.345557790394381
2015-07-30,1.6831477068983145,1.4934595470478904,1.28694547925768,1.1610438951775455,0.921571570013916,1.3045966686750763
2015-07-31,1.6417197293322554,1.476813541212863,1.2841912058849145,1.1592024704701531,0.9153219846513345,1.2924973538586464
2015-08-03,1.5581256567577613,1.432771636207707,1.2705375755766324,1.1539229363567542,0.910896912563277,1.2692232699370156
2015-08-04,1.6461598636569634,1.4994072431208816,1.3445147763570124,1.2263715475975252,0.9793328956794677,1.345194381852647
2015-08-05,1.6108908491574918,1.4724472850434849,1.3253011210131114,1.2085427347546585,0.9701467912127331,1.3243183981479603
2015-08-06,1.602524471038009,1.469040129254481,1.3246992047870494,1.2043615855457495,0.9560985379472868,1.317442254336467
2015-08-07,1.6622090609663545,1.511002736736841,1.363975280104676,1.2471902005162632,0.9878322667521141,1.3607149610416651
2015-08-10,1.7657106029498324,1.5934882338906415,1.4387818196343836,1.3199497304978987,1.045109341692385,1.4391064598592531
2015-08-11,1.782424676941985,1.601798425205222,1.4427939539889207,1.3175701870058867,1.0476615864825944,1.4443327992405501
2015-08-12,1.7560279527408802,1.5818904495810808,1.4255575807671528,1.2953222835435767,1.0391305337315548,1.425797322734409
2015-08-13,1.799727729072962,1.6261199835629347,1.461121284779555,1.3329607146046734,1.0664349464384995,1.4637456577681796
2015-08-14,1.8154000949819469,1.636993475896887,1.467391146387747,1.3381143186451345,1.0699285100791933,1.4716002917022382
2015-08-17,1.8446831142099716,1.6629994688776697,1.4901394015245746,1.362859138486504,1.0946522915485672,1.497834755486096
2015-08-18,1.692958674196447,1.5312075885513614,1.3728490489693996,1.2486725593607164,0.9992017243905856,1.374649704440562
2015-08-19,1.7290371903870916,1.5747889970784164,1.4024740357869054,1.2805417072691703,1.0204166317061085,1.4070968374565396
2015-08-20,1.6667985248999924,1.529506411689878,1.3540468712893434,1.2335674226014037,0.9741080976003995,1.3560368741837145
2015-08-21,1.5628785974053043,1.4464630586484788,1.2812525411737972,1.1621038318524177,0.9200672353434161,1.2790605550985672
2015-08-24,1.4150731755912789,1.3056531177661697,1.1586244331294013,1.0541114946182413,0.8382691744394566,1.1589745452944538
2015-08-25,1.283595065533217,1.1885191710666325,1.0538114118831607,0.9633817211110219,0.7691413907711445,1.0566053015698644
2015-08-26,1.2336297962485394,1.1476989880588047,1.0249402136940897,0.9328989363438143,0.7459426518729001,1.0222743306791442
2015-08-27,1.2944362789611146,1.2125745036324642,1.0871656961923495,0.9866659878244332,0.7869542265425367,1.0793397833237388
2015-08-28,1.3799866644871897,1.2875636494709808,1.161039014623438,1.0554139806826284,0.843943162323506,1.1523086805999867
2015-08-31,1.356030615208714,1.270471586352204,1.1428187727152035,1.030980419072806,0.8234376661239905,1.130693830851636
2015-09-01,1.3141133574197599,1.2345978391142032,1.0950207422389158,0.9832237976455237,0.7655900762728226,1.0838923755298766
2015-09-02,1.275779214512897,1.2144123870424528,1.08945952994517,0.978352242090635,0.7471559821895636,1.0665682430423844
2015-09-07,1.289364567610845,1.2141577344476409,1.0807125896109044,0.9576759472858678,0.7370248487674557,1.059710112936343
2015-09-08,1.358299734341118,1.2723706195988111,1.1291865812388664,0.9946267631205749,0.7718729826040621,1.108930250980946
2015-09-09,1.4268026137320058,1.3218526494220861,1.1672533729851764,1.0196183761905806,0.7982831446612474,1.1494132129819823
2015-09-10,1.3941978748694197,1.2898728331113316,1.1411016951667543,1.002614096121944,0.7862696924958783,1.1261625647091966
2015-09-11,1.4051626015296304,1.2968172412964472,1.1446254461295287,1.0000780340159146,0.7941399646083112,1.1315517603087335
2015-09-14,1.2934911115976537,1.1986649196859755,1.0743552661814724,0.952090092087811,0.757008940939205,1.0610981855547486
2015-09-15,1.1944075706700585,1.120129322507136,1.0138321698950534,0.9046416505972192,0.7189218568349629,0.9977075448104247
2015-09-16,1.3034813999473795,1.2188712018864223,1.095033436659833,0.9730464486772017,0.7699838974067501,1.078762394565452
2015-09-17,1.2736976724918236,1.1915554176762029,1.0715348787503773,0.9488305498019038,0.7553380215109547,1.0549011552947942
2015-09-18,1.2962362885387595,1.209654095596582,1.085029132699403,0.958453378691137,0.7632162409665988,1.0688411222212948
2015-09-21,1.355500941112742,1.2593038430748111,1.1190038006379746,0.9872674806495023,0.7867850908580526,1.1071243743451535
2015-09-22,1.3802265479544833,1.2748025158114387,1.1286867388252841,0.998091966818401,0.7933571056980521,1.1200911909534517
2015-09-23,1.3542887399389347,1.2436265495614414,1.1057299622920889,0.974360125894288,0.7808738021677183,1.0970150068584013
2015-09-24,1.3818183647539508,1.2675452691574032,1.1220103166918802,0.9872571213550918,0.789708654489629,1.1143119204470218
2015-09-25,1.3259700048654064,1.2216719759488368,1.0893758935724767,0.9617953237515695,0.7705373188473089,1.0795918573006564
2015-09-28,1.3589219330974907,1.2402131387572835,1.104113478768865,0.97132502621917,0.7800703014077148,1.095986105988566
2015-09-29,1.3335872600625707,1.2061140195504976,1.0783402709184302,0.9480613087110501,0.762531147881582,1.0705930371634462
2015-09-30,1.3453156349921567,1.2188531566720806,1.0877560015286447,0.9554992945664803,0.7645622079871772,1.078846169830822
2015-10-08,1.4135654811078124,1.2732894198166722,1.130406717277489,0.9905101258112987,0.7946177911012554,1.126535539706818
2015-10-09,1.4524664350642738,1.298408029463515,1.1503691700326701,1.0111855830897372,0.8015813228674399,1.1478324016804742
2015-10-12,1.5312828337052873,1.3661340483987339,1.1971649837080256,1.0539295541817157,0.8300812977234177,1.1994682057182715
2015-10-13,1.553789399351026,1.3773706544165685,1.2062967678726546,1.064747184757541,0.8374599167166805,1.211403346200808
2015-10-14,1.5420207952916936,1.3583639114536845,1.1905465756121065,1.0501564723543289,0.8252029814382785,1.1962046113456761
2015-10-15,1.5938770129978879,1.405510354459722,1.2231564528537555,1.0814793583614881,0.8475175514978468,1.232710647350827
2015-10-16,1.6208936689467146,1.4247985640963974,1.2441390879574816,1.098756072783226,0.8631962434938288,1.2530097793740125
2015-10-19,1.6148441616349176,1.420424295164021,1.2453221416987663,1.0987493531245083,0.8659851155543784,1.2523533146343457
2015-10-20,1.6552655533559208,1.4451659316434284,1.266253190473572,1.1141406559153197,0.8754485055160327,1.2734486430784224
2015-10-21,1.5192800595541853,1.345241911522099,1.1891977155811442,1.0529938389729911,0.8350675022260398,1.1936804369733827
2015-10-22,1.5801443650193323,1.3887879659965745,1.226228407849414,1.0902444719502227,0.8538450333175331,1.2322140955014047
2015-10-23,1.624037797041435,1.424408291886084,1.2487626403478878,1.1178392534583634,0.8710387706319497,1.2611129804946488
2015-10-26,1.647581683173886,1.4420031111980425,1.2599328253423296,1.1269783706374221,0.8836986415297282,1.275887463178482
2015-10-27,1.667073770580019,1.4496817911624538,1.2599589661494213,1.1287051711761489,0.8880119014238462,1.281930995546231
2015-10-28,1.631898669114558,1.4305938282898842,1.2380862028028126,1.1046801352992577,0.8728732203341377,1.2588592925523343
2015-10-29,1.657292021546813,1.442260269223591,1.2465638996405068,1.1141053871930944,0.876637146620975,1.2697961740129107
2015-10-30,1.6411280453879709,1.4365222033464689,1.2474256310297966,1.1149105672077304,0.8808667378461899,1.2678869263939752
2015-11-02,1.5906525529190518,1.4125071640943172,1.2189034907512821,1.091131037843748,0.8638615997168977,1.2426532134354797
2015-11-03,1.5818297206849787,1.4065896492207477,1.2231420481387925,1.0934353659477303,0.8607810102287791,1.2407204916096992
2015-11-04,1.652436127664984,1.471542391582708,1.2870258365191471,1.1584555997255295,0.9164310499830699,1.3070178176189469
2015-11-05,1.6868039350967257,1.4982814513901737,1.301514080108187,1.1650378627195457,0.9227836409457446,1.3234487657104297
2015-11-06,1.7112546208688044,1.5264240286776158,1.3319055565825617,1.20004786346931,0.9543742695335646,1.3554562461533652
2015-11-09,1.736323017523957,1.5431248611749593,1.348544368619999,1.2090712077482397,0.9690258221639438,1.3719792827446362
2015-11-10,1.7376915723449824,1.5420174986442705,1.3549589380617089,1.2159221842978087,0.9834419533190458,1.3789419449302358
2015-11-11,1.7443880825809746,1.5470737193984747,1.3674486600189706,1.2283806945538431,1.0012635897928346,1.391273765166906
2015-11-12,1.7296035050388807,1.5419609702404167,1.3688542030750839,1.2228256102957133,1.0050283587211013,1.3880579828082802
2015-11-13,1.6994465851678404,1.512441773738175,1.3447136931921873,1.2035410900813324,0.9848886276205442,1.3630647919715622
2015-11-16,1.7113823905319256,1.5320621986454142,1.3619701934323152,1.2286904557579639,1.0090317241226818,1.3844033712617145
2015-11-17,1.7129671993744184,1.5265060374948605,1.3529072751186813,1.2241036156350575,0.999232300307118,1.3780979495220205
2015-11-18,1.696011855903273,1.519343383364658,1.3306066638237375,1.196139258095733,0.9701763863472085,1.3552219745225509
2015-11-19,1.7205310156293425,1.5428554578024312,1.3604149025965704,1.2275353836878045,1.0057840419781903,1.3864713716740367
2015-11-20,1.7311787630853102,1.5470223467126536,1.369915332928984,1.237401130086589,1.0251738245521442,1.3984530323577402
2015-11-23,1.7212493782710259,1.5385207999894648,1.356621828752453,1.2306611567390064,1.0120581612975406,1.3875026707556137
2015-11-24,1.7201921908964208,1.5414948198877725,1.3664463603742052,1.240551959327358,1.0265591383249328,1.3960809136542578
2015-11-25,1.7311187517687936,1.5604323203929293,1.383353643910731,1.2630430232190957,1.048503691954589,1.4157765213093279
2015-11-26,1.7250336813313694,1.557149335128152,1.3751996639598356,1.255003366727255,1.0379954880801585,1.4078774015245998
2015-11-27,1.6205088541165242,1.4645543755221175,1.285105306672781,1.167517628717171,0.9632087300097372,1.3157095380606258
2015-11-30,1.615244317820798,1.4672701653300373,1.2916924713773101,1.1718838053239546,0.9713061340322412,1.3198811498527423
2015-12-01,1.6239787061672402,1.4816838029857593,1.2961295608524186,1.1712429507625002,0.9608095979472052,1.3247070536974708
2015-12-02,1.6456435631987252,1.5149236933192642,1.3211373376693452,1.1976975662952283,0.9632361224803198,1.3459414025292062
2015-12-03,1.6724369234146264,1.525929245369893,1.3418156464999154,1.2241356714140161,0.9862989011941949,1.3688777706640531
2015-12-04,1.653435293109518,1.501739688664927,1.3264213304763544,1.2084861139926082,0.980189189565898,1.3530909541773655
2015-12-07,1.6692511480755827,1.516755665042,1.3373203126909599,1.2175378105840324,0.9890372688847867,1.3650812777682104
2015-12-08,1.6236614485521779,1.4769996986006177,1.3013049709485773,1.1927141174009888,0.9670991840746329,1.3314846969363794
2015-12-09,1.6213244516245437,1.477120131571636,1.3019709140497406,1.1954748765813261,0.9599870439021398,1.3299165467386598
2015-12-10,1.6189914778719516,1.47077580960321,1.2984060169854277,1.187617376722772,0.9562005716095061,1.3248735951482147
2015-12-11,1.606059393574695,1.464837681384603,1.2959921947528714,1.187738573239034,0.9487738212354729,1.3191514751392635
2015-12-14,1.6467657641277216,1.5034087182221287,1.3320090670457292,1.2292353328277572,0.9769946446009204,1.357171115497155
2015-12-15,1.6529330723722322,1.5002324090484604,1.3304373377378165,1.2302010545249493,0.9872821693980965,1.3603700060975084
2015-12-16,1.6548786851340667,1.5006699383634432,1.331030326398248,1.2313859001030865,0.9982028809998044,1.364156964341651
2015-12-17,1.6916831872783398,1.5297418141869368,1.3596079179757177,1.261642975819394,1.019907436307075,1.3940054182824018
2015-12-18,1.6905553438732848,1.528297717474332,1.3601045908031555,1.2561709085661579,1.0113969462815473,1.3901299107949012
2015-12-21,1.718560718990946,1.5674225900320566,1.3930603261469774,1.2853968653412113,1.0138299455777,1.4157207638052767
2015-12-22,1.7360960350785954,1.5750111205616792,1.39952264597055,1.2952366152256414,1.0286303386036177,1.4276014932302696
2015-12-23,1.7186864812462126,1.5610472158206927,1.3891865153028724,1.2886348518920492,1.0187096224380303,1.4158826974619423
2015-12-24,1.7063206209017359,1.5515292866348438,1.3845123197924492,1.285146912435228,1.0183938279853588,1.4103001180040482
2015-12-25,1.714093858442967,1.5577653069605357,1.3916397589491065,1.2961154533918835,1.0259618781510296,1.4186693421901757
2015-12-28,1.671930585025693,1.5181811940060697,1.3634291812433808,1.2583937968673684,1.0004063531192735,1.3834041977621392
2015-12-29,1.6859819889537149,1.5368971272719534,1.3820660714656776,1.274409109497532,1.0095528402478153,1.3989634333596412
2015-12-30,1.6995515028898727,1.5464156874530341,1.3847739842578957,1.2825863781884728,1.0212163767322273,1.4085284112892833
2015-12-31,1.677528969033825,1.5340989755832664,1.3681675336115082,1.2664969759736016,0.9993467234239806,1.3896909483445397
2016-01-04,1.535741208725081,1.4097541533221016,1.261290592607178,1.1589800530920278,0.9097329637051984,1.2764192240676224
2016-01-05,1.5211029353055914,1.411803166192946,1.2583880113087342,1.1631305792613715,0.9032270884200649,1.2728565639182472
2016-01-06,1.5703460715753754,1.458531028585678,1.292423283695696,1.1931490605922213,0.9290432404800699,1.310262435591943
2016-01-07,1.4308534545283693,1.343286344258963,1.1856007796486057,1.0947455947354217,0.8427174917831377,1.198649164413827
2016-01-08,1.4649161079237876,1.3837012955234702,1.215422493941125,1.12287433489396,0.853731975886393,1.226887181576863
2016-01-11,1.3800385285697903,1.2987776345241357,1.1398136905554146,1.045700168481893,0.7888992464116369,1.1468380828655254
2016-01-12,1.3926640428573334,1.2982688013022028,1.1483561367663244,1.0503455825026218,0.7888665030021824,1.1515657506579278
2016-01-13,1.3446936006001786,1.2677126490590136,1.1218230772900806,1.0138547199491301,0.7546126495447305,1.1148641038094003
2016-01-14,1.3784623229319863,1.3077325101636474,1.1605577939382175,1.0440195055555606,0.7848278946688065,1.150757085547158
2016-01-15,1.3102024877692842,1.257010463388193,1.1167835623981455,1.0023813213284856,0.7518837426969359,1.1029019787458343
2016-01-18,1.3249675512494408,1.2621348569109845,1.1224747423877097,1.0130502593810498,0.7664226656831807,1.1140374281880456
2016-01-19,1.3840650611519738,1.3046082487100485,1.1613051629705529,1.0488891475693367,0.7995606448303121,1.1567067735594354
2016-01-20,1.3786339513116093,1.2872254337856868,1.1455252809747707,1.0361967715482194,0.7908335814883892,1.144256485442444
2016-01-21,1.3164071785439513,1.239625947582416,1.1025142185741827,1.0012894275577882,0.7547708839589555,1.098720149979832
2016-01-22,1.337724194257188,1.2607902530411257,1.1183595451241242,1.0171781316976873,0.7692077847066926,1.1168842478986942
2016-01-25,1.350904720176235,1.27581659332585,1.130793347231876,1.0292144841410906,0.7802063895080922,1.1300699635927596
2016-01-26,1.2426097778678231,1.1811835287512138,1.045977737511927,0.9590891260753898,0.7161712732649771,1.0442829591827585
2016-01-27,1.2315505728619107,1.1784827947662357,1.0371411353159425,0.9513306567021954,0.7115217571722782,1.0371407244399875
2016-01-28,1.179781292060234,1.1272569618747321,0.99571928603101,0.9155121094993688,0.6770323691424149,0.9932501027825659
2016-01-29,1.230960614937602,1.164033147068943,1.033895565200614,0.9502958438773508,0.7052601234083858,1.0317957509940088
2016-02-01,1.199643744235812,1.136669564126883,1.0154969764992614,0.9390245617819867,0.6898310402138209,1.0136051328231155
2016-02-02,1.2531689889674358,1.1805833101451624,1.047246651387434,0.9650534004304053,0.7032926299317909,1.0463911657227967
2016-02-03,1.2609003639351057,1.184077285964041,1.0487006813003437,0.9655488230924099,0.6989385903484882,1.0474001470898604
2016-02-04,1.2985899958143228,1.2103285531493062,1.0756059129172857,0.9827976928165466,0.7093958239045123,1.070567297854682
2016-02-05,1.2891939259949827,1.1993037746004171,1.0664284714105405,0.9772877018158691,0.7056017984878595,1.062896275627872
2016-02-15,1.2859572591622206,1.198729021564036,1.0667071930099585,0.9801345765104307,0.705951845291466,1.0630354029229403
2016-02-16,1.3536839735221395,1.2540169445864378,1.1065699987525979,1.0119680782671328,0.726445064177666,1.1050618710282016
2016-02-17,1.3780405555178512,1.275669762328567,1.1174730570103235,1.021500874159817,0.7318755151170806,1.1187613738802815
2016-02-18,1.3778980234769491,1.2766614785252162,1.1134019050782349,1.0206506085224147,0.7316775666627029,1.1178459832335566
2016-02-19,1.3812368804052217,1.2788833268101376,1.1146888438470033,1.019622389299615,0.7311130739505987,1.1186393685826672
2016-02-22,1.411722198861971,1.3139948277693292,1.145063185012906,1.0433876284936818,0.7502756075959909,1.1468939614514924
2016-02-23,1.3998544527133232,1.3074938069903235,1.1388767221920624,1.0389818496252277,0.7511053852006014,1.1418778285797173
2016-02-24,1.4188148711545587,1.3218351544827027,1.1470776907963849,1.0502879751679446,0.7537737113422652,1.1524076492860353
2016-02-25,1.2917854492477678,1.2049504295693758,1.0520395324390732,0.9754494042445956,0.7103818305627793,1.0626153403936296
2016-02-26,1.2919314955438368,1.210951392259083,1.066733923562024,0.9926805418775915,0.7262383392381929,1.075166645836992
2016-02-29,1.2084014779404764,1.1464273305191186,1.0246007473356948,0.9600402391389443,0.7135091335492474,1.0304809570918347
2016-03-01,1.2360101521948885,1.1780583147120105,1.0481023578176223,0.9811607161352311,0.7230172423629606,1.0549195426733233
2016-03-02,1.3046548380637322,1.2472914681226217,1.103125511925088,1.0304638346430324,0.7613870117293796,1.111912535258076
2016-03-03,1.309919992120725,1.2551028602791519,1.1122697241422783,1.032540544997828,0.7604392485362303,1.1162041057810599
2016-03-04,1.2769862841603628,1.2408687111948171,1.1052708335279582,1.0301865660679221,0.7507819700148074,1.103270981622713
2016-03-07,1.3117171685164128,1.269730363520516,1.1255904204989255,1.0476975182815254,0.7673610821840284,1.1271006427389685
2016-03-08,1.3217594203475547,1.272760006496298,1.124739540562796,1.0485195259758149,0.7612688861178264,1.127577984552224
2016-03-09,1.2903311308595016,1.2394757049347815,1.0990290534250193,1.02544283028198,0.7299815850958916,1.0969026035787999
2016-03-10,1.266479830830841,1.216319417620372,1.079852791295185,1.0075299393075294,0.7190220297549934,1.0777987356515282
2016-03-11,1.2616985309568831,1.2135008312294882,1.0792554413957813,1.0086694170199624,0.7198111004693922,1.0768441459192983
2016-03-14,1.3147596177700733,1.2515060981910908,1.1107517989751696,1.0334418842638085,0.7387390355537219,1.1099027059824498
2016-03-15,1.3091326449337213,1.2469067183750764,1.109667923880601,1.0340009846938147,0.7308479445320274,1.1056494362893252
2016-03-16,1.2955744289925497,1.235572087746637,1.1033418939656967,1.0300158603945346,0.7249144362839115,1.0974312690318964
2016-03-17,1.34151109749246,1.272904112667731,1.1298983967520941,1.049865600073479,0.7436493083803946,1.1270498349464286
2016-03-18,1.3990647612814886,1.311323779003105,1.158315327553609,1.0728032661148694,0.7629138320074512,1.1599855517586393
2016-03-21,1.4545140421243234,1.3529004166146936,1.1851423297937906,1.0942246197896772,0.7749194516512621,1.1902016449320854
2016-03-22,1.4482600114557689,1.34331182712424,1.1835336930686988,1.0920338443528248,0.7699980524541179,1.1851732035791787
2016-03-23,1.4630735201529563,1.3527899777150365,1.1898428940717505,1.0930891503654832,0.77158420983763,1.191256955446478
2016-03-24,1.4400523966886916,1.3243243861738834,1.1718654822273094,1.0735094361421282,0.7561143494141821,1.1698510583408461
2016-03-25,1.450094374389947,1.3400652204866998,1.1814717665143815,1.0813783840898468,0.7595320521766763,1.1789425614454594
2016-03-28,1.4437999333092653,1.3280409352557936,1.1751805334711596,1.0783409572104616,0.7546235751316683,1.1723627640096854
2016-03-29,1.4142277260864857,1.3016527088704615,1.156532460945784,1.0654098877953782,0.7469823373252509,1.1539967141778293
2016-03-30,1.4712279931738483,1.3463054086413666,1.1925403067614953,1.09568703570043,0.770168129441741,1.1921398300821755
2016-03-31,1.4818708628532062,1.3514514619863378,1.1951322189872906,1.0991453848084838,0.7709067594179773,1.1962790359723836
2016-04-01,1.4715692163471261,1.3465918891377753,1.1923512628113186,1.094287287534037,0.772203238559444,1.19541229750641
2016-04-05,1.4978801111023274,1.3765120615793023,1.21744753969952,1.1243041302278107,0.7945477301806908,1.2235075721615971
2016-04-06,1.4921309888776686,1.3761833246323394,1.2183417002203158,1.1270105720324193,0.799039592698259,1.2246620828427404
2016-04-07,1.4743063298984842,1.3570462241653292,1.199243775338374,1.1027456839624001,0.7801445271445403,1.203425322320807
2016-04-08,1.4632606486680153,1.3465017077390053,1.1907601236017022,1.0886206667351466,0.7715906072225635,1.1923273410621793
2016-04-11,1.5009543936557006,1.3702264330204827,1.2143781655671724,1.11241655809981,0.7888595066472759,1.2179513426021893
2016-04-12,1.5014907825820971,1.3638369334810359,1.210586905451266,1.1054029021873195,0.7771469875037371,1.210989532780129
2016-04-13,1.542346023860665,1.387276124428495,1.2284527472373916,1.122964334303945,0.789052952241335,1.2328747771435158
2016-04-14,1.5423262326309104,1.3980002295394944,1.23610490469442,1.1334860373231526,0.7976539419791565,1.2413117281556272
2016-04-15,1.5335812300824123,1.3954227981804554,1.2334546964538216,1.1323743959099732,0.797038786379087,1.2384791546687535
2016-04-18,1.5123624741269563,1.376246712934418,1.2136362481246563,1.1151188234596479,0.7865982273452097,1.220649208637785
2016-04-19,1.5161878355996472,1.3793376884059436,1.2164983209674374,1.1190868802919687,0.7912503466416538,1.224703288480654
2016-04-20,1.468247763606547,1.3347170502034313,1.181437351993531,1.072427682745849,0.7610681204376142,1.182419591198688
2016-04-21,1.4797340226287508,1.3272669971510342,1.1710728202327683,1.061196250531664,0.7511151380481932,1.1753056796975394
2016-04-22,1.4699774064634936,1.3326193598384475,1.1803724031521747,1.069577043229739,0.7599715808045923,1.181198371045233
2016-04-25,1.4734168912202645,1.3272310099767912,1.1709153979145013,1.0613578220792181,0.7550316061219896,1.175552183485645
2016-04-26,1.4740383992717359,1.3380558904992157,1.180083090898561,1.0734627289571368,0.7641261054118923,1.1849231249349812
2016-04-27,1.4615033610848251,1.3322901277683568,1.1753761523077082,1.0688217017624266,0.7606793721003489,1.1788478609188278
2016-04-28,1.45438251934639,1.328603006691222,1.1697782706226947,1.0641498364310518,0.7598066949690098,1.1746227087868124
2016-04-29,1.4562712637253952,1.3271784384250445,1.170467169018343,1.065009122031538,0.758537133919518,1.1746114150637486
2016-05-03,1.483192900551405,1.3547137400002114,1.1972341933359678,1.0973276103601337,0.7843149122669102,1.207054797679113
2016-05-04,1.4852347041980414,1.3532246042638816,1.2022451587281484,1.0968363164041959,0.782151324431675,1.207358146042279
2016-05-05,1.493418867382431,1.3598280707073291,1.2108192188925349,1.099921223369705,0.7855005525714995,1.2133023274764594
2016-05-06,1.4317620129730144,1.3106126959644075,1.1738101693991518,1.0601553520245908,0.754003592845947,1.168581293610462
2016-05-09,1.375765713507137,1.2645159537163277,1.1386429581708422,1.029198684767632,0.7235697036342568,1.1279602339846497
2016-05-10,1.374746177286219,1.269712741996622,1.1384660159460738,1.0322955689561262,0.7239239322253421,1.1294743675396255
2016-05-11,1.3669627455403586,1.2693449554349847,1.1423751614850335,1.038983566866293,0.7232745238193871,1.130166510968147
2016-05-12,1.3652405964264185,1.272972451633546,1.1459517916872655,1.0442193916227076,0.7308215719969152,1.1347330015207961
2016-05-13,1.3605883873009892,1.2674177929592074,1.1401209873015286,1.0379730347250282,0.7304770152015188,1.1303500658737082
2016-05-16,1.3807446930186333,1.284120177723364,1.1538488129687052,1.0498169807261428,0.7455727403421207,1.1466518790224838
2016-05-17,1.3838364097133589,1.2836954594409158,1.146958192005131,1.046485506288862,0.7435005612706469,1.1443548748250907
2016-05-18,1.3508680492883003,1.2581173134245345,1.126841983048201,1.0271334803403769,0.7263956639606621,1.1208300679471164
2016-05-19,1.3608033167078462,1.2595038101230276,1.128374543381965,1.0274278604500762,0.7308485310063882,1.1244690683960448
2016-05-20,1.3809851804843043,1.2703172361782906,1.1366427475720808,1.0376590259393608,0.7343113471107059,1.1346882342904896
2016-05-23,1.3961697914007951,1.2824863934874422,1.1471528315483204,1.0453905613332037,0.7434827211013402,1.1459812001839371
2016-05-24,1.3779073893106404,1.2692294318975175,1.1354639069935841,1.0328745273378281,0.7349765985336736,1.13291236261971
2016-05-25,1.3680936662169274,1.263875323310409,1.1290171089578036,1.0300942005355906,0.729497709418761,1.1267573389191232
2016-05-26,1.370863866106278,1.2677434023716423,1.1303490436646453,1.0344657357326374,0.7366426770016756,1.1313327102861364
2016-05-27,1.3759376895239432,1.265198547391873,1.1318453789838143,1.0345080208071102,0.7337508302277461,1.1311364791509009
2016-05-30,1.3756855402087766,1.262814357484402,1.12654507086907,1.0295773923015212,0.7308636068362752,1.1276408994125033
2016-05-31,1.439285069140927,1.3151408336588482,1.1689435905821781,1.0682858829671908,0.7623893885637679,1.1741075733632451
2016-06-01,1.4432923104326176,1.310219055212956,1.1675710045327183,1.06840693814995,0.7674873812472964,1.1777809733447349
2016-06-02,1.4567308634394789,1.3156254022952887,1.1730025938011075,1.0710038494071321,0.7742142417012763,1.1846892086888072
2016-06-03,1.4597708081614267,1.3246821015665082,1.1788830900606215,1.0800326509833729,0.7755826228713427,1.190410732431151
2016-06-06,1.4612438272141115,1.3247420598732405,1.1798648997047574,1.0838975879317263,0.7794729119483094,1.1929030412439339
2016-06-07,1.4584943932096344,1.3230472175381356,1.1813261771268826,1.0847520775376334,0.7790840137639226,1.1925088680834113
2016-06-08,1.457795418840487,1.3205423734977184,1.182978969760852,1.0875628838647826,0.7757894298605178,1.1918862714476646
2016-06-13,1.3962227356107317,1.2709343120543808,1.1352815632599609,1.0497965163883558,0.7411518084824178,1.1443238789203072
2016-06-14,1.396303857597085,1.2766687851163143,1.1361482064607282,1.0514787199776565,0.7455186352522057,1.1472526530304357
2016-06-15,1.437060197835141,1.308888214712571,1.1635234961084584,1.0745955045792812,0.7739018633692193,1.1790534917555135
2016-06-16,1.4334224253552732,1.307312903870249,1.159169074503996,1.069428396816914,0.7767739965970099,1.177029143909828
2016-06-17,1.4517377555834752,1.3179534272085656,1.1667629263201078,1.0755980774504197,0.7804916150613063,1.185994929582137
2016-06-20,1.4459448362572827,1.3175254723548468,1.1714724873367461,1.0827228251132925,0.7905791914321184,1.190542843770873
2016-06-21,1.4337767392382876,1.3060597521078392,1.1628358652068522,1.075047021727708,0.7796180339254832,1.1797241388551825
2016-06-22,1.4612744968069122,1.3245612724020142,1.175090590307667,1.0880112286351777,0.7911488554557969,1.1964277650882809
2016-06-23,1.4568231334572992,1.3231490405831141,1.1687901764503918,1.0844875724793126,0.7827530168390497,1.1908512282168042
2016-06-24,1.4381681552697732,1.3072771257542188,1.1557888717158833,1.0698769743707546,0.7762713198793408,1.1771104328212663
2016-06-27,1.4734167485528171,1.3364083063829242,1.180482304091845,1.0894370070053219,0.7965190439019707,1.2036068902811516
2016-06-28,1.4872407287443705,1.3499701175668897,1.1934852680632708,1.0962197533951121,0.7999887726723436,1.2135105180581702
2016-06-29,1.4875410568831404,1.358545254499189,1.198017503002506,1.1004830677558621,0.801005391397281,1.2172664999429257
2016-06-30,1.4833926868246896,1.3598883334984275,1.2028496116388616,1.1017362638454018,0.7970467996813171,1.2168768666026712
2016-07-01,1.485496067232932,1.3567604714125363,1.1993391090850858,1.0970026853182184,0.7914461704263219,1.2160526959240348
2016-07-04,1.5119888160610733,1.387312070525921,1.23152112122821,1.1284119015003404,0.8128431747602446,1.2459120571560616
2016-07-05,1.5275181634661594,1.3985045020762992,1.2372768630025237,1.1317849967015416,0.8143273217857119,1.2528602272304765
2016-07-06,1.5245119582835647,1.4041311842008648,1.2443924550875802,1.140138456251076,0.8233239351782307,1.2594122618571462
2016-07-07,1.5312872881298858,1.405944409257625,1.2500037277312683,1.1380841826652581,0.8287943392099341,1.2632168261694294
2016-07-08,1.520999993859348,1.397667440646684,1.2499176778037056,1.1367222188301802,0.8230714625907346,1.2579601727812026
2016-07-11,1.5249815839481624,1.4028872989203516,1.2559799730053594,1.1449634809023375,0.8260759198449193,1.2635156385620412
2016-07-12,1.5585806386856778,1.4397625112528474,1.2830008375005875,1.1641188902115436,0.8353734144245204,1.2882416967651034
2016-07-13,1.5695329641588094,1.4477419927327007,1.2925949109217045,1.1711075436526468,0.8394396328714222,1.2962103072494238
2016-07-14,1.5671993439514489,1.4446109332140529,1.2916898951127829,1.1682682318934228,0.8365740367028042,1.2935708997941868
2016-07-15,1.567875370418797,1.4478436410623072,1.2898582876116191,1.1645876629693206,0.8351924797332746,1.2926558180065737
2016-07-18,1.557186754574285,1.4461050646073055,1.2823260440355857,1.1570256685667937,0.8304468420188754,1.28592046505991
2016-07-19,1.5563835057190119,1.4430382596954052,1.284437740469064,1.1546006550281134,0.8328065404033036,1.285856211976962
2016-07-20,1.554029165589974,1.4406205579876457,1.2808869100451903,1.1507864785532413,0.8308483665407608,1.282873627561937
2016-07-21,1.5606968251919495,1.4481690944949828,1.2855923928190707,1.1583249745428488,0.8345613832036504,1.2890870916254626
2016-07-22,1.5460414267887068,1.4345464561865273,1.2756389041856955,1.1473235313498023,0.8238581419429762,1.2764907660129505
2016-07-25,1.551179337040614,1.4366470746652948,1.28251976904481,1.1487523944478166,0.8210081011886989,1.2785301963615685
2016-07-26,1.5694053486223327,1.4561365342029278,1.2989309076563613,1.1656468720135176,0.8337904428229658,1.2960113964318116
2016-07-27,1.533620743843954,1.42649907930463,1.2576307850088873,1.1188232331295542,0.797766136586218,1.2550006889986374
2016-07-28,1.538094652621023,1.440334754069711,1.270257699532001,1.1216429757200561,0.7956658000066343,1.26065443575966
2016-07-29,1.5308103199202368,1.4363042403269495,1.2629321428010742,1.1116143775887792,0.7877218665447538,1.252534383931122
2016-08-01,1.508581762248437,1.42199953277635,1.239365725634663,1.090244521190436,0.7744318540740431,1.2356971129649417
2016-08-02,1.5235134052333716,1.4334565614818904,1.2485551112732531,1.0979415756867077,0.779206906858806,1.2452418250535355
2016-08-03,1.5238806346545613,1.4376681854384334,1.2518595298777153,1.1040165301721554,0.7862874107793102,1.2503225133338645
2016-08-04,1.5396330085086316,1.4427141346441175,1.2532129490810393,1.1038705967068323,0.7857928254355497,1.2538871399265998
2016-08-05,1.528833970049292,1.4370965172112267,1.2528983352038365,1.1038814675958581,0.7812834468328745,1.2496413944131934
2016-08-08,1.5468531884046928,1.4568018499974817,1.2704915925267146,1.1208024665523917,0.7932422134381221,1.2671736161071347
2016-08-09,1.5631067529276144,1.4669411059438677,1.277904343494335,1.1301009100154933,0.7989427780224948,1.2770111740952774
2016-08-10,1.556592508064908,1.4615412308580322,1.276484087682301,1.1278178659131093,0.7972008578277939,1.2736453678783894
2016-08-11,1.5280630295862774,1.4502232612635553,1.2637476697661898,1.1180075008089745,0.7874792589795078,1.259119593314193
2016-08-12,1.5503482592100046,1.4692799583525602,1.2838331264006355,1.1336938030161932,0.7949443967722916,1.2760275642188488
2016-08-15,1.596979577060166,1.5074401523579188,1.312940565901955,1.1590129996043386,0.8128021736693753,1.3075666055271213
2016-08-16,1.6122020439263476,1.5140723721638685,1.3117092522490836,1.1605289084169603,0.8151851566580047,1.312092101575145
2016-08-17,1.610388981430913,1.5169158435169436,1.3134518511652242,1.1606789299088094,0.8173190135468901,1.3133528398888537
2016-08-18,1.6067312871764083,1.5156500356928433,1.3131908174747393,1.156615865415477,0.8115968914537515,1.3097278700756796
2016-08-19,1.6103466111175861,1.5223096714630229,1.3191236423271955,1.1539973787044766,0.8080602538696843,1.31092131956755
2016-08-22,1.5867175009383498,1.5096973527323643,1.303439115040038,1.144456548011361,0.8007500505452173,1.2972320433717686
2016-08-23,1.5854962590564758,1.5141955596314827,1.303402480885587,1.1479500308449502,0.8013108789429143,1.2987658153956885
2016-08-24,1.5890033167846782,1.5143030814172607,1.3020218108634063,1.1457706829926964,0.8009589115962749,1.2984838684752797
2016-08-25,1.578368790218664,1.503481162163956,1.293017215850004,1.140054880100478,0.7929672188713855,1.2892085733285104
2016-08-26,1.5815419655908167,1.5033760116377182,1.2948282797127049,1.1425193366309212,0.7969227752056326,1.291913356773618
2016-08-29,1.5858539085920589,1.5092091679896527,1.2949748959887795,1.145815199055423,0.79663458683725,1.2943041966443132
2016-08-30,1.591895662063904,1.51288502215093,1.2970402617297037,1.1452778742592038,0.7952522050652782,1.2957713076222608
2016-08-31,1.5915999245209462,1.5183028398753913,1.3000405102454777,1.1454200583815877,0.7967850481453183,1.2977770926630015
2016-09-01,1.5733571157311104,1.5056958308297748,1.2880054184857834,1.13145679024111,0.789608885762654,1.2877912230334096
2016-09-02,1.5690084835679392,1.5022538611015812,1.2854018317070552,1.1297780828671713,0.790458149447807,1.2858610493761988
2016-09-05,1.5731924045879953,1.5087348814446226,1.29049319887156,1.136130372774894,0.7949322130831963,1.2915712429447161
2016-09-06,1.5920647290796,1.5288279659447548,1.3052187674757434,1.1512455943755275,0.8019393958370717,1.3067721121819733
2016-09-07,1.5897364999155108,1.5265338541224858,1.3071633543614471,1.1518719925376013,0.7998883795498664,1.3058585606044648
2016-09-08,1.5929011827223167,1.5302562916753484,1.3089417271857706,1.1550830857664554,0.8028067946812056,1.309050246473707
2016-09-09,1.581462580723697,1.518776141929365,1.30052275207404,1.1460480934902115,0.796214813882918,1.2993252560350173
2016-09-12,1.5418960563939685,1.4776915110854025,1.269294873546154,1.1125918847104594,0.7741445176067114,1.2647696366727164
2016-09-13,1.5464664508105974,1.4798307174060683,1.2750699299555641,1.1168114644287137,0.7776579930741909,1.2691424461398708
2016-09-14,1.54131378820538,1.4698244114307122,1.267541985745729,1.1087245878727081,0.7755531728723258,1.2625622621727157
2016-09-19,1.5559172651157414,1.4856094076191544,1.282288290425156,1.1205323172187227,0.7836405832417492,1.2759233838048742
2016-09-20,1.5539730013655726,1.4818979568531303,1.280124797731245,1.120124024042379,0.7855860089404914,1.2750752263999707
2016-09-21,1.556577546685983,1.4835661510118252,1.2808329670417762,1.124165392801888,0.7893028896137882,1.278055484669344
2016-09-22,1.565527835998892,1.4892417743699367,1.2879216640674047,1.1298767920765262,0.7927725715420487,1.284342545024756
2016-09-23,1.5600182322314367,1.4836901040890556,1.2846603475791434,1.127729081349104,0.7874234240445416,1.2796095605668831
2016-09-26,1.5267635477634376,1.455421051242228,1.2575122497387885,1.105239066962637,0.7692975963499972,1.2528735522800638
2016-09-27,1.5338712534914833,1.4647227914898273,1.2667205331422218,1.113681041866243,0.775472392305012,1.2613953097510648
2016-09-28,1.533365121332,1.4625818613177022,1.2660323982579813,1.1091225536566967,0.7754842834989191,1.259780304628226
2016-09-29,1.537381533279785,1.4690192009841696,1.2705357716884838,1.1151632202586088,0.7785760538852565,1.2648181582157407
2016-09-30,1.5452087857496526,1.4779700589833746,1.2742165329771595,1.11938267374053,0.7821016032171477,1.2704846461891977
2016-10-10,1.5682197110724572,1.5016086433506912,1.2948501226798972,1.1357118265293231,0.7965664234319416,1.2937948503187369
2016-10-11,1.5761784520842634,1.5114741195089485,1.300695648531951,1.1390188413923052,0.8040342886690355,1.3011555880143488
2016-10-12,1.578498063304104,1.5091516786802668,1.300442835512624,1.1379046609293026,0.8033057267872463,1.3005977654546115
2016-10-13,1.5786540033420646,1.5106296055442128,1.3044271039679698,1.1378208663150462,0.8044843525998364,1.302037646353686
2016-10-14,1.5750613197402967,1.5140892919961506,1.3078898255717615,1.1362582335691038,0.8001956470962773,1.3009868175916761
2016-10-17,1.5698392943357269,1.5034190125526754,1.2985582769853092,1.1296643208670099,0.791655430150976,1.2921470225873
2016-10-18,1.5995581983162308,1.5265767306404343,1.317952510451619,1.147320320238144,0.8044376951137443,1.3130915419307756
2016-10-19,1.602386943512129,1.5236483160873417,1.3190403563226736,1.1467738760810962,0.8017273716453888,1.3122590623828265
2016-10-20,1.6057750758987577,1.5288033692351342,1.3190713191045582,1.148573113164859,0.8008140913223385,1.3138209336678255
2016-10-21,1.5982591957243704,1.526832715535598,1.3191990034605585,1.1494776193999268,0.8004069443727694,1.312351119734265
2016-10-24,1.6139792737149665,1.5485222945114336,1.3354872601900223,1.1660490943918862,0.8082028369031732,1.3282423457559145
2016-10-25,1.6195050209907031,1.5519359758726219,1.3377767282492479,1.1691720007972124,0.8095042571586661,1.3313320889102491
2016-10-26,1.6171732755996346,1.541395247415129,1.3291674865400298,1.1627932545818713,0.8043271633183078,1.3242711217590957
2016-10-27,1.6137235018994662,1.5385725247718198,1.3269981786261489,1.161687197174414,0.8008760887179894,1.321400522381142
2016-10-28,1.6002895748298935,1.5308539771593295,1.3191619158353016,1.1544638629119128,0.7952691928086386,1.3128204912886101
2016-10-31,1.6060792077925408,1.5286821753583182,1.3187733023717647,1.1550094661244614,0.7968921505146502,1.31398048805799
2016-11-01,1.6152093914686325,1.5373493344799551,1.3235292221055315,1.1607126802718337,0.8031405060627068,1.3241791992181111
2016-11-02,1.6034345900318558,1.5262363187650934,1.316037157241302,1.1523542411552978,0.7962010910714693,1.3146396034977745
2016-11-03,1.6093639210153732,1.5334490574724091,1.3249408968881713,1.162935049300972,0.8063348645975813,1.324393929021631
2016-11-04,1.6018315385545774,1.5276426083598458,1.3199933437925624,1.1579423054989764,0.8053317585024986,1.3196954286883456
2016-11-07,1.5995514686643206,1.530875159690146,1.3222506908269707,1.1656547870399503,0.81147853721808,1.3241021173931367
2016-11-08,1.6064650738457449,1.5371416831598577,1.32962281425821,1.1727541877918237,0.8119932302806326,1.3295880908815367
2016-11-09,1.5972304999787859,1.5239801319258692,1.3238952079444215,1.1624459941028007,0.8079793149630261,1.3209852715600747
2016-11-10,1.6175386101078628,1.5421847547284417,1.339332980005716,1.185857487797258,0.8212018122722008,1.3402255926129294
2016-11-11,1.625284130042901,1.5530776881143393,1.3525193868780154,1.2070668231321333,0.8334092695319512,1.3548200766718181
2016-11-14,1.629884747878204,1.5629892186597927,1.3577806462764896,1.2165273420196838,0.8422807411739646,1.3633784463821987
2016-11-15,1.6341108904827084,1.567808327410435,1.3586775832248144,1.2125299819952937,0.8381230312607919,1.362864352904261
2016-11-16,1.6351016061112018,1.5710617931403248,1.3608692558877888,1.2131484649255044,0.8351081879371447,1.3631934770112564
2016-11-17,1.6297293192160018,1.5699943958260285,1.3667958281166248,1.213036364261246,0.8374966378312059,1.3640543675768848
2016-11-18,1.6240046118298046,1.5587926361306108,1.3561713110337654,1.2027670651300437,0.8287493214743679,1.3538699941631227
2016-11-21,1.6279447675290037,1.565497341838926,1.362493908176499,1.2081127129416327,0.8310908048212123,1.3589224440575192
2016-11-22,1.6376532099586194,1.5783472454927499,1.3755461848218218,1.219399193572093,0.8416897521632896,1.3713828942956476
2016-11-23,1.6353242966556456,1.5745492690842022,1.3706498523195987,1.2139447837396862,0.8369049637615368,1.366570511336053
2016-11-24,1.6300468812581734,1.5709860078832187,1.3704198647968162,1.218052771723001,0.838125913098196,1.3663477380410212
2016-11-25,1.6370090009284177,1.5788802851010042,1.3766413047741295,1.2216674686577118,0.8397546773733171,1.3714706981532099
2016-11-28,1.6399622865297152,1.5852941182684288,1.385426850781541,1.2259277866601028,0.8444394544440397,1.3773170730059596
2016-11-29,1.6406292291068538,1.5890952732775363,1.3821549839953102,1.2185034935033372,0.8362294953868079,1.3730926687675882
2016-11-30,1.6286411240616192,1.5804445521963504,1.3700134986106551,1.2045703156464123,0.8238440837323578,1.3599711307274127
2016-12-01,1.635417069736129,1.5845419765957067,1.3784875201150908,1.212125079375238,0.8328690556917183,1.3714834144038055
2016-12-02,1.6135456535035655,1.5611465029135743,1.3603005195063047,1.1999013479454261,0.8202645519223395,1.3532233576168373
2016-12-05,1.6103940276479654,1.5564349321249875,1.3536711987730023,1.1880425217231643,0.8028235839995025,1.3421187116253332
2016-12-06,1.618394234114276,1.5583285614500912,1.3538153225094949,1.1838141236048176,0.7987477339556659,1.3414935471745792
2016-12-07,1.6343358102201422,1.568955469944528,1.3658147166438632,1.1954252317924492,0.8113143046794399,1.3552083124254215
2016-12-08,1.6271739327291241,1.558658819807788,1.3608746753670142,1.1905306299448448,0.8063272115291649,1.3484878970365548
2016-12-09,1.6203719729932293,1.5551426111813456,1.3588783032243144,1.191868157058289,0.8121788475564325,1.3486207505324863
2016-12-12,1.5487116708386202,1.4972623255817163,1.3068470718671,1.1561264372291586,0.7818536569345919,1.298142933808272
2016-12-13,1.5527834809327776,1.4993000852028198,1.314249820189812,1.1618715868734066,0.7869756963543337,1.3036469613935617
2016-12-14,1.5414797571180314,1.491376827124034,1.3070046363638865,1.1541490142783781,0.7787701390027785,1.294475871165508
2016-12-15,1.5505815071187623,1.498369910665822,1.3079768009159505,1.148821082098249,0.7774321537466131,1.2957768161282819
2016-12-16,1.558879482095124,1.5091034325507409,1.3131734770873815,1.1504433468507915,0.7784335752975662,1.3007468989836188
2016-12-19,1.5527850569234012,1.506109647333094,1.3138093819991716,1.1500524580991334,0.7771076302890524,1.2988062670103981
2016-12-20,1.5483302390494151,1.5014226001973832,1.3096538224243333,1.1443976127474,0.7729043043834619,1.2937494568397128
2016-12-21,1.5587479413692618,1.5193929155161232,1.321647960820201,1.1607410616116443,0.7846216853973521,1.3085651887749858
2016-12-22,1.5580187471762905,1.5227527036996942,1.3209281477441062,1.160991350776193,0.7838474943610891,1.3086703976832077
2016-12-23,1.5392461180000558,1.5127406783760307,1.3082406614900974,1.1510634662900754,0.7742648245690281,1.2958306531030221
2016-12-26,1.5438283279957143,1.515386870161823,1.3127445355487148,1.1500615813534065,0.7765172691618711,1.2984856031416168
2016-12-27,1.5461320369184386,1.5120966486884535,1.310347149686682,1.149253645745219,0.7749942007192732,1.2971455747943947
2016-12-28,1.541420406971042,1.5083001755026069,1.3050452153992267,1.146019743781872,0.7707791712540274,1.2925075621371094
2016-12-29,1.5388326249044006,1.505291109946633,1.3014588660872617,1.1420876890389218,0.7726171857617952,1.290584183123257
2016-12-30,1.5451644032119651,1.5065175032727438,1.3057579835838788,1.1436369515223614,0.7736601908176135,1.29341426332697
2017-01-03,1.5538747653156502,1.51616113077134,1.314150132188332,1.1517966659932197,0.7835881065340629,1.3063027721053433
2017-01-04,1.5772947773637886,1.5316548933569276,1.3278540627082833,1.1628830429610166,0.7915841903990274,1.3208225657198793
2017-01-05,1.5822923311003205,1.5317980621567973,1.3324806352957634,1.1677611970035269,0.792092944217609,1.3238836188576193
2017-01-06,1.5751845680531877,1.5226282684666124,1.3257174715383468,1.164749415924144,0.7884164164633725,1.3178517832680139
2017-01-09,1.5842682932626289,1.5283008027415013,1.338095369892253,1.1757923489957078,0.7970007610071254,1.3281906668463173
2017-01-10,1.5810788966348135,1.5271774439120955,1.33147836447972,1.1721165364412987,0.7919748049268394,1.3236323834594728
2017-01-11,1.5722845489380781,1.5181585504657045,1.3206153302936838,1.1621882925772795,0.7811755801077375,1.3125776460759377
2017-01-12,1.5547738862610256,1.5071047057014222,1.3078704091240914,1.152589855796509,0.7737828595803385,1.3005483633679906
2017-01-13,1.5347120314158946,1.494251518033392,1.3004129561388644,1.1493329458351782,0.7677125133605808,1.2907038529179893
2017-01-16,1.503318049061513,1.4692864903027902,1.286900659878715,1.1386192547568383,0.7569267406779655,1.2723883228405153
2017-01-17,1.5096130066528175,1.4753965881129498,1.2948503974297911,1.1453388325839107,0.7646246416614476,1.2801803449805988
2017-01-18,1.5049961712991071,1.4757104931331793,1.2969012115761236,1.1491093370241656,0.7677567085973236,1.2817458816433231
2017-01-19,1.5020167979820436,1.468316305759535,1.2924212712231655,1.146462190439939,0.7601028524456953,1.2759171177474822
2017-01-20,1.5216064154110276,1.4831471256198854,1.3058307007606933,1.158801143232007,0.769042282575224,1.2902225442004425
2017-01-23,1.5392356853662288,1.4937761342382951,1.3154986822184949,1.1649640224158329,0.7749031500055151,1.3003202129927414
2017-01-24,1.5313541144658864,1.4958496435136244,1.3138131921381946,1.1680164588197628,0.7745840256651703,1.2995754431678423
2017-01-25,1.537298713844188,1.499318551760052,1.3178610073449184,1.1692402628608982,0.7768224103641851,1.303017081210728
2017-01-26,1.5551185679468464,1.5075188725339128,1.324125554951669,1.1742274561188388,0.7809591016330257,1.3112097624825576
2017-02-03,1.5395648502466985,1.5007551814401272,1.3149986971805403,1.1676491744609412,0.7800701378011022,1.3066677334495422
2017-02-06,1.5541805032444975,1.513727134966086,1.3238682630551495,1.174482369914212,0.7809159267980003,1.3149817877684296
2017-02-07,1.5519258802488314,1.5125710543889348,1.3240132351204097,1.1750420979123666,0.782555104482135,1.3151055377086198
2017-02-08,1.5681144909787705,1.5228029220693875,1.3326227308440464,1.1819429807203408,0.7878277126965176,1.3246578191132334
2017-02-09,1.5838079748729121,1.5304167528450967,1.341592369664387,1.1851595243874447,0.792614322181229,1.3327458221389064
2017-02-10,1.5833444948426925,1.5338272094312324,1.3513497931686327,1.1884601308088627,0.7989101407829815,1.3380501187685159
2017-02-13,1.5939787617452181,1.5442235359918384,1.3653583229341695,1.1968508665509752,0.8034162201116907,1.3478250432021264
2017-02-14,1.595980261529462,1.5448945105962841,1.3682731448037142,1.1978434798244362,0.8065073478358257,1.35011552373012
2017-02-15,1.5785841849222462,1.5317355462677433,1.3615445934505102,1.1885657637498692,0.7949775861180817,1.3375795574394944
2017-02-16,1.58968800817176,1.5413314651902579,1.3746464819139281,1.1997040060576516,0.8011013475952622,1.3482741821316748
2017-02-17,1.5815719647348134,1.5301036824323377,1.3638309752315068,1.1890918876319265,0.7937165592038992,1.337941180204445
2017-02-20,1.5933630633658615,1.548591362774585,1.3860453968977928,1.2094356872926684,0.8073113090693211,1.3566823140556152
2017-02-21,1.6086610170112634,1.5559028648329323,1.3944186153172453,1.2185518335268326,0.8111866529558168,1.365556908210138
2017-02-22,1.6183403316541045,1.5626887881945501,1.4007582014888302,1.223290364338727,0.8152283229779685,1.372056488751105
2017-02-23,1.6221985920388549,1.5658380483818304,1.3960231851436726,1.2212460788494468,0.8099108679696353,1.3700936678542852
2017-02-24,1.6307416783900852,1.5719577449798,1.39532600773879,1.2199448967700206,0.806145970209575,1.3709084686444644
2017-02-27,1.6216944915040246,1.5613295453761231,1.3859186461215585,1.2065723596709208,0.7988331558478355,1.3601890351927834
2017-02-28,1.628943556590512,1.5689413573743196,1.3931907216665582,1.211428535607392,0.801762247731797,1.3662486680378298
2017-03-01,1.6254332474575728,1.567350775706563,1.3898626943220942,1.2124471901538885,0.8044885152681274,1.3690895923565243
2017-03-02,1.6177975816277876,1.5584515487110613,1.380183953347044,1.2057023056501337,0.8010653351212247,1.3616557022742282
2017-03-03,1.6162739358584246,1.5616874510735512,1.3798374972033554,1.205682219150556,0.8035139039289808,1.3627188053774484
2017-03-06,1.629537863146371,1.573303483592753,1.3909858695567283,1.2196844517846865,0.8118771189894848,1.3751836273882296
2017-03-07,1.630518960070687,1.5775446691063755,1.3942155811606893,1.2191378691854946,0.8109786534531752,1.3763009563973836
2017-03-08,1.6283573616095761,1.570315034297375,1.389857186352634,1.2142155127913135,0.8076267900229268,1.3715717029491807
2017-03-09,1.6153151294150532,1.55424435540272,1.3786509386416963,1.2040250044928584,0.7996599410595023,1.3593501230185867
2017-03-10,1.6120128056424383,1.5534590724119792,1.3795686767788862,1.2052781675940858,0.8052847069339856,1.3610229825284101
2017-03-13,1.6255371781454033,1.565013620060902,1.3916078426938567,1.2188863374653742,0.8132442340864193,1.3734682793459827
2017-03-14,1.6230190479359945,1.5611931136679686,1.3907002558840724,1.2153490695249074,0.8098013138715995,1.3702354504751133
2017-03-15,1.6236939969854434,1.5618040718953412,1.3906822350307504,1.2166520165520525,0.8120114980648179,1.3714932826730952
2017-03-16,1.6364074931513533,1.5775008927474585,1.4017451370392127,1.2288527726747924,0.8183902230286205,1.3834824829679124
2017-03-17,1.6229180583919027,1.5594107858977673,1.3870042322968739,1.2152343119644329,0.8072760309617525,1.3683033411437637
2017-03-20,1.6267960892721032,1.564337531329469,1.3898776591693611,1.217792302115096,0.8099676590221007,1.3718765776175903
2017-03-21,1.6276119926614812,1.5651970945606881,1.3910870317828055,1.220613397221394,0.8175070855560108,1.3755863230211487
2017-03-22,1.6173460618744033,1.556132338386543,1.3830526093362163,1.21739184633977,0.8189679914952961,1.3704261983254868
2017-03-23,1.6213911330053628,1.55824583352836,1.3840533581102306,1.2211420455367563,0.8216629451604873,1.3734295021499614
2017-03-24,1.6307216800713993,1.5649956274124595,1.3939566794128027,1.2302230926423283,0.8264563630029279,1.3818096066791505
2017-03-27,1.6322689904835739,1.5644913391428588,1.3943674664936352,1.2240371290737484,0.8218285544379894,1.3791362332083363
2017-03-28,1.6266491693286305,1.5588759516002992,1.3890810057930107,1.2221894971658784,0.81941263505517,1.3749223871994027
2017-03-29,1.6221118317083771,1.5568668433655766,1.3872592237200778,1.2208450903561991,0.8219041118705269,1.37396730866791
2017-03-30,1.604197824731411,1.5378531336781838,1.373582643033914,1.204031611794609,0.8077444222611847,1.3563545189661614
2017-03-31,1.6161697381710367,1.5424277371957658,1.3767977109708398,1.2130865092775127,0.812201194404129,1.3633648601822541
2017-04-05,1.6396123032670433,1.5666128616441934,1.3982022001721923,1.2364713779703758,0.8323363836872432,1.3908549204116163
2017-04-06,1.6412390666704793,1.5660111004384336,1.4066927920895422,1.2383011527963474,0.838243722394957,1.3950991662307644
2017-04-07,1.6499608245502755,1.569877673068561,1.4089779013356425,1.236406339811362,0.8399702230827711,1.3978718243554238
2017-04-10,1.63564605123246,1.562333602589019,1.407358289682237,1.2289703382217319,0.835547264986711,1.390627869907522
2017-04-11,1.6494076294712354,1.5794058388405463,1.4234538101807046,1.2377187068575046,0.835453387186569,1.4011364906156807
2017-04-12,1.6482356678830132,1.5734151663576632,1.4172296723299038,1.2318203720151526,0.8314537542048619,1.3959721941618801
2017-04-13,1.6516350035788234,1.5755379568453263,1.4219196884432452,1.2351184267869486,0.8374033103489638,1.4005939353399566
2017-04-14,1.6348004859461833,1.5578795243007244,1.4024404553754375,1.2186223160524852,0.8262110738283249,1.3832766937802086
2017-04-17,1.6179430069355287,1.5423206874243567,1.3899381173417447,1.2078491465486498,0.8260671959440717,1.3727006789208076
2017-04-18,1.598939761382794,1.5263221361975883,1.3730914294257128,1.2025678615625144,0.8313974837005668,1.3638718327792956
2017-04-19,1.5651398422277913,1.506729909698489,1.359552356847146,1.19459509897828,0.8293792003540862,1.3494440229066065
2017-04-20,1.5561438874899962,1.504657792450364,1.3589779354563962,1.2004610098651145,0.8380010033520552,1.3515384723650792
2017-04-21,1.5573846379258773,1.5048937434473235,1.354125960972968,1.1976642248128637,0.8307218124669712,1.3478535545975565
2017-04-24,1.5061309437025197,1.4699191657645372,1.3250355039467456,1.1754319266314963,0.81482762098372,1.3167640896645587
2017-04-25,1.5088918202402597,1.4754383863340168,1.3284173453842096,1.1729383095582542,0.8242641789997445,1.3213990296949543
2017-04-26,1.5098544777959855,1.4735308765299335,1.332214177832978,1.1751033970242208,0.8264968048658338,1.3231849810481904
2017-04-27,1.5129432060834866,1.4740384999670813,1.3354966747148045,1.1790209464512431,0.8320699482297178,1.3271362841049175
2017-04-28,1.525960351767101,1.481967741134559,1.337845534364014,1.1799600453190642,0.8286700710936761,1.3304414826731903
2017-05-02,1.517858729052711,1.4723151380475714,1.3333671091183243,1.1766297365847864,0.8280980937891658,1.3280892659720136
2017-05-03,1.5173089841958174,1.4676186187806703,1.3343188079985877,1.1732639115180379,0.8234451990690695,1.3250740883785392
2017-05-04,1.5073032396034292,1.4565427467568242,1.3233889047244507,1.1684938524859871,0.8219324762110286,1.3175989940091593
2017-05-05,1.4852414195190202,1.4333434838263437,1.305794851305973,1.153427507207455,0.8133413477724087,1.299888679070776
2017-05-08,1.4561213246829001,1.4152356406497242,1.2920263794936981,1.1362486523849786,0.7990848481104713,1.2803235349856577
2017-05-09,1.4723016862016214,1.4210778709471599,1.292874283473497,1.136105717923275,0.8041065164342512,1.285981940055101
2017-05-10,1.4473178812354448,1.399811917135374,1.2696202268458816,1.1237071298994314,0.7953144868576661,1.2675342784470407
2017-05-11,1.4422956055670317,1.3895884013227502,1.2677685141779163,1.1255901309413299,0.8031370538255955,1.2673554200856902
2017-05-12,1.4417766677482486,1.3908257679444684,1.2702828683503788,1.1273100932406228,0.8061256629621818,1.2693219159734916
2017-05-15,1.4412704943097472,1.3935004505042428,1.2757719739363718,1.1340249331972727,0.8110091830206636,1.2738659072160141
2017-05-16,1.4756258360023775,1.4152704917408496,1.2898477664960597,1.1506737768789363,0.828834195209603,1.296088606097958
2017-05-17,1.4849973615878267,1.4180464424867447,1.2918344580758716,1.1506178431424352,0.8257616726313431,1.2976680863130137
2017-05-18,1.4782177603168478,1.4130576907169508,1.2840390844782543,1.1455955217494305,0.819409732010753,1.2908771835630772
2017-05-19,1.4844119639803939,1.4179972382948187,1.2859072225208483,1.1483034133889065,0.8198129257323328,1.2939772012047774
2017-05-22,1.4570359245334046,1.4004658099606897,1.275669926405023,1.1434343799054372,0.8164219301125496,1.2817723504354424
2017-05-23,1.4124887920285538,1.3703170798395086,1.2610072018085867,1.1354135478719383,0.8113045830543756,1.2620529242716363
2017-05-24,1.4249337937143898,1.3758535696697198,1.2660360421506698,1.1364226801041004,0.8149574372358735,1.2676653710200758
2017-05-25,1.4451514540050716,1.3990236636249627,1.2878576686043615,1.1480202835903885,0.8188103630598953,1.283674962202781
2017-05-26,1.4390565757636764,1.4020775789714823,1.288582838130568,1.1476593005102707,0.8161797789612547,1.2823870706608727
2017-05-31,1.4359475357713831,1.400094786489339,1.2902304657708898,1.1531307740453525,0.8173153756330059,1.2833763250012968
2017-06-01,1.3933842968510708,1.374132076473979,1.27404138044341,1.145300001401935,0.8134961969363155,1.2675106967155976
2017-06-02,1.4111573684721068,1.386316212972055,1.2823386519722955,1.1475003826313988,0.8140133285566777,1.2752900123810158
2017-06-05,1.4275938983424694,1.394582036616124,1.2865313569158547,1.1476141098405899,0.8120794194111498,1.2800361275561332
2017-06-06,1.4402099323216684,1.4033592331971232,1.291266369223033,1.1534197518261544,0.8146475660881538,1.286961699858382
2017-06-07,1.466739186960881,1.4305698049966296,1.3165621866346713,1.1722428019358664,0.8272500208312134,1.3099132127389133
2017-06-08,1.464964623157936,1.4334042664407298,1.319505434604685,1.1785874457501682,0.833196977717526,1.3140049203540556
2017-06-09,1.4725620929464116,1.4361123002274503,1.325814169140025,1.182368337258419,0.8327065926823404,1.317803621467599
2017-06-12,1.4504992163129262,1.4206771959651852,1.3134432194913872,1.1820731205995396,0.8308809560781255,1.3079246267162907
2017-06-13,1.4752369043960294,1.444131253536305,1.333345091809563,1.193410979080823,0.8335674615258666,1.3240144301086374
2017-06-14,1.4839477567112387,1.4425621979398544,1.326236486495947,1.1837108602472448,0.8226832580375992,1.318271525982369
2017-06-15,1.4993481794238166,1.4557927003558995,1.338703096688803,1.1860957509366628,0.8214655000415072,1.3260347240613755
2017-06-16,1.5013467636898732,1.4526905630273015,1.336434322770204,1.1841765838489888,0.8199641907274545,1.3244613517830865
2017-06-19,1.5214238019890338,1.4650570106630114,1.3485673893631245,1.1942085415752053,0.8259808028943965,1.3368521099286894
2017-06-20,1.5246121665831427,1.4662476118716627,1.351942217877753,1.192550940429616,0.8239474224082158,1.3372628880570392
2017-06-21,1.5250507502284718,1.472291223329188,1.3559501215132281,1.2026205368904352,0.8331875737218403,1.3445000957057762
2017-06-22,1.4986607191918198,1.4602561928198643,1.3436032778825897,1.1971795136119499,0.8275244226141589,1.3321558316361135
2017-06-23,1.5037401686207448,1.464382607542045,1.3483951083235184,1.2075711575321455,0.8334357671835576,1.3389824812525806
2017-06-26,1.5262111346219784,1.4932465000757116,1.3718473165256486,1.2254848689293099,0.8449946925339197,1.3606033521777778
2017-06-27,1.532511583465801,1.4980840508350937,1.3696572017380437,1.2274341837291198,0.8455017819857649,1.362779767875901
2017-06-28,1.5264217634251611,1.4968026189598727,1.3599528103920164,1.22383946722813,0.8399174613577098,1.3569426269327112
2017-06-29,1.5336155295798595,1.5066071262485299,1.3697863010477356,1.2294022516202914,0.8440755300825097,1.3645337506962263
2017-06-30,1.5344888589331334,1.510628330263347,1.3730433359402694,1.2321298589590006,0.8454929768744942,1.3671287823809988
2017-07-03,1.546202843576829,1.516151412366141,1.3767214328576667,1.2298550668445485,0.8399456363048357,1.3720993720516552
2017-07-04,1.5446245139978583,1.5088245866720142,1.3698282943616296,1.2235283049447923,0.8337668908342236,1.3657001039887575
2017-07-05,1.5526767197009015,1.5165292759703217,1.3820396156152124,1.2349685147945173,0.8452788655984426,1.377268759700794
2017-07-06,1.5550333982321651,1.5154472386924822,1.3841449593223496,1.2400098628058882,0.8533466695144144,1.3816582325922329
2017-07-07,1.5562064041550259,1.5237504933302612,1.3920969190207602,1.2483202970232137,0.8587469029005428,1.38855560696678
2017-07-10,1.554078817788142,1.5239765004329775,1.3901854261517326,1.2495725555105714,0.8589795192692318,1.3881861342392372
2017-07-11,1.5504081348785066,1.5183462310769156,1.3796125707700384,1.236003510089606,0.8443781445268175,1.3766775499884083
2017-07-12,1.5448636411527716,1.5128875017526688,1.3751234387951303,1.2365779457564108,0.8512100312703803,1.376152824784803
2017-07-13,1.5591814871686251,1.5279812300239286,1.3872836771257087,1.2428244969452482,0.8519536040109007,1.3855218932495064
2017-07-14,1.5625566364840024,1.5252555612814087,1.3894857777123144,1.2423650564123587,0.8556111851990809,1.3871576075875192
2017-07-17,1.531822932420619,1.4766543207650162,1.3398376528786067,1.1941905941810345,0.8320191181464855,1.3445749446870714
2017-07-18,1.5383297652966925,1.4833987713080607,1.3550048416000207,1.210076322769872,0.846510170818618,1.358232439841046
2017-07-19,1.5634962706679112,1.5155685509020864,1.3844558047397169,1.2413559731626294,0.8754409219440148,1.3907541593496826
2017-07-20,1.570504069595579,1.5196589516456367,1.3910605012631296,1.2522382075462546,0.8834963941291422,1.3990716098093159
2017-07-21,1.5659638595117966,1.5212815520773442,1.3895443014675817,1.2539784851836835,0.8879715141770858,1.4000512450281213
2017-07-24,1.5755981327876454,1.5332971610392607,1.4008475709565487,1.2593674807086759,0.8890926484063502,1.4078221160358175
2017-07-25,1.5682086029781035,1.522621811967343,1.3932198444895922,1.2569476514590414,0.8858360625073612,1.4014352670880352
2017-07-26,1.568605128162229,1.5231644206842745,1.390178938414349,1.2548601633900007,0.8855844296757861,1.4004521863768478
2017-07-27,1.5800974468534728,1.5316553096194148,1.3948087897036128,1.2568593519805988,0.8831594298235229,1.4046913753223609
2017-07-28,1.5771499281575005,1.5323553181263057,1.3976509551340763,1.2658578900242057,0.8952783050059056,1.4107149998772217
2017-07-31,1.584890300937148,1.5484884718623715,1.4147746213099954,1.2849597312557683,0.9140896557924988,1.428687699554154
2017-08-01,1.588550631297504,1.5511966917934699,1.4130795104279585,1.2782025328105813,0.904737585627621,1.428467153086828
2017-08-02,1.5751722199056784,1.5347017675231491,1.401772637091747,1.2716349445351187,0.9052800057381506,1.4194336747278695
2017-08-03,1.5717413668040074,1.5341771137148565,1.4008665265029367,1.2665964970678898,0.9123177872983758,1.4196095324218154
2017-08-04,1.5735460864300004,1.5355414843541388,1.4013186266005249,1.2668070252769725,0.9038427746564034,1.417697405157747
2017-08-07,1.5847222849765537,1.5404543980193914,1.4059122778101782,1.2745915967891126,0.9230923953257244,1.4293254119120944
2017-08-08,1.5868530479588197,1.540712272996879,1.4083017525631167,1.2777974775012775,0.922230570432959,1.4306968574377026
2017-08-09,1.5983384645626866,1.5462626676862332,1.4052309279496893,1.2774133042751716,0.9361264575712028,1.437408487577698
2017-08-10,1.5962185726876845,1.5386961797805208,1.3990440175913441,1.2691814248184197,0.921637707219784,1.428069573264667
2017-08-11,1.580238881056957,1.5200414745227668,1.3807672201227905,1.2390411614916088,0.8748965298141465,1.3967872993015897
2017-08-14,1.6074312478948698,1.543315111565459,1.4025693653037175,1.2555733121471986,0.8904086877477019,1.4189674126254745
2017-08-15,1.6107346197353583,1.5453422901983853,1.4036361791733112,1.2589798822413718,0.8910339515068989,1.4211102722359623
2017-08-16,1.617063077473449,1.5573152702821116,1.4028591042765113,1.2543273373559363,0.8849398604614559,1.4212897505213102
2017-08-17,1.6300984298509553,1.5697581303098245,1.4139813215019783,1.263253276048466,0.8973784146607825,1.4341212303526216
2017-08-18,1.6324530237537904,1.568478496174505,1.4152797311714356,1.2610208158765766,0.8913673527547304,1.4321461296015152
2017-08-21,1.6421918879749062,1.5764529455428253,1.4231976120268353,1.267623843666069,0.9053961750581483,1.442916350114086
2017-08-22,1.6366086106782667,1.569940536776935,1.4159836101809442,1.267628347386758,0.9041817713636251,1.4388922008627678
2017-08-23,1.6294049860532764,1.5630605484560218,1.4128655566519321,1.2633174630445099,0.8889024424302259,1.4298950536220838
2017-08-24,1.6173683407810828,1.5543327522464538,1.4051042254915815,1.251389915293819,0.8814478724947258,1.4195158954746292
2017-08-25,1.6332201819662886,1.5683448330816283,1.4213753103119289,1.2725048210468715,0.9011333045225484,1.4392628854333351
2017-08-28,1.6524355165522688,1.5817219390467492,1.4415753259398734,1.2891570429791883,0.9151590383895657,1.4574399845748318
2017-08-29,1.6433937446880202,1.5782312472096738,1.4413836755795157,1.2844153686230741,0.9140948543250548,1.4537421876975458
2017-08-30,1.649735853016236,1.5825331783759387,1.4436065006740133,1.290248722166611,0.9299776041567711,1.4624703818812164
2017-08-31,1.6497510402269815,1.5857581780389964,1.4432941822653123,1.2892235658764202,0.9381989726987248,1.4653527041113783
2017-09-01,1.651121549961881,1.5850659912044505,1.4463440373061471,1.294343783727548,0.9560775117821237,1.4762810338437715
2017-09-04,1.6558561744992033,1.5898540922001558,1.4570586805075436,1.2993642083721189,0.9641405293314114,1.4838421148748517
2017-09-05,1.6596685548491905,1.5893625028368932,1.4575649309910492,1.2969061290888682,0.9607572999839343,1.4829339402649275
2017-09-06,1.6643830979537972,1.5953123199153976,1.462131314054108,1.3023243448263995,0.9655821447016447,1.4885444078308503
2017-09-07,1.6534087907658706,1.584612589097945,1.4501742291937552,1.2920305397820828,0.9554107901936894,1.4766609009064502
2017-09-08,1.6589878057800505,1.5854616571001052,1.4525906544654899,1.2941882530291815,0.9551092916169358,1.4787077946185885
2017-09-11,1.6845472738351237,1.5982144147414077,1.4567624772400727,1.3042384211171822,0.9622623666525159,1.491003871667562
2017-09-12,1.6830592300669107,1.600038698421156,1.4518201006519997,1.3060956074270398,0.963767060645439,1.4909600528041047
2017-09-13,1.693211515235301,1.605154265637247,1.4580668713100564,1.308767223697887,0.9659170121281451,1.4962703125029444
2017-09-14,1.6891707555306061,1.6008752467658451,1.458958402708086,1.3045463807937874,0.9616658396127877,1.4926592050725964
2017-09-15,1.6802838763068706,1.5959468797892065,1.4578597915633187,1.2984704938618916,0.9494520256411836,1.4847627987992116
2017-09-18,1.6945223436219974,1.6075109081143397,1.4651632373916057,1.3093715492686366,0.9567466358034161,1.4956929384805588
2017-09-19,1.6856453505054745,1.5965554187264444,1.4608496037933036,1.3016170621564567,0.9532417368935221,1.4883390325812045
2017-09-20,1.6936380665362736,1.6076880919087186,1.4726591276321144,1.3141096217408998,0.9665909315713772,1.5012579043180063
2017-09-21,1.6799338721230983,1.5950168979857657,1.4611016067985536,1.2995915414026862,0.9571705570033259,1.4878621550008213
2017-09-22,1.6711911293028006,1.5902863663982754,1.4569943083927235,1.2968980224808977,0.948241250711941,1.481201716432923
2017-09-25,1.6574451270817838,1.580368254102134,1.4463460288216743,1.2834303374193887,0.9368125206246185,1.46810569058702
2017-09-26,1.6680468717661905,1.5859654196878559,1.4503706953784672,1.286572128393247,0.9427171526622311,1.4744102139853568
2017-09-27,1.673642312175732,1.590885116549273,1.4543320116714955,1.2963248337679263,0.9568736644007018,1.483782993167335
2017-09-28,1.6688536777794514,1.592396902054588,1.4517400746695064,1.2943509153832147,0.9569423191276055,1.482256447956442
2017-09-29,1.6750349563835956,1.5977612591760677,1.4608680852428664,1.2986091762924434,0.963050821691214,1.4890847612979796
2017-10-09,1.6939279848547228,1.6155988666286387,1.4716795247150622,1.3081357097699793,0.9704332769067731,1.5057379051300752
2017-10-10,1.6957713172702926,1.6198651827703467,1.4800420652956983,1.3195340189368405,0.9686053021536124,1.5106216147754226
2017-10-11,1.690722873534204,1.621557040606668,1.4810966001102657,1.31977581147596,0.9639511309871974,1.5088505722976522
2017-10-12,1.68837734334018,1.6186336766987977,1.4801669418692796,1.3216809470347342,0.9632215811957479,1.5079031558891491
2017-10-13,1.6966719402373556,1.6269775076118915,1.4851960059363325,1.3285495100476576,0.9669402248276929,1.5146969388464178
2017-10-16,1.68779853731287,1.6151286503684172,1.4785557009383998,1.3164957212005373,0.9512943580612834,1.5019123975487132
2017-10-17,1.6741929442606105,1.6074574502590862,1.4771512611211766,1.316045099840994,0.9535159722307839,1.4983586271456122
2017-10-18,1.6583788382644589,1.6051840776955146,1.4792704744935834,1.3144394042060745,0.9554067093465558,1.4957370670465462
2017-10-19,1.6343590673254353,1.58496094507464,1.4664223347944794,1.3058991319098285,0.9500090465720148,1.4813872093619866
2017-10-20,1.6559467745828185,1.5973454404308263,1.4704657374870496,1.3156513919442183,0.9616103343721872,1.4942780748038578
2017-10-23,1.66255468943756,1.5984512412239877,1.478304019248122,1.3227806267094815,0.965580504011374,1.5001241351916685
2017-10-24,1.667625211293451,1.6054310829036138,1.4836970036191248,1.3189318682799862,0.9647762355190405,1.5023261963480918
2017-10-25,1.67477210920379,1.6096948631169332,1.4887342393070822,1.3281979671325084,0.9726782653276231,1.5100011066708274
2017-10-26,1.6877779716136625,1.6171218828920666,1.4924836022635886,1.3313905537508313,0.9800407970473631,1.5175215633727233
2017-10-27,1.6768260616982456,1.6119225629321259,1.4862686644966046,1.3258676691796494,0.9782303103125299,1.5114843342836561
2017-10-30,1.6458144408665398,1.5922451480741677,1.467761080918284,1.302624729912518,0.9645077085875918,1.488887110486459
2017-10-31,1.6581295864334087,1.5945771780105353,1.4690655629041698,1.3113168526965673,0.9755710486622673,1.4972249458157958
2017-11-01,1.6595112581176936,1.590663129194356,1.4636405486104613,1.3039962919031163,0.9758252972862562,1.4971969926497586
2017-11-02,1.6477740652913815,1.577252033099635,1.4560412985110558,1.2991528148226914,0.9727304773554144,1.4889405984590325
2017-11-03,1.6269398008406883,1.5600586310533024,1.4490460031017742,1.2894665361660138,0.9730687057071831,1.4783881500206473
2017-11-06,1.643041557922172,1.5654647167558058,1.4547978558491828,1.3083753173001065,0.9987348107011952,1.495690239922551
2017-11-07,1.658322611847498,1.5783399227237238,1.466922155626183,1.3171089587907454,1.0054121612605322,1.5074234302513503
2017-11-08,1.6702965944018335,1.5849819961296479,1.471182890533943,1.3151663806448985,0.9979401369499763,1.5090514531804085
2017-11-09,1.676730015822622,1.5891465305567618,1.4818082368514547,1.3270097247988262,1.0105670462184277,1.5197313305397553
2017-11-10,1.6738527101606988,1.5850008933893476,1.4751856922226774,1.3400534412248901,1.0303383809571758,1.526025299423162
2017-11-13,1.682023946697112,1.5854968416121336,1.4825412233032111,1.349902265154705,1.038101149421734,1.5336832823296416
2017-11-14,1.6801858874753803,1.5788459852314112,1.4733778089141158,1.3437770191563008,1.0210448609954381,1.5237182792132418
2017-11-15,1.6565651218133672,1.5571080379939282,1.4607010829294267,1.333396085583912,1.0098921121749296,1.506923370947976
2017-11-16,1.6399568419231472,1.5471293680942162,1.4626544100557473,1.342614919443643,1.0260411395863434,1.5092860733300875
2017-11-17,1.5922208314830035,1.5142984676322468,1.447156925264195,1.3268215388365554,1.0066858977402,1.4816123485470711
2017-11-20,1.5965498226758172,1.5177756770865627,1.4505956238421198,1.348647993760714,1.0236440916249196,1.493679728125173
2017-11-21,1.6042557056780087,1.5201784050408171,1.4560945409443906,1.3589823112884194,1.0400286041651832,1.5038220279441754
2017-11-22,1.6113835715446796,1.5330896356037256,1.4659967397371194,1.3597604614481775,1.028106001494395,1.506446983743459
2017-11-23,1.5851928160889017,1.505021115824999,1.4334303449070984,1.3181069051851246,0.9797538628489743,1.465909633256161
2017-11-24,1.6027137513107492,1.5112078367030213,1.4356857734640944,1.317194845386414,0.9745963636156894,1.4690752748030704
2017-11-27,1.5876453554573107,1.5035036853285373,1.4208726991553449,1.2956590822073537,0.9505282269607803,1.4496983182985799
2017-11-28,1.617574346383359,1.5219962100725706,1.435658844798938,1.3120090354717153,0.9662875878332493,1.470236347494764
2017-11-29,1.6293146285390834,1.5294678285097199,1.4438607719336765,1.3141015356606836,0.9632277886566495,1.475023784143552
2017-11-30,1.6160203315788986,1.5211192344819413,1.436482895814938,1.3022069291163827,0.9514630718942468,1.4632111827640246
2017-12-01,1.61545146807305,1.5223551637892714,1.4417714672769208,1.3028196516401989,0.9587071029865685,1.4700966519098941
2017-12-04,1.6008450967100472,1.5154258532776104,1.4384569495028057,1.3017757328084303,0.960669341783864,1.4657702824078465
2017-12-05,1.5586949280932965,1.4911506400043866,1.4197065612101218,1.2887585344477346,0.947538142444275,1.44256164018206
2017-12-06,1.571948016346458,1.4992025808782528,1.4244642400311478,1.2925126383992616,0.9544376219825282,1.4504903962026916
2017-12-07,1.5696516609917253,1.4962261252296736,1.4206564800727066,1.2812916663266072,0.9388527628736572,1.441475064429072
2017-12-08,1.5891126518499061,1.5107396083013684,1.4306538457534528,1.2901364991483275,0.9475411739632863,1.4545434375171233
2017-12-11,1.6119232260158463,1.5273385298994597,1.449180210895637,1.305971318491607,0.9622522613319319,1.473773384676293
2017-12-12,1.6000247081899592,1.5125156658011287,1.4362754177614354,1.2896677386761841,0.9504996713409101,1.4588415757193665
2017-12-13,1.6108281508526865,1.5251463261085836,1.4441063002653145,1.2999775631626826,0.9618676501624556,1.470656510518281
2017-12-14,1.6095313833995144,1.524216515179092,1.4394855980039754,1.295788059061393,0.9645367985650787,1.4691682445727403
2017-12-15,1.6052185611408556,1.5165591488478982,1.4293177575958183,1.2840997734987145,0.951235227290752,1.4581423981214239
2017-12-18,1.6007334649392881,1.5121637360686575,1.4287197747874785,1.2823859106760274,0.9439503607948257,1.4537384547764454
2017-12-19,1.6111129895703036,1.5221304510324825,1.4366199744447574,1.2923726516442018,0.9597561018792696,1.46627344281528
2017-12-20,1.5988163587098683,1.509606449222721,1.4298174124048415,1.2861189713321872,0.9581237490061115,1.458308761475063
2017-12-21,1.6031345860079989,1.5141097428188832,1.437827440116013,1.2935032893581928,0.9725231915346945,1.4676464065415729
2017-12-22,1.6050343490936838,1.5148687924519342,1.4369795477538914,1.2935016042370449,0.9743483149437422,1.468520706382964
2017-12-25,1.5903706946064995,1.500570767675448,1.4273977714191282,1.281868255839188,0.9667169467917118,1.4561626736249607
2017-12-26,1.6028388773497855,1.5075525185315444,1.4316761473056179,1.2902276385096116,0.9706193766529342,1.4637571584400786
2017-12-27,1.5967840617819542,1.4990140117909638,1.4186753777013108,1.2790945691609243,0.9571325433270138,1.4517552593939267
2017-12-28,1.6040820980770316,1.509103288459751,1.4254430498587576,1.2899618108786743,0.9626394902063679,1.4605542186749274
2017-12-29,1.6149397819655775,1.513943698940993,1.434644910945087,1.300772757736374,0.9699549925128219,1.4700230266601113
2018-01-02,1.6297637181701945,1.5297569639123425,1.4486115685114327,1.3181295940760656,0.9903083107086031,1.4921141126087132
2018-01-03,1.6494339453416789,1.5499596367698767,1.4596170060704403,1.3283730188342304,0.995224628761584,1.5057208334280454
2018-01-04,1.6604748415845685,1.5571114519813578,1.4660628386280345,1.3354405979300352,1.0040215008989282,1.5147319031558564
2018-01-05,1.6581862890798942,1.5594129252028857,1.4681685884676507,1.3332239630161582,1.0028047850022845,1.5143204806985244
2018-01-08,1.6699689418019077,1.56265407123808,1.4739707909406063,1.3492078118617228,1.0096189806140552,1.523991715110934
2018-01-09,1.6623430772309435,1.5574129663223224,1.4764187826163746,1.344355950494422,1.0165878992877193,1.5231033168132664
2018-01-10,1.6508435153411802,1.5484467250540992,1.46685762176544,1.3409411484956113,1.0133931770959637,1.5155381178853318
2018-01-11,1.6567918630577276,1.5523949968237911,1.4706881071818834,1.3432455666696925,1.011339555831978,1.5180953367107834
2018-01-12,1.6470233992297207,1.5492530843820562,1.4660840424897352,1.3431302103558203,1.0102137357883574,1.5143691321767858
2018-01-15,1.6044893351741358,1.5185168675953808,1.4346609257058396,1.3193900558642409,0.9968073956424356,1.484674697817694
2018-01-16,1.6149592983243204,1.522835810964635,1.4446637445304606,1.3320963171475584,1.0075710127884063,1.495601596915238
2018-01-17,1.630677670562599,1.528614148775427,1.440401772469643,1.3250486858555126,0.991945890419818,1.4925387541834534
2018-01-18,1.6353929219751449,1.5388512976896904,1.443666192497148,1.3314521951189546,0.9959406308328101,1.4987178069409826
2018-01-19,1.6482691102930747,1.5429558381327226,1.4403740995149894,1.3324602661502405,0.995142944733045,1.5011930782632696
2018-01-22,1.6560742609554278,1.5508629656949764,1.4527939385805748,1.353089330312195,1.0113812945268341,1.51629282842945
2018-01-23,1.6631118000484435,1.559370542617114,1.4615348098063146,1.357758811727439,1.016428683187858,1.523628232702469
2018-01-24,1.6834555138543874,1.5709940180375277,1.4651790447226778,1.361395228582282,1.0175278481947225,1.5315424133435203
2018-01-25,1.6795875645593275,1.573058872466569,1.4657053890168195,1.3624904647677147,1.015125756424752,1.5308618967396268
2018-01-26,1.6774099539412273,1.570896813434513,1.4626668590768013,1.3612479989990964,1.016382547900254,1.5295149902718943
2018-01-29,1.6562529472127714,1.5604299297001096,1.4460367075526641,1.3476591269465725,0.9943076640345268,1.5104113043937863
2018-01-30,1.6449113748008146,1.5543522715406892,1.4415440662128507,1.3489406649745879,0.9898026137103303,1.5051316386903504
2018-01-31,1.6038470159513856,1.531071686942858,1.421799309209503,1.3365293012771886,0.9858549690416647,1.4850072611152791
2018-02-01,1.5561312283752518,1.4870255788812965,1.3805423491629,1.2921554959103605,0.9578341926412441,1.4440648164158385
2018-02-02,1.5593205826450822,1.489437492560386,1.3847288317400412,1.303793274086271,0.977318395094071,1.4544606991193187
2018-02-05,1.5460264574949696,1.4832496353568885,1.3807881669594302,1.310215252645834,0.9853251624624144,1.453734380976307
2018-02-06,1.457633485361494,1.4161022597955932,1.3257194111854969,1.2588473100394095,0.9398541667947208,1.3874993854212365
2018-02-07,1.46443307474829,1.413860223113016,1.324406992653103,1.246131157217456,0.9171921186354957,1.3786196153031443
2018-02-08,1.49685658369504,1.428932926980278,1.3322387746275859,1.2430611520249848,0.9055060161872233,1.3851551789252687
2018-02-09,1.4480510517761074,1.3753499581923352,1.2762728539783468,1.181335956835591,0.8591857087757594,1.3261996256366433
2018-02-12,1.500463115106381,1.4127373830918601,1.2977202559199297,1.2050402820945123,0.875185732306579,1.3577656318912137
2018-02-13,1.5132426217233448,1.422446547339553,1.3029383353861281,1.2174289686276698,0.8867902264538452,1.3694288298813402
2018-02-14,1.5171545137693094,1.427299294508107,1.306704026880939,1.2259591434830666,0.8955754497576471,1.376487342672462
2018-02-22,1.5534437002137171,1.4526231686615731,1.3267075592661346,1.2535303137143519,0.9218013585392503,1.4064307704645627
2018-02-23,1.5554683285747701,1.456912701978156,1.3306882614572966,1.2596278821140892,0.9301694119895015,1.412384587659189
2018-02-26,1.6068704326700807,1.4896940164107109,1.356547237524032,1.2799599064473703,0.9435735621742776,1.4422320831457742
2018-02-27,1.6204208863613592,1.4934133779958998,1.347915180991992,1.2669732144507628,0.9251795366566938,1.4350426164609886
2018-02-28,1.6296769261290003,1.4941361677984453,1.3479900007542802,1.2643590120466064,0.9199273719954927,1.4346344854622675
2018-03-01,1.656085911514761,1.5108225623385418,1.3518369673305246,1.267889545347685,0.9226964272722656,1.448214292865943
2018-03-02,1.6489815941645896,1.50189983519836,1.3438185213327285,1.2590015893546567,0.9128089319465844,1.4384062999107625
2018-03-05,1.650590292716575,1.5031369437959665,1.3388415493100245,1.263305689383562,0.9193511287100524,1.4409210192479682
2018-03-06,1.6813600089985645,1.5306252391339872,1.3595841346700988,1.2831078028406528,0.9277766313337786,1.4631863830243692
2018-03-07,1.671303124103032,1.5196096059648547,1.3460619795825062,1.2704662875336579,0.9175326447484705,1.4503088387907885
2018-03-08,1.6829191543609565,1.5295052925553898,1.3563653186571272,1.2804175087817888,0.9190164120511616,1.4591701079451067
2018-03-09,1.7006645735944266,1.544388097720591,1.364698976204068,1.2957553851556904,0.9303308074726591,1.473981636574586
2018-03-12,1.7213450741542196,1.5635604637459686,1.3798270998439761,1.3118014529638902,0.9481596669944343,1.493801764126381
2018-03-13,1.7084617321564595,1.5502811917039074,1.3710332524756967,1.3035096896791873,0.9385929930462039,1.4822169135150423
2018-03-14,1.697648973332222,1.539168659245298,1.3633501599119837,1.2957711999589334,0.9275088463404338,1.471288139171305
2018-03-15,1.7048984089237216,1.537291067355333,1.3594936901817103,1.2939437401950995,0.9284118331874844,1.4712338923567814
2018-03-16,1.693504084742026,1.5310419098809016,1.3508437849450026,1.285997501009593,0.9182624649044278,1.4611738257325926
2018-03-19,1.6902798505185106,1.5317631722252152,1.3491003855784238,1.286314709243264,0.9173503139712202,1.460161670013053
2018-03-20,1.6943213138634987,1.534156165351887,1.3497903517807615,1.2891579432885256,0.9178443692533721,1.4622712745547228
2018-03-21,1.6983325203476693,1.528705729245702,1.344284067607124,1.2836647752361492,0.9074218935724252,1.4561642011700497
2018-03-22,1.6942574762774305,1.5254833251467756,1.3370039119049075,1.2766968565838859,0.900236727484682,1.449389839519778
2018-03-23,1.6297679276302846,1.4627552711113452,1.2794881472234048,1.2287559619348165,0.8566411754721002,1.389047570334834
2018-03-26,1.6378689486215812,1.4739832583051158,1.2902924410333676,1.2433750196761566,0.8761107686279651,1.404534285409571
2018-03-27,1.6662020394135373,1.4985356301761639,1.310656424707144,1.264635833012668,0.8974668623401829,1.4301644403626146
2018-03-28,1.634758070509957,1.4780642636349768,1.2964404267794427,1.2485967676846967,0.8844692950974797,1.4099761774864754
2018-03-29,1.6633313681695843,1.4956000858681728,1.3120681081467918,1.2577510253665798,0.8895163573026281,1.4253229369945832
2018-03-30,1.6679324713002446,1.5074663688586463,1.3257868748654296,1.2734205956034812,0.90468727235086,1.4397660932823657
2018-04-02,1.6702545364851833,1.5075530799366987,1.3303601259971423,1.2725029261960723,0.9023015791802826,1.4435964627767093
2018-04-03,1.651604771504626,1.4986359582995434,1.3191900605315015,1.264384684692332,0.8979118787936837,1.432997514253189
2018-04-04,1.6435502298993006,1.4947536035787548,1.3124986690748204,1.259203392882352,0.8928505279133544,1.4266156268663561
2018-04-09,1.6408680555956205,1.4934450391189313,1.3132922045352322,1.261938783346241,0.8976260426696026,1.4282202476148673
2018-04-10,1.6827635864757953,1.518717259487675,1.3246047914002579,1.2659863483291427,0.8944346318579933,1.442713093070718
2018-04-11,1.6891909040717328,1.5301422024354625,1.3291093668554115,1.2719248781150594,0.8996515991174557,1.4500088021674205
2018-04-12,1.6729393328085116,1.5153591690060098,1.3204459953427243,1.2642713677737687,0.89686909215317,1.4398832280792464
2018-04-13,1.668647907433645,1.5077019999866055,1.318110555326061,1.2581626886520143,0.8905361986634588,1.4337472524182053
2018-04-16,1.6369618128268013,1.4907498419366194,1.3083179974594228,1.2542019799166213,0.8947491578503506,1.4234022279700767
2018-04-17,1.6133196599735622,1.4676578994682405,1.2869332521870895,1.228453169023682,0.8777779250738508,1.3989810248269323
2018-04-18,1.6286699518632122,1.4728638124987135,1.2989199201311195,1.241624376100008,0.8943677210477815,1.413533070547925
2018-04-19,1.6570891446433564,1.484634307781987,1.304376865453448,1.2512888582323367,0.9025907630508079,1.4267288113834593
2018-04-20,1.6181452517436528,1.4576262681644798,1.2830076137959565,1.2254717740911834,0.8922971128084333,1.4010103581715896
2018-04-23,1.6213013203415236,1.4514687023209492,1.2777666918851323,1.2137278917133143,0.8688702507408169,1.3891733647900708
2018-04-24,1.662187486355656,1.480788185853126,1.3057770025010764,1.2413911504924813,0.8900669455508406,1.4209959382472135
2018-04-25,1.6570212805277982,1.4777863526099235,1.3025808245753951,1.2376003609938928,0.8993323108019043,1.420938970837324
2018-04-26,1.6271083204747203,1.4559529750727902,1.2810749131047012,1.2141664984259921,0.8881031964302987,1.397989701951914
2018-04-27,1.6320965987531828,1.4615683291520782,1.2884072936432258,1.2165196601698254,0.8914927319492733,1.4031282524222854
2018-05-02,1.628532056159018,1.4604178532967353,1.2845102567123872,1.207836744530215,0.8921496272516657,1.4028259286704816
2018-05-03,1.6425886882684007,1.4784476029140223,1.295570510295193,1.2170574511799952,0.9010722561429886,1.4160717273042522
2018-05-04,1.6431808180757117,1.4742777199218726,1.2971558438116582,1.2171361408647132,0.9004041792752906,1.4155360056311093
2018-05-07,1.674133397011239,1.4999571227003086,1.3167065713625339,1.236768186386598,0.9212837185715071,1.4412068437130752
2018-05-08,1.6956668808958573,1.5123313938303307,1.3230533375590963,1.2446913508951591,0.9208311342003941,1.4503806404032424
2018-05-09,1.6942180449559567,1.5100445861910932,1.321292077566318,1.2430691322223453,0.9188816504210251,1.4483157347075224
2018-05-10,1.702131929808479,1.5156439917976294,1.3279752646699678,1.2487446439314904,0.9202386475077319,1.4539568091736983
2018-05-11,1.7001034611995076,1.509403429846575,1.3197838183925819,1.2407520316369527,0.9129163398672221,1.4464447886935385
2018-05-14,1.7013369459913013,1.5110455309912758,1.3203288447728252,1.2429245922376964,0.9111331229225552,1.447023998718851
2018-05-15,1.7108724632444245,1.5202270628218642,1.325832114145368,1.2539903114254407,0.9245358105174555,1.458447003621324
2018-05-16,1.7093851683451207,1.5149742761280616,1.318615571550497,1.2480156744784499,0.9208232060529064,1.4530393422293972
2018-05-17,1.6991553318094115,1.5072561896714272,1.3176166840142172,1.2398140704295513,0.9156058990297126,1.4460495803765208
2018-05-18,1.7096339051045657,1.5202160321147562,1.3319118364678288,1.2528654680866627,0.9222070047414735,1.4585815247342377
2018-05-21,1.7391136752975056,1.5355782509657667,1.3440555525924043,1.2618915344075603,0.9316079251782277,1.4743079914119839
2018-05-22,1.74379788180102,1.5358997787991384,1.3446007093039496,1.2622772400016413,0.93631190082235,1.4768718902302982
2018-05-23,1.7207302723324838,1.5200786772351584,1.3284856827503737,1.2482945043235556,0.9258276091121921,1.4597969419332217
2018-05-24,1.7110250581031705,1.5111281961419205,1.3222044883836859,1.2402484229275021,0.9217235387401933,1.4518793033453992
2018-05-25,1.6988824748034117,1.5004997110925917,1.3137843674746459,1.2325828783440382,0.9114108451558341,1.4408774243812317
2018-05-28,1.6888088195495858,1.4908473697365392,1.3092839557121179,1.2317368501252015,0.9090531571453814,1.4353829090924362
2018-05-29,1.6769347418924645,1.4831867837637036,1.3013802975018969,1.2225287435883583,0.9005007178068932,1.4253050248313202
2018-05-30,1.6297532721104,1.4444241075696804,1.263983337181036,1.189861788343469,0.8829658867992892,1.3884788283929426
2018-05-31,1.6568816307384446,1.4702381182489017,1.281150865072797,1.2057986067749746,0.8992060829089762,1.4106648644259834
2018-06-01,1.6366375856908668,1.4559290406248515,1.271920595736263,1.1933555551610169,0.8834084640024656,1.3977429256583946
2018-06-04,1.6364662725548496,1.4522415536228441,1.2710068475956413,1.194351075533777,0.8887224280851592,1.3987330935917515
2018-06-05,1.6644580437174,1.4666132348573826,1.2876432490126408,1.2064992088144426,0.9065515790253774,1.4184328512230042
2018-06-06,1.6655120295550927,1.4717039758760635,1.2878642084583622,1.208917905409243,0.9103665294325768,1.4214103559891726
2018-06-07,1.6607620040599749,1.4674377110287489,1.283926063440343,1.200786994464474,0.8996794532126021,1.4136456895637513
2018-06-08,1.6346492496371614,1.441836964577061,1.264855555565829,1.1879353999783577,0.8943900286153351,1.3953929779827694
2018-06-11,1.6314312109584361,1.4382398674577255,1.260900316926049,1.179992785105883,0.8847702748364166,1.388398926143198
2018-06-12,1.6452572816034792,1.4497907630636566,1.271080520794749,1.195385676634703,0.9012070295348812,1.4040187234260204
2018-06-13,1.625986851623463,1.4288180766306482,1.2577394173672127,1.1827821391410527,0.8903021062359389,1.387361624632846
2018-06-14,1.6288620228171073,1.4310251512914176,1.259101848990916,1.1795982062558368,0.8832929206929665,1.3856392224699394
2018-06-15,1.6022350954827622,1.4176105195271516,1.2471039863831657,1.1660756930832439,0.8673923394398925,1.367679746590077
2018-06-19,1.4906563409414644,1.3350474683132803,1.1768622983980894,1.104123879495536,0.8290407769453488,1.2906627588464317
2018-06-20,1.511149392479091,1.346618464731904,1.1845468340592131,1.1080526799639778,0.843085816992741,1.3034560380623739
2018-06-21,1.47272584360338,1.3258664510876552,1.167044491341743,1.0887207119257032,0.8308467618144862,1.2806119024213587
2018-06-22,1.4964975967144147,1.3420401205107042,1.1774476549754869,1.10200692733987,0.8416571698245144,1.2966229897766217
2018-06-25,1.481055932440935,1.322820670283986,1.1650850961695887,1.0943957800500406,0.8412079643029551,1.2855982613003702
2018-06-26,1.5020242872815686,1.3223550226684266,1.1642742969435007,1.0963926104264625,0.8384541156711102,1.2886135770510023
2018-06-27,1.4940927733499778,1.313466849464081,1.1528552525616382,1.0885145838985262,0.8212047576575241,1.2758221225065998
2018-06-28,1.4828992643714771,1.3006817680355465,1.1415143691651537,1.0782910192146826,0.807119121311833,1.2621346443171098
2018-06-29,1.5363273329569147,1.3341409480527096,1.1675625739514308,1.1063692161532934,0.8346599425858735,1.2987027105272766
2018-07-02,1.5046702813066333,1.2987698760547202,1.1406133332677368,1.0818077185801647,0.822540720934493,1.2738642658716948
2018-07-03,1.5265823123442548,1.316021899477324,1.1551455514992381,1.0867209606408432,0.8220385558530012,1.2851956921954388
2018-07-04,1.5128591674938288,1.2977987272426086,1.1408014827771125,1.075882801352246,0.8111209152710858,1.2701586723028366
2018-07-05,1.4724712594892344,1.262766544578472,1.1182848299003953,1.0550811377825065,0.7953765352121167,1.2416558703110776
2018-07-06,1.4774799333480828,1.2690170276535304,1.1199761562492487,1.0558110532564662,0.7956083946229355,1.2443513072323031
2018-07-09,1.5094852920703832,1.2996882799311904,1.1475592844172855,1.0821818582779057,0.8208338195789094,1.27599541465887
2018-07-10,1.5156147592506461,1.3105375837741031,1.1548422660078779,1.089370967417433,0.8279359993587112,1.2846862971698705
2018-07-11,1.4726573164795802,1.2859345714399733,1.131642252469471,1.0679276455599862,0.8153012134159038,1.2584390794847564
2018-07-12,1.5108567971265803,1.3211635082321438,1.1602997188461506,1.0958725338495743,0.8348549767658094,1.2908600266930954
2018-07-13,1.520985202643103,1.3248103585233824,1.1605351263022619,1.101335211124934,0.8412266395286547,1.296624914560918
2018-07-16,1.5251848434735356,1.3236250522758242,1.1583153207895691,1.1010984597335003,0.8396321646543542,1.296069769622333
2018-07-17,1.5275499087013047,1.3254124858341474,1.1542671620906741,1.0969319797430197,0.835811355034804,1.293760206168839
2018-07-18,1.5224675288302905,1.3197782404479617,1.1518448347607186,1.0932811442823622,0.8301523466641914,1.288638061189641
2018-07-19,1.5082274043932464,1.310767635388383,1.144859713032537,1.0882469948671583,0.8277153986204298,1.2809619059737678
2018-07-20,1.526627462466067,1.3321946474157613,1.162962969177076,1.1077153666217412,0.8391140749020882,1.3004360382986846
2018-07-23,1.5498108215680602,1.3503687592060631,1.1828607015368544,1.1193089979608535,0.847989943747324,1.3178467062953114
2018-07-24,1.5876528737910047,1.3725165087514943,1.205398583214658,1.1385226650198617,0.8612420464834883,1.3422690099664536
2018-07-25,1.5870973441721603,1.3704750413553586,1.203274732842527,1.1390054032023549,0.8648316167370813,1.3425411642543552
2018-07-26,1.5841755426114252,1.3622921112371884,1.1965759437260115,1.1296370674607963,0.8547963998280631,1.3336215268179432
2018-07-27,1.5751452429762365,1.3584010210703104,1.1920463914484882,1.1268585591146043,0.8520164058204311,1.3288066144931892
2018-07-30,1.560694867557447,1.346319273067671,1.1849881876755406,1.1199007142040251,0.8474587090197353,1.3193652412905061
2018-07-31,1.5646203917534356,1.347465967712139,1.1836746921022427,1.123302817269838,0.8460192619040312,1.3203198113123427
2018-08-01,1.5302234035025037,1.320103645947081,1.1630207604597766,1.0991907457130776,0.8272557124786383,1.2959856951103514
2018-08-02,1.4837361773560014,1.283751210593973,1.1315028383629582,1.075257754191608,0.8150024301085654,1.2644685607114539
2018-08-03,1.4537879528605955,1.2623143134000212,1.1244643794165579,1.0648548200200738,0.8056971474320546,1.2482357002062205
2018-08-06,1.411301334817927,1.234675047667196,1.106942919628787,1.048629593043973,0.7935035960608,1.2239970923756127
2018-08-07,1.4482634320761485,1.2709813976849877,1.1405604081516658,1.0787435204881703,0.823328881299731,1.2612797286965778
2018-08-08,1.4223600770643763,1.2512848896502644,1.130537901686114,1.0684587483089933,0.8114388168811388,1.244590310947136
2018-08-09,1.4649255491370319,1.283140599238027,1.1533478731348805,1.0928275414878201,0.8310072007803205,1.2750805967534447
2018-08-10,1.47798719704031,1.2896380617312406,1.1563924087262873,1.0952395477998524,0.8300281372688819,1.279580727973093
2018-08-13,1.4797290078544798,1.2933755395044442,1.1602950466293378,1.0983128650414467,0.831695408821088,1.2827177073614153
2018-08-14,1.4784433159942838,1.2892993162918165,1.1584020118997378,1.0935655334660832,0.8281554136773615,1.2790716833711124
2018-08-15,1.4348870956179074,1.2618066141195874,1.1365055475805232,1.0753156247911733,0.8099463106507484,1.2513366268096997
2018-08-16,1.4228148838309707,1.2516851049875906,1.1288829746971867,1.0665051005803161,0.8006195409606953,1.2406101126754339
2018-08-17,1.3930259619815388,1.2302354095106138,1.1150670822419144,1.052892009766801,0.7865048848606676,1.2205790727261427
2018-08-20,1.3970782905091814,1.2398808116279247,1.1237618745322737,1.062550373357391,0.7942811922493414,1.2297545525510993
2018-08-21,1.4281171148423335,1.2563604694366428,1.1374551005562188,1.0748028147163238,0.8083290573269876,1.2486861376905891
2018-08-22,1.4131319503446536,1.2441720184103642,1.129157772760374,1.0678490412806299,0.8015996087470767,1.238124324730032
2018-08-23,1.4209459851838167,1.2499733277399914,1.1326650597490764,1.0729013212690657,0.8056417437976381,1.2438371811894082
2018-08-24,1.4169459768538246,1.2447468652785474,1.1349494144831673,1.0738982839492328,0.8058185813777548,1.2428886842521387
2018-08-27,1.4517737021150077,1.276507050383558,1.1552921282936661,1.096687224680396,0.824487857371824,1.2708260889328153
2018-08-28,1.4558302872856301,1.2805189954883065,1.1564243425334366,1.0965156853243632,0.8277606490854837,1.2735568108552644
2018-08-29,1.4491014115028458,1.2739540120433472,1.1513042469225268,1.0925672755928264,0.821467754365055,1.267088559653773
2018-08-30,1.43546847013791,1.2588723705155906,1.1374652721563534,1.0779143597172682,0.8119216929555537,1.2523197384748297
2018-08-31,1.413718792479418,1.2488544196187537,1.129593138338507,1.073763331516784,0.807193660303017,1.2423645189402244
2018-09-03,1.4020436931111833,1.2475368793484993,1.129984704438752,1.0728233931577906,0.806700389678933,1.2424937200650232
2018-09-04,1.4125078922750967,1.260554190692944,1.1444822737454015,1.0854165839729195,0.8176051053287489,1.2564020368067528
2018-09-05,1.3890645249284683,1.2386295974912132,1.1277360307037334,1.069650891481734,0.8048538106549195,1.2366136983340814
2018-09-06,1.3727825813494727,1.2297029962026593,1.1253884332900668,1.0660544749530343,0.803313361169322,1.2301045915477038
2018-09-07,1.3800943573045568,1.2332318911575364,1.125979120252761,1.0674907997510565,0.8027968027036086,1.2324256759238277
2018-09-10,1.3545612748363818,1.2096755140838087,1.1037930206264772,1.050857412669268,0.7901675603034694,1.2105853740600891
2018-09-11,1.3506899557962155,1.2067875580974439,1.1019044949351977,1.0520113229942478,0.7946973355947912,1.2105622427746612
2018-09-12,1.346926293824009,1.204906032904633,1.1001959731855129,1.0502756426800286,0.7923930260357761,1.2080294885922611
2018-09-13,1.3502731874334022,1.2141245542028105,1.1129680470380596,1.0590345885647907,0.8047072023010409,1.2190521335097384
2018-09-14,1.349229880554475,1.2110147468791916,1.1070002176367422,1.0548366213441838,0.7964157213124544,1.2134485895518947
2018-09-17,1.324244712765027,1.1907129507052963,1.0922298974098035,1.044677002360574,0.7892254764663671,1.1971176962781935
2018-09-18,1.3529489345503276,1.2150198675116861,1.1117167736537847,1.0619570636704296,0.802451785682875,1.2194421255321068
2018-09-19,1.3756174283288143,1.2308678912926476,1.1247675077243144,1.0721096270314907,0.8139059927187849,1.235397775310672
2018-09-20,1.3794699282514071,1.2297953524464202,1.126054305041052,1.0713942524591116,0.8110632010364253,1.2351285994017436
2018-09-21,1.4145521765573033,1.2546286755791805,1.1446543196146834,1.0896725594329562,0.8250890086920258,1.2589760635773746
2018-09-25,1.409279216503198,1.249229958352463,1.1407527468286822,1.0868579206548068,0.8223729918484335,1.2546162363684537
2018-09-26,1.4238400706409016,1.261520894432134,1.1470020243702148,1.0925012695827707,0.8281137049458958,1.2641123228539062
2018-09-27,1.4118090292239758,1.2505314225746083,1.1381332061749045,1.0827994330393949,0.8200323887306152,1.2531043226440717
2018-09-28,1.427618612554844,1.265668134556795,1.1472692428450963,1.0929645146140088,0.8263381680671992,1.2652349017728073
2018-10-08,1.3681337402071023,1.2191786218575444,1.1097649677485157,1.0572761518026943,0.7962672273059244,1.222323120362034
2018-10-09,1.3643904466151966,1.2180227647692758,1.1098799855863826,1.0551443270365413,0.7972217945384192,1.2212455040371035
2018-10-10,1.3649311727423483,1.2163758948121528,1.1119804899465333,1.0552565248487786,0.7970271849725094,1.221436332595684
2018-10-11,1.2616637976959928,1.130257509106603,1.0406214360207695,0.9943163371213535,0.7543861005954101,1.1428048862777382
2018-10-12,1.2535009281677536,1.1202755136152702,1.041610256014538,0.9979112790105573,0.7643523408964663,1.1433695648583428
2018-10-15,1.2324265315365661,1.099343083473369,1.0250750174907113,0.984036308541162,0.7517798620173268,1.1246801486377735
2018-10-16,1.1948077972550073,1.0781482457907958,1.0041208366708751,0.9663000662584031,0.7408251064594483,1.1015472100225858
2018-10-17,1.2104696309685632,1.093853752017963,1.013401649017117,0.9686972839070053,0.7416871612315024,1.1104809755737717
2018-10-18,1.178352413783092,1.0629062108922127,0.9849142097948104,0.9460918103416551,0.7199465762693493,1.0803705271239519
2018-10-19,1.2121324444474382,1.087157616208813,1.0056833251747301,0.9720158876234247,0.7422394608731193,1.1086737601000813
2018-10-22,1.2818023632850712,1.143912979733917,1.0563595748179178,1.0200498136301197,0.7752412961852795,1.1649845683282496
2018-10-23,1.2556552051347538,1.1220120430548197,1.0405024320658653,1.0011207069852688,0.759788462643019,1.143296688472438
2018-10-24,1.2520369082477805,1.1258034745621461,1.045381252957876,1.0046453736749845,0.7572378817738318,1.1445116014092087
2018-10-25,1.2473280280461019,1.1274556168356304,1.0498416663523817,1.0067196582211884,0.755056102131472,1.1447669478718776
2018-10-26,1.2492000188581915,1.1320005576721912,1.051466266959123,1.0024474943451016,0.7471152893620674,1.1430011199449688
2018-10-29,1.224978786442463,1.1131419636644797,1.0355364189832785,0.9847848597751865,0.7297898503928715,1.1219603925612056
2018-10-30,1.239421207756331,1.1287322177384225,1.049117795797412,0.9949368336888952,0.736468451697023,1.1350550983214294
2018-10-31,1.2645451097176823,1.14782870211317,1.0645706990191885,1.0068946945257031,0.7511521509093589,1.1541004698915827
2018-11-01,1.2754229457471036,1.1495773290608433,1.066439751971797,1.0110903165427285,0.7528535285028519,1.1608172348814791
2018-11-02,1.3348375061427313,1.190799769208931,1.10243061541748,1.0358378361559817,0.7714040397994466,1.1992078541681224
2018-11-05,1.3384609978344895,1.193055570783223,1.102841468505031,1.0330938867816797,0.7708277122481029,1.1995913975678516
2018-11-06,1.3343464365414082,1.1949465457444415,1.1036889547662228,1.032242302779574,0.7680268335766158,1.1983375460928654
2018-11-07,1.333309741655116,1.1885836559567962,1.0972074471061004,1.0264508182569207,0.7607502007479673,1.191853698858995
2018-11-08,1.3208958637435555,1.1803375548196604,1.0906381337614786,1.0211723073245664,0.7561961442509824,1.1838958298875593
2018-11-09,1.3133340162974623,1.1745216568261685,1.0835118290659538,1.0158648518491635,0.7496940617514558,1.1765552461504647
2018-11-12,1.3468240338656952,1.2028502397224115,1.1087957472595908,1.034375754633356,0.7611476790082886,1.2016006778995527
2018-11-13,1.3708064149855435,1.2200648878791667,1.1232111425051168,1.0469482114615711,0.7708386376858993,1.218430734420797
2018-11-14,1.3621874461696823,1.2134226943370778,1.1161982310546892,1.042615254168638,0.7649683965152619,1.211181077720884
2018-11-15,1.3871962258356254,1.2348943057356414,1.1302764244895147,1.0558609936897525,0.776550128162505,1.2297221266947027
2018-11-16,1.406381856887051,1.2491856639005277,1.1347653913115372,1.0607807270464413,0.7816942200135355,1.2397325044120278
2018-11-19,1.4150219225091252,1.2507347090385228,1.139502790459122,1.0684118906596738,0.7912600457568968,1.247431480291531
2018-11-20,1.3764901795060536,1.221149508772989,1.113186063969051,1.043540240627904,0.7680062907912739,1.215819520147673
2018-11-21,1.3807465815965607,1.221032853245654,1.1148484474660698,1.0466380564990925,0.7694623725632335,1.2180973154973702
2018-11-22,1.3833320797841242,1.224984586485437,1.1170402101403014,1.0422867061436072,0.7662872372229479,1.2177983534511125
2018-11-23,1.332092422833013,1.178654235883387,1.0820551887466383,1.01068951938872,0.7459125693415676,1.178081344459988
2018-11-26,1.3220613248763,1.1753026559127624,1.079533798186231,1.00627481592353,0.745651963957662,1.1739743579513515
2018-11-27,1.3318582103207703,1.1805027843346776,1.081394586307997,1.0086587238608795,0.7460262898872008,1.1778351664524276
2018-11-28,1.3493183701189537,1.196428006672788,1.0945040820612406,1.0201691886870372,0.7585759642952222,1.1936154741677203
2018-11-29,1.3223441438512442,1.1756069410787586,1.0753235883661767,1.0063976500468268,0.7444555099333615,1.1728296886664744
2018-11-30,1.3395329973119579,1.1856995268042068,1.0838201687180353,1.0138549669872683,0.7529794046127016,1.1841820727770898
2018-12-03,1.3877853040793489,1.2215606084721329,1.115356642629673,1.036351102730284,0.7695513890836981,1.2201576825118807
2018-12-04,1.3930187496617188,1.2262929286200763,1.1193867281427972,1.0422212073333266,0.7734799803175659,1.225531344893413
2018-12-05,1.3843943934339122,1.2183843460432,1.1116603803603375,1.0350875366815446,0.7704673759301406,1.2181118748349087
2018-12-06,1.3595987991529788,1.1974805325224616,1.0904145303672155,1.0143763061939786,0.7540262257837665,1.1948365984074805
2018-12-07,1.3617448389705527,1.1986783869011177,1.0941806798406322,1.0148390378959358,0.7535824765185691,1.1962487201907768
2018-12-10,1.348496513139556,1.1859079439446332,1.08409942500939,0.9992952825111734,0.7451380485419802,1.182830783637697
2018-12-11,1.354949759960927,1.192864406494396,1.0921063277445577,1.0068357822265108,0.7503084286329237,1.1905234058993657
2018-12-12,1.359700030069082,1.194842859588751,1.0936413524276103,1.0094011293680403,0.7491283506218708,1.1923171263274268
2018-12-13,1.3764362999452147,1.21035863810142,1.107997394096147,1.0251455627251271,0.7556957189586999,1.2072810014617927
2018-12-14,1.3531610848569235,1.1864830398382713,1.0872006863304562,1.0025581484384585,0.7354641251518566,1.1821187967506421
2018-12-17,1.3514136016006284,1.1872581942399782,1.0885413459925315,0.9976250068313796,0.7314921227177097,1.179820180754152
2018-12-18,1.3427155008914793,1.1775624258998378,1.0820045724479614,0.991427267969033,0.7269396397364062,1.1720257223225432
2018-12-19,1.32850631415316,1.165660079843305,1.0695417175430852,0.9797656477084,0.7136528271038556,1.157427286710048
2018-12-20,1.327841726359778,1.1618550558483096,1.0683335777377383,0.978837819915823,0.7187526432774395,1.157740262271278
2018-12-21,1.3196183789748983,1.1511892653304037,1.057002375625161,0.9722355570316144,0.7106935520197314,1.1475629333367772
2018-12-24,1.327745362603853,1.1576752359357128,1.0675146780922835,0.9810002388803417,0.7188158932042628,1.157249273389934
2018-12-25,1.3081135338866627,1.146324779881074,1.0562607281654819,0.972783404755866,0.7115154362160934,1.1448210131045156
2018-12-26,1.3034243355898094,1.1414426888951879,1.0530755431695558,0.9712742036659932,0.708601746520415,1.1410400162829197
2018-12-27,1.2940163236613902,1.1353479318251494,1.0468246567442339,0.9643542053304127,0.6993848841994375,1.1322186972630908
2018-12-28,1.2935790632898674,1.1413158149637268,1.0544276834839872,0.9703753436463891,0.7017270491747549,1.137143015739827
2019-01-02,1.2748358629856478,1.1277335665304935,1.0444278491720338,0.96001524955825,0.6937929531363148,1.1266828166133709
2019-01-03,1.2761217247781336,1.1306417432042584,1.0456225596043316,0.9539657329111467,0.6853662301523294,1.1235881414326765
2019-01-04,1.318631711032988,1.1654894341888566,1.0725457865909538,0.9754619963237579,0.6971007188783017,1.152693858723184
2019-01-07,1.3434082198501445,1.1830800948599312,1.0901900530413986,0.9921008709367615,0.7089969318194653,1.1721679876385267
2019-01-08,1.3413525922804237,1.1810594157634549,1.086046635798337,0.9902851113957342,0.7047789646478937,1.1686885367444848
2019-01-09,1.3483904067501746,1.1835296057706446,1.0914479227246123,0.9958677570472467,0.7067108744442179,1.173525893697195
2019-01-10,1.3439452688879703,1.1801807515976679,1.088991528761563,0.9948306094900966,0.7049719167078138,1.1707358134373336
2019-01-11,1.352662324564389,1.1890423888289414,1.0973889569716426,1.0018944601025643,0.7080191212675102,1.1784897340497558
2019-01-14,1.3421802248109929,1.1847849454875532,1.0925970154507882,0.9975095448803382,0.7035495628582826,1.1722645547930521
2019-01-15,1.3640420633592527,1.1985926817872081,1.1066133370143028,1.01073418385157,0.7139371018906286,1.188399367509631
2019-01-16,1.369786783749468,1.1938571685098442,1.1023185491417469,1.0092491395402239,0.7143958319657454,1.1873509822378991
2019-01-17,1.3639485015532313,1.1852664402606727,1.0955274181688746,1.0022753272104716,0.7111707012395033,1.1804599814760073
2019-01-18,1.384695367677384,1.2045093815350705,1.1108738220969843,1.0154085927775631,0.7177764175777648,1.1964727630307088
2019-01-21,1.394925462447714,1.2124409215707743,1.1142214254549374,1.022735475024381,0.7219344785998646,1.2036461171573247
2019-01-22,1.374579679373227,1.1964019031958901,1.1001132699204,1.0095642137317238,0.714665543643557,1.1883800359947734
2019-01-23,1.3717731166019351,1.198965563193717,1.100949018342756,1.010679468826608,0.717752391049314,1.1898720299033454
2019-01-24,1.3814742904902522,1.2065622495537152,1.1059149757966662,1.0147697899977115,0.7200655441826059,1.195865524676806
2019-01-25,1.3831338883136093,1.2099213319086644,1.1064757576448523,1.014064616484304,0.7208450611231534,1.1970323787400632
2019-01-28,1.375180929031472,1.2051691411380518,1.1034370599660142,1.0160163230732067,0.7216327711307476,1.1947762070508372
2019-01-29,1.3592130029644713,1.1937796773231775,1.0961137426138394,1.0085638297292272,0.7198191660401694,1.1858083381955948
2019-01-30,1.345380487148838,1.1882240825362929,1.0870431449771332,1.002460223776337,0.7119401055184001,1.1762847355736956
2019-01-31,1.3350246011556868,1.1816492676936152,1.0850755472549003,1.0024318549253095,0.7089074350209252,1.1717324384658063
2019-02-01,1.3728516816427365,1.2064082626105999,1.104576261080909,1.0198904753060283,0.7219482333657491,1.1987208496281638
2019-02-11,1.411427229437717,1.2346120745951468,1.1271900065010956,1.0412799333988643,0.7404013977629537,1.227136766706759
2019-02-12,1.429498081357921,1.248899477785628,1.1390490270871538,1.04941309254441,0.7460307728997257,1.2394909562010419
2019-02-13,1.463897003913884,1.2774120414920496,1.161499715384776,1.0686320271268221,0.7553044663354758,1.2636347293677335
2019-02-14,1.468425136054893,1.2821488745818672,1.165107052766809,1.0695564755888227,0.7589276894520667,1.2675694401345419
2019-02-15,1.4669095277575865,1.2771385965996742,1.1570493699146827,1.0535682225928977,0.7476366493268322,1.2570208242513539
2019-02-18,1.5161198655306,1.3166128998413982,1.1931771650094796,1.088777758451423,0.7768108055729984,1.2992868456773894
2019-02-19,1.5268787766110203,1.3207405010271145,1.1925981863705355,1.0841791740489404,0.7727822474291092,1.2993923305541824
2019-02-20,1.5270579523147803,1.325211477318666,1.192462832688578,1.0824499885288938,0.7782618251229366,1.3016970485536261
2019-02-21,1.527307954296816,1.3218421096384494,1.1867947713126974,1.0806775517018288,0.776861273859916,1.2989513653950293
2019-02-22,1.5592797015881736,1.3528445267613969,1.2129383522058328,1.1074271363736612,0.793298944562557,1.3281290926166818
2019-02-25,1.6474773051744347,1.4308390847954526,1.2822260359932376,1.1677072511376347,0.8345030852645902,1.4018992394831862
2019-02-26,1.652339048390167,1.4360257037382707,1.2810705625713208,1.1595191417141235,0.8288447130128976,1.3996358185584405
2019-02-27,1.6501326805457972,1.435633230353406,1.2795203606024146,1.1549418219593126,0.8215140080101803,1.3952708810775158
2019-02-28,1.6540412798281396,1.43529942405012,1.2782811407442107,1.1498628259483892,0.8237716773919461,1.3951432298608417
2019-03-01,1.6586885167009908,1.4471613833104449,1.2922640435705668,1.1586309015067644,0.8389474200508735,1.4116365798934771
2019-03-04,1.6855345539012758,1.464808945529983,1.3085461722832954,1.1733454140936574,0.858538438517349,1.4334091289002775
2019-03-05,1.7026998183602406,1.486800164251152,1.3317649020546856,1.194852256820604,0.8818296605910682,1.45875716135081
2019-03-06,1.7300571325417655,1.5075365108440257,1.3544135887059296,1.2117206954923339,0.9020856891380226,1.4833116266659339
2019-03-07,1.729633888580326,1.5094497729817036,1.361642236558819,1.218667915481216,0.9095831647071813,1.4893650982323887
2019-03-08,1.6610693435613146,1.4412443114712492,1.2985064423735573,1.1694385325801162,0.8765233636607418,1.4274478179725782
2019-03-11,1.7084280205847566,1.4917369754614447,1.3448795037144523,1.2130583026188448,0.9058302067503173,1.4759617622433325
2019-03-12,1.729309927709361,1.514640793198402,1.3633371641494383,1.2348969695833225,0.9234626498142386,1.4992144630490098
2019-03-13,1.7065409180418323,1.4893771635103172,1.3455042940443145,1.214012357669652,0.896555127468148,1.4725155545115076
2019-03-14,1.6825523126157615,1.4675101883973058,1.3271500164791523,1.1907197383350216,0.8699381538997508,1.4456195643562715
2019-03-15,1.700238454074982,1.4852435905293977,1.3473695112007458,1.2085175399275268,0.8780089704990979,1.4635467506101796
2019-03-18,1.7438584537507607,1.5277941924208898,1.3845011497866944,1.2432679578773735,0.9026977015656428,1.504151154538762
2019-03-19,1.74058351479203,1.5344879645590321,1.3845850868964007,1.243353144329298,0.9042404832482399,1.5054515204864758
2019-03-20,1.7369893511634162,1.529975700420571,1.3810381388606914,1.2395714267014988,0.904004250889202,1.502184725218088
2019-03-21,1.7449075156413263,1.5415029031460634,1.3917967720114888,1.2475528576593757,0.9146385040591469,1.5136302444815601
2019-03-22,1.7458661750662792,1.5490519394055706,1.397349570499837,1.2536222298178483,0.9100269186370185,1.5164085636502591
2019-03-25,1.7249042166225828,1.5349951585405055,1.377421107924818,1.238684184148032,0.8962115518197348,1.4974650141435635
2019-03-26,1.6979074353006867,1.49825457196235,1.3506594586600373,1.2010158509311857,0.8749931097212423,1.4636097080433454
2019-03-27,1.7103570365537584,1.5136968471851988,1.3667554794946797,1.2075740397855825,0.8790328502304625,1.475199989657216
2019-03-28,1.6968870975536918,1.494095392239736,1.3584420530307737,1.1986415755677298,0.8720953982609017,1.4627535462828087
2019-03-29,1.7368283828547009,1.539020861479253,1.399619822906562,1.237241373646791,0.9132844304280019,1.5105581212904624
2019-04-01,1.7849375377341623,1.5873753074364887,1.4435231319705253,1.2831047774255013,0.945772896489806,1.5630850564171972
2019-04-02,1.7925640459484806,1.592238781752727,1.4469078659020576,1.2847661174524223,0.9488737465385033,1.5675455911429241
2019-04-03,1.8130736019607472,1.6128062486115817,1.4675315262062394,1.3004037450125232,0.9560818213550625,1.5858428653199106
2019-04-04,1.8273417149215447,1.6267721947006817,1.4746821753479107,1.3084422238414717,0.9641145900166366,1.5972546854097753
2019-04-08,1.829783235450921,1.626678100199356,1.4714716821143725,1.3013689876343533,0.9603665192931082,1.594003259678197
2019-04-09,1.822870806485922,1.6235661167614606,1.4715909733963894,1.3066297717636686,0.9589072927261613,1.5930083405678717
2019-04-10,1.8241862934675193,1.621853110790447,1.4754014638295747,1.3102821109389542,0.9573714812151495,1.5941062073235255
2019-04-11,1.8007475435107276,1.5955296640536885,1.45115004999656,1.2791228778737531,0.9321580396974134,1.5636220014221887
2019-04-12,1.792829441857916,1.5935126338508319,1.4516999908742934,1.2785607224750288,0.9330626520680395,1.5621355102512744
2019-04-15,1.7811881741157665,1.57952207537172,1.443822398078119,1.268664103976237,0.9259380654427669,1.5508711583625001
2019-04-16,1.8214559516601845,1.6115490116826734,1.4738041488341915,1.292341459621807,0.9477006375066072,1.5837030939153771
2019-04-17,1.8357199064919192,1.613145298807471,1.4809356654822636,1.2955535812085879,0.9513318569198179,1.590045305028496
2019-04-18,1.8250928610780703,1.6078307057399284,1.4694872557280017,1.291514861685415,0.9508812067459455,1.5835506261881853
2019-04-19,1.8436847113278665,1.6237263745811537,1.4851666686288885,1.299863423512963,0.9529858071602959,1.596033681508076
2019-04-22,1.8130747742284006,1.6011021600649795,1.461319108870585,1.2778260950994935,0.9418157203491901,1.5720101595026879
2019-04-23,1.7958142021767678,1.5784980252704026,1.4399210413590149,1.2610045201588875,0.9335999432175579,1.553103328252387
2019-04-24,1.8098932805937682,1.5933516102868417,1.4524805724607115,1.2720152222367875,0.9411491301699083,1.5663915744271402
2019-04-25,1.7547705643051714,1.5454396901698002,1.4009300428009697,1.2304551019786647,0.9135717706368307,1.516894644439011
2019-04-26,1.7249696588983545,1.5230273982533646,1.3816670467089398,1.2190803564496504,0.9092097013044999,1.4989182963593115
2019-04-29,1.6929992142422314,1.4964475170541887,1.355745431684148,1.1951646246448975,0.8921575242070262,1.4710019520791844
2019-04-30,1.7013478041921843,1.508312898565273,1.3712318055675328,1.2069574206587206,0.9021509796632187,1.4843454343842875
2019-05-06,1.5974528257445761,1.4073126149190345,1.2736645017009498,1.1139104073597403,0.8341332962554884,1.3833876547535802
2019-05-07,1.6216962310096341,1.424655009308491,1.2890647521911085,1.128050838618701,0.8469803318534007,1.4021195255088212
2019-05-08,1.6249170797654238,1.4210395836588763,1.2826183752379916,1.1157805333563455,0.8346755721421771,1.3934609031223135
2019-05-09,1.6182023995322676,1.4077550311606413,1.2708383944061805,1.0982889258254593,0.8192922810837615,1.3776588934921812
2019-05-10,1.6767857960737744,1.456140917881944,1.3076966215377734,1.1311949363570584,0.8544073547536327,1.425164770496535
2019-05-13,1.6559502554185872,1.4370139760803236,1.294077538732405,1.1192831433766344,0.8469074600311677,1.4094031613391518
2019-05-14,1.6432543906033399,1.4266397736943532,1.2883566525411414,1.108542560554446,0.8414560799665647,1.3994399247987799
2019-05-15,1.6745407892367166,1.448391077868312,1.3107804483747902,1.129572042817778,0.8666339792814367,1.4275889156064852
2019-05-16,1.6889513904285132,1.463301254541892,1.323444393737722,1.1374003392588692,0.8702058308916252,1.4389011236724247
2019-05-17,1.635362556072748,1.4175232735765086,1.2868341765139415,1.1070580443627687,0.8400750493221056,1.3951611539460538
2019-05-20,1.649101049526449,1.4198919605010891,1.285619312252671,1.0986086519594978,0.8279228146824043,1.3915723851138353
2019-05-21,1.6777802769067882,1.4449780942209098,1.3066733122755805,1.1163751919676723,0.8427519883815566,1.4153741164451672
2019-05-22,1.6753361185595932,1.436691461905281,1.3020353439855286,1.1132203074804692,0.8383281331510078,1.4100541436033271
2019-05-23,1.6461705724415492,1.409080344445237,1.2797341222478478,1.0964989110614627,0.8208955188629136,1.3847956926159957
2019-05-24,1.6271347916378378,1.399799861131806,1.2728097483311438,1.0940017882339677,0.821420819849453,1.377798990413361
2019-05-27,1.6762221358585976,1.4339433587326564,1.3000871045133962,1.1142596853085256,0.8344152248593568,1.4082227805757026
2019-05-28,1.6774708981108153,1.4370515326758377,1.302949641977822,1.1176203849425348,0.838585361209251,1.4119150101057782
2019-05-29,1.6806269870864392,1.438588427598145,1.3027292247109257,1.1152213737733014,0.837511184923405,1.411738283797649
2019-05-30,1.6631783761665029,1.4287603182829716,1.3011611618818943,1.1131265710130436,0.8332333927564493,1.4045507982687035
2019-05-31,1.6606714491412602,1.429392301260464,1.3029336508461868,1.1122184337981422,0.8301230179586845,1.4033546888835968
2019-06-03,1.6367550763506518,1.41954335825755,1.2908017174010065,1.104711978528424,0.822117712010195,1.3935730249305676
2019-06-04,1.6241822453845522,1.402950685625444,1.2761112496580114,1.0928523852854932,0.8069776927612705,1.3768731005704096
2019-06-05,1.6216401329148096,1.4041707424654268,1.2729666280184875,1.0903235720708317,0.8052765565117119,1.3747809764125345
2019-06-06,1.5929030563257707,1.3838654064578022,1.2513099397328618,1.077949089017416,0.7936308352344461,1.354146368682467
2019-06-10,1.6147360262523796,1.3974872230290762,1.2631824139546282,1.0884415260158447,0.8046501962610951,1.3694987499934541
2019-06-11,1.6757508217016301,1.4461249036542325,1.305904098073876,1.1213238916882988,0.8327565006724627,1.4164962271508208
2019-06-12,1.656981943104305,1.4369952212285688,1.2978754481992694,1.113642006042046,0.83318816717287,1.4080022536498245
2019-06-13,1.6647409158576763,1.4410362725887236,1.3029777624593484,1.1155119992428162,0.8310064725548053,1.4109544932675961
2019-06-14,1.6335380012575393,1.422256226669858,1.287560892452793,1.1013803421112751,0.8199643376157528,1.3913183391156552
2019-06-17,1.6364421086859224,1.4261047593248595,1.2917316720460557,1.1011978054128213,0.8166456483255001,1.3922919136677638
2019-06-18,1.6360285103943715,1.424037964330224,1.293077453780685,1.1005342332969508,0.8156425978121152,1.3916011648340008
2019-06-19,1.6716178679725469,1.4426460923692042,1.3075291068629917,1.1129975014635276,0.8227107133388109,1.4099722468238234
2019-06-20,1.7161975267501972,1.4772730008669577,1.336317945783006,1.1331080047764601,0.8356864714518601,1.440014448224845
2019-06-21,1.7379246404853348,1.4940533123732491,1.348782151728104,1.14382985100002,0.8424031433655285,1.4546568538097489
2019-06-24,1.735391291918109,1.4938967737779918,1.3515672879041043,1.147192237406267,0.8479229274243106,1.4575678911920047
2019-06-25,1.718563355728763,1.4801125759864444,1.3393646955571168,1.1399546813329107,0.8431171355664756,1.4459267812976369
2019-06-26,1.7189977716102007,1.4832043754340871,1.3365222015077505,1.14167584773325,0.8401748200541606,1.4454054089095743
2019-06-27,1.7469967399860398,1.4928750521240113,1.3438644595903488,1.147894639315646,0.8499902493068637,1.4585563988977268
2019-06-28,1.7320549328777284,1.4812955524845983,1.3331370361529271,1.1411016777878387,0.8477665598490451,1.4489823120984398
2019-07-01,1.7924979500543563,1.5161978976842088,1.3670431836440509,1.1634119504439973,0.8627735094428254,1.4873652902641168
2019-07-02,1.7951593574439906,1.5171742804282637,1.3694290154224718,1.165066411706015,0.8607747809448402,1.4882457059254495
2019-07-03,1.7785180247118462,1.5083242834668604,1.3624060804416243,1.1555580367505933,0.8521021953657562,1.4767841599448883
2019-07-04,1.7811291155246116,1.5081827334194897,1.3591504191916859,1.154556038687857,0.8421017968895189,1.4727479031397421
2019-07-05,1.786446215459693,1.5119580494049276,1.363209029868377,1.156167924547742,0.8482424860271648,1.4778130161927696
2019-07-08,1.7254182811972583,1.4658430281454138,1.3253914127344824,1.1224354162053956,0.8270971792066009,1.4345093369382624
2019-07-09,1.7324619833343393,1.4709616119004705,1.3289408995616228,1.1243757875711289,0.8264811197167844,1.437729769734673
2019-07-10,1.723476305899201,1.4619064823710524,1.3226791310635548,1.118147568030135,0.824123144099848,1.4307050961984837
2019-07-11,1.7250463883433418,1.461598632792075,1.3242794849280526,1.1217621491455496,0.8249264155100703,1.4324540522895164
2019-07-12,1.7422416948498245,1.4715338749316234,1.3294498079494754,1.1266992199199406,0.8288533445620965,1.441008270434469
2019-07-15,1.7608759915548466,1.4888692955942018,1.344428583714261,1.1378069494367276,0.8352858178553567,1.4558051008753838
2019-07-16,1.7636351053816366,1.4920885386726102,1.345034135504589,1.1361086615482276,0.8321699631741938,1.4554963497743079
2019-07-17,1.7657364103482056,1.494704961747619,1.3462109194830423,1.134716205894946,0.8295302009343816,1.455323157027424
2019-07-18,1.736984857439683,1.4750854358604282,1.3293363507461637,1.1185767222929226,0.8191687806156104,1.4353355181129333
2019-07-19,1.742936430798244,1.4829559049324808,1.3410357783432476,1.129434722803528,0.8299757937427866,1.4469522087069442
2019-07-22,1.6976820155947265,1.455675775429771,1.3203692198912513,1.1125866672583629,0.8202188735186319,1.421927244979968
2019-07-23,1.7191003280875041,1.4693020121472913,1.3319560429211987,1.1220147622199799,0.8254444779001864,1.4348965698765042
2019-07-24,1.7362165368186984,1.4814390156435222,1.3431378624081403,1.1322023746588439,0.835525265650259,1.4486525187722035
2019-07-25,1.7446529345548751,1.4841242908856376,1.3478462150438406,1.1344116916282203,0.842563124630553,1.4546213204596832
2019-07-26,1.7508642427605718,1.4861582123546198,1.3506606441442628,1.1379998563303306,0.8471148858290695,1.4591628487206798
2019-07-29,1.7490920586289904,1.4879150915239447,1.3512204312952039,1.1372361520241265,0.8471917933820057,1.459161424342016
2019-07-30,1.7608551917998725,1.4951962334609328,1.3573949631178204,1.1432379967149957,0.8479289592843763,1.465676001993292
2019-07-31,1.7526408306503511,1.4893212067888524,1.3506417896130238,1.1393650401395903,0.8452832815346693,1.4597913647508851
2019-08-01,1.7405702396609235,1.4790217029490154,1.3425969803023008,1.1262297019454954,0.8350655705491146,1.4503248361343641
2019-08-02,1.718665858005633,1.4569956428632589,1.3225299614886576,1.1120549212127548,0.8245660097759103,1.430726716170697
2019-08-05,1.690168802587,1.4392560957481066,1.3029373579058396,1.0956081813408434,0.8116806473892902,1.4095483988975765
2019-08-06,1.6492838752711574,1.4045038284124187,1.27685784914261,1.078929056545207,0.8020163012812896,1.3826368187016846
2019-08-07,1.659100697574171,1.4018182162959736,1.2724475883892805,1.0771927851288956,0.7961058578956689,1.3803211950343357
2019-08-08,1.6722861760939565,1.4093508701082305,1.2829304499709993,1.0879609079705284,0.8043489653413525,1.3918951391184262
2019-08-09,1.6554398285831182,1.390457940191102,1.2736349094932038,1.075376479724539,0.7943492271293676,1.376659498309534
2019-08-12,1.671251207435844,1.413540402052705,1.2941688223427676,1.0889953767292584,0.8137496321130127,1.3985161598459908
2019-08-13,1.6637164880422282,1.4074410983053467,1.2876832431695002,1.0838570483530214,0.808664164619196,1.3915765383993046
2019-08-14,1.6723656718188677,1.4132976721878272,1.2930536868916693,1.0908380325459937,0.8143300171777682,1.3990886774673768
2019-08-15,1.6751899162277835,1.4136277780160897,1.2941151304953749,1.0935467169982704,0.8202631465339966,1.4026005698034858
2019-08-16,1.691761527773617,1.418542043887069,1.2975868411751805,1.0979150672349507,0.8214182897367461,1.4086263203040743
2019-08-19,1.7384869849698399,1.4594925261458846,1.3374256427776283,1.1258711178714769,0.8453822698096303,1.4485825718773522
2019-08-20,1.7370966496303692,1.461856950880856,1.3407229768060869,1.1286011193249634,0.8420897442030274,1.4490934504220825
2019-08-21,1.7284055938740497,1.4578586050896036,1.34096051154814,1.1285196791958878,0.8467448124598171,1.448487121264015
2019-08-22,1.7369518944138531,1.4621845356655427,1.3465970501191353,1.1326679501542383,0.8460670028762325,1.452824686446138
2019-08-23,1.7381984983737493,1.4647749910016021,1.3444511746412457,1.1376606999805676,0.8471036171867918,1.4547198903514138
2019-08-26,1.7215621542931274,1.4581646491869744,1.337634065994693,1.1339122816824,0.8416923259394701,1.4463174062995439
2019-08-27,1.7512986047868426,1.4856817787380978,1.357574270846847,1.146899642695483,0.8558006893829722,1.4692528447549342
2019-08-28,1.7565779942756286,1.4838242251292943,1.354089017144742,1.1433823257479248,0.8544724596577441,1.4676699511204163
2019-08-29,1.7584152241278859,1.4819450972282857,1.3522319114087717,1.1417676066417013,0.8543719720082803,1.4667597750031285
2019-08-30,1.7482470875297194,1.475045190988349,1.3455974265523094,1.1404889476702469,0.8490806276100009,1.4601047405395644
2019-09-02,1.7806944680643297,1.5024769581982647,1.3678851065619484,1.1587734224980375,0.8678667418359105,1.4901109400205501
2019-09-03,1.7883039428900307,1.5053048918735352,1.3693492522050918,1.1624577317325488,0.8771267244785051,1.4964008408605942
2019-09-04,1.8176446455295252,1.5212861817617618,1.3846597994457426,1.1699899212833214,0.8802946913932608,1.5108504383112866
2019-09-05,1.839601665106312,1.5337196816921528,1.3992881508068093,1.1801581890371216,0.8836138194614364,1.5239224722952078
2019-09-06,1.85285580794045,1.5397499292723749,1.4078544595657412,1.1862068505620824,0.8820054499628285,1.5301840581719797
2019-09-09,1.8875842776469862,1.557046549203987,1.4251814792370558,1.2039635126265595,0.8953658306055946,1.5523478391339933
2019-09-10,1.8897051753012026,1.5580561536318869,1.425915287220304,1.2023117619426382,0.8857010261654201,1.5492731740513648
2019-09-11,1.8920447079629703,1.5592842054968006,1.4233543694479684,1.1933597127809803,0.8757431708888181,1.5435481096146177
2019-09-12,1.9036135059331674,1.5662959999413453,1.4323290960301274,1.2001994582221742,0.8782686518415643,1.5514264867196277
2019-09-16,1.9008362823156355,1.5649945932326963,1.4289709683636924,1.2037064604921992,0.8830904605357325,1.5526079555808419
2019-09-17,1.8580898612951078,1.5342970757907484,1.397280672636293,1.1761976263082792,0.8709172449003773,1.5212765307215859
2019-09-18,1.8545454471300127,1.5321425183162927,1.395590179312024,1.1762014071123383,0.8756968647118062,1.5215756444772026
2019-09-19,1.8670610725161774,1.5393008704051299,1.4041005316893937,1.1860249107535334,0.8837185693864537,1.5322387787241476
2019-09-20,1.8656810053536639,1.5411833893475213,1.4057204455297394,1.1888854549750776,0.8896613184056046,1.5355434299284068
2019-09-23,1.8412667565657677,1.5266391525740928,1.393029303345493,1.1762552467556664,0.8881792035329789,1.522080326277698
2019-09-24,1.8431075576374958,1.5267347227693506,1.4003895868967478,1.1787149022531702,0.8935476909640774,1.5264817157050161
2019-09-25,1.8219180840781424,1.5113015372204783,1.3860377826315036,1.159627339278829,0.8759521060898179,1.5057915355198481
2019-09-26,1.7979208922686523,1.4955834705487767,1.3683182709472812,1.1352546442124014,0.8512241004862382,1.4799987222885789
2019-09-27,1.804389450387626,1.5009449277413602,1.3740930991047984,1.1390165822255565,0.8572428043398292,1.4864481862411578
2019-09-30,1.788604718588863,1.4913443163927962,1.3617710232059812,1.128045882186967,0.846682353033284,1.4727535550279955
2019-10-08,1.7861681598151282,1.4897809960201405,1.3612284994025117,1.1267474498287977,0.8435995000424655,1.4740328676901042
2019-10-09,1.8003406361927003,1.4976513167462364,1.3720708001987296,1.134485083123554,0.848243220515231,1.483924976477752
2019-10-10,1.8189267385189498,1.509709673526932,1.3838804390193946,1.1486950694815983,0.8630799876459272,1.5008556814554277
2019-10-11,1.8205494554131554,1.5160034920899461,1.389899016294703,1.1590892578942524,0.8631545373713899,1.506403885072873
2019-10-14,1.838892771624321,1.5370535362662472,1.4109693248992408,1.173639689458548,0.8770749173589428,1.5268284312365952
2019-10-15,1.8181367608567118,1.5256305779765804,1.3994224810018183,1.1661777703494378,0.8635422268214545,1.5119390413152498
2019-10-16,1.804162139666633,1.518913630859858,1.3933799268246803,1.1620509597805229,0.8607891204532154,1.504938978813999
2019-10-17,1.7987876621794163,1.515827346384524,1.3893146581857903,1.1615571284250894,0.8609776785168738,1.502492075352171
2019-10-18,1.7753249529492952,1.4973318474448782,1.3691148941499953,1.1447214174406568,0.847856634321303,1.4816005440339302
2019-10-21,1.7728377260412465,1.4940838289950538,1.3665964611887538,1.1437902049593662,0.8441865350079476,1.4784695429516135
2019-10-22,1.7877047698845596,1.5043706723705994,1.3727275497883344,1.1526401178110002,0.8550675923183687,1.4904254156665664
2019-10-23,1.7782677084989844,1.4958102062977967,1.3635405039081785,1.1450268293950832,0.8457496303522644,1.4799374535718162
2019-10-24,1.7714781926990615,1.4922341967398012,1.3660960430483273,1.1463742829493133,0.8467359208896271,1.479342711024219
2019-10-25,1.7878804929899443,1.5024424139624355,1.3759006029579004,1.1526394379877785,0.8531440539271407,1.490092312414576
2019-10-28,1.8117129591765007,1.5260532323845926,1.3919994377093527,1.16381046465974,0.8694475560185833,1.5108318369418523
2019-10-29,1.789124791843714,1.5107232014585041,1.3767481723983108,1.1553720860584185,0.8613490099259759,1.4957078240920758
2019-10-30,1.767679863544107,1.4961734129959041,1.3681773858844792,1.1511343500362883,0.8578375763464278,1.4850569807275706
2019-10-31,1.7596132215359692,1.4950002932144575,1.3635309617583902,1.14710572883163,0.8512945287795647,1.479143108779938
2019-11-01,1.772745414742286,1.5043712063183243,1.3762216706486927,1.156418490107073,0.8621033712049375,1.495286089383623
2019-11-04,1.7816846073754589,1.5099059693000332,1.3829225384059174,1.1637634736532314,0.8705194520077518,1.5041778015214307
2019-11-05,1.7900486433853577,1.5172208231307682,1.3932524230896792,1.1737944294928724,0.8780825621188413,1.514500309988421
2019-11-06,1.7831214690352049,1.505821550921551,1.3857070289650426,1.1679039117105687,0.870978911508109,1.5054414668914378
2019-11-07,1.7856915940389844,1.5110742917591256,1.388255250353252,1.1718366064040877,0.8758197037832923,1.510168758695793
2019-11-08,1.7861721315332315,1.5071857140210467,1.3825825363632906,1.1684072993283454,0.8724859607010469,1.5062100127282163
2019-11-11,1.7412285417974271,1.472586285093961,1.3537160321030046,1.1448313104239387,0.8570019422957794,1.4740002544961894
2019-11-12,1.7431386573810304,1.4745860732291278,1.353075556204383,1.1478935342078718,0.8624686700507299,1.4772621960776873
2019-11-13,1.7431682734271192,1.4668427091215572,1.3486966835362717,1.1474174921698932,0.8631364745144884,1.4748772395414615
2019-11-14,1.751957070544707,1.4718772901080375,1.3490424071325913,1.1507274163872094,0.8674102150389114,1.4797734710683026
2019-11-15,1.7414545026959605,1.4571467216584557,1.3343509705502594,1.139966829511098,0.8596255170427839,1.4663995916018222
2019-11-18,1.7480880860737167,1.4691028926932106,1.3471089014759086,1.1476359780186267,0.8687175271012159,1.477798978879949
2019-11-19,1.7813518649314968,1.4905264894532224,1.3625582371028548,1.1605277053848237,0.8787615426884112,1.4978698783529203
2019-11-20,1.7778957937271254,1.479438286630115,1.3515560990471682,1.1542870169024098,0.8697337221497969,1.4879555289932946
2019-11-21,1.7769479148461407,1.4811856056993244,1.352942282697569,1.1529856642955698,0.8658295039095347,1.4867723531911532
2019-11-22,1.7632476553438021,1.4753980049049196,1.3520126721417551,1.1468222650688593,0.8535907825121903,1.4772948257927305
2019-11-25,1.7540178594188982,1.4884675226957516,1.3666446481679675,1.1619276941723335,0.8554295013247701,1.4860487428406377
2019-11-26,1.7609651065731868,1.4854006392348897,1.3626843154708974,1.160000609060306,0.857943168186319,1.4861520066423426
2019-11-27,1.768362662948814,1.4788837050463337,1.360232888815726,1.1577083709189353,0.8590924603876344,1.4853914532642492
2019-11-28,1.7608125743750567,1.4724369360907628,1.353885883958469,1.154553568673589,0.8569108279616857,1.4798796173217055
2019-11-29,1.76332425362197,1.4778902258793394,1.355186044431613,1.1524306793978045,0.8526916255261947,1.4796715347221194
2019-12-02,1.7588529990897184,1.4796828739915076,1.3545324794046736,1.1535997192310512,0.8515806128276497,1.4822989860993012
2019-12-03,1.7679199549880855,1.4854351375811656,1.3607259707888186,1.1573460953292223,0.853582978842228,1.487995123668015
2019-12-04,1.7733693706861235,1.4893830639875183,1.361234955605909,1.1566389098700245,0.8534256664788867,1.4895780119686184
2019-12-05,1.7912877494290271,1.4999643710441253,1.3709059265909158,1.1632730049366773,0.8657216557378912,1.5028223446932711
2019-12-06,1.8063166800907648,1.5058049859687774,1.3773084675969975,1.1674736029789368,0.8721312278826749,1.5112288021325717
2019-12-09,1.8086924607306656,1.5063772938667603,1.378329364463543,1.169462121296883,0.8762466418456706,1.5139062836081012
2019-12-10,1.8133577863618566,1.5060293972968615,1.37967283533691,1.1696555331555027,0.8819410271853325,1.5169302046037298
2019-12-11,1.8149761557669741,1.5061632217848666,1.3813055961693717,1.1695412381627233,0.8772337979339979,1.5159380420065447
2019-12-12,1.8142988293012337,1.4997771543732512,1.3776610226351012,1.1664986064487606,0.8786878556346042,1.5134532209576728
2019-12-13,1.8435280232724678,1.5260215733213722,1.3982357950763828,1.178357056210555,0.8925915898167917,1.5360136783565106
2019-12-16,1.8692518712976012,1.5447647429849545,1.4131880002755963,1.1892901229363797,0.9067953645179697,1.5550973532907915
2019-12-17,1.8966049622039625,1.5692049974720272,1.4335324985629898,1.2026619717591873,0.9155666187733197,1.575552186871311
2019-12-18,1.8936433546413576,1.5701807117343918,1.4340849283302741,1.2011765889395782,0.9134557895945201,1.574261825933684
2019-12-19,1.8969141522876407,1.573273863828974,1.4346069102442074,1.2061900074320955,0.9126426874692471,1.576574349017796
2019-12-20,1.882861575036669,1.5652073167875176,1.429547554744764,1.1974108068168603,0.9067948027998672,1.5671943290579327
2019-12-23,1.8520269867154717,1.538331803731312,1.4055856048959936,1.1778474023369907,0.8966848205521929,1.5428099864038038
2019-12-24,1.8731960689849725,1.5550556173737229,1.4205485894206955,1.1914915558109074,0.9170584387870371,1.5635614022420876
2019-12-25,1.8848335345336011,1.5542734918353582,1.4209713983947962,1.1947961682176953,0.9245163397353601,1.568850377509826
2019-12-26,1.9000600430949273,1.572422988191037,1.4330886008842247,1.2033762490699371,0.9284524740069917,1.5813138637569997
2019-12-27,1.8955138251549812,1.569832028488112,1.4302254663611182,1.2033607670265944,0.9234162976868088,1.5776846117463978
2019-12-30,1.914842350962683,1.5941910520135605,1.4511148576089432,1.2153089362382707,0.9351972451151254,1.597565524276126
2019-12-31,1.9254202856660607,1.6034506932581316,1.4559569615651842,1.2219955501322997,0.9405674842535263,1.605845293362789
2020-01-02,1.951594306287636,1.6210586532458064,1.4710453148373788,1.2374517534624803,0.9622173408531915,1.6322285150392455
2020-01-03,1.956403951400175,1.6302034693954526,1.474530810531818,1.2408142905694237,0.9664702558855712,1.6379779912679782
2020-01-06,1.957129821977252,1.6378232762268858,1.4779359354654877,1.2485203563711946,0.979490470837588,1.6468351532838417
2020-01-07,1.9798894456030407,1.6521132109486156,1.4921901467076826,1.25627614376704,0.9859419174911482,1.6609311493754437
2020-01-08,1.9559278212584914,1.6377440025002463,1.471428162746534,1.2466129166939617,0.9735492337783996,1.6426691814837022
2020-01-09,1.9785522110728324,1.6510938402517101,1.4905394859096566,1.257889766666788,0.9861266946119324,1.6606307513679806
2020-01-10,1.9767281391165625,1.6494276052421932,1.4867943020983594,1.2540421785556204,0.9838422403026048,1.6573695759203042
2020-01-13,1.998591287511742,1.6603443176398869,1.5028848461461546,1.2679629056528559,1.0035551481716805,1.677138150886236
2020-01-14,1.993254526805837,1.6575611082561965,1.5040816041402416,1.2657455799255197,1.0020826986966733,1.6748685796337475
2020-01-15,1.9865732109334655,1.6475417990116614,1.5024683168349433,1.260103136782257,0.9957339046023084,1.6677461743164266
2020-01-16,1.9811813144703727,1.6480102950195508,1.4967833558732637,1.2550928031744935,0.9944065744418091,1.6639027854575197
2020-01-17,1.9760801226951379,1.6439419977582075,1.4985101777533008,1.25786957252397,0.9956612928428523,1.663764492314172
2020-01-20,1.9918777646989065,1.656232455464293,1.5110994359293732,1.2676274645282735,1.0123738924055936,1.6798746340466637
2020-01-21,1.9702877125980127,1.6385032739146606,1.490755147962681,1.2510010417659445,0.9946321123127955,1.657818582911506
2020-01-22,1.973241366838547,1.6408457179117983,1.492299085002112,1.259397483779025,1.0138442573052877,1.6677628437003502
2020-01-23,1.9167709392506185,1.5962577007318555,1.4491742359508208,1.2177533037932917,0.97154389414941,1.614567993588609
2020-02-03,1.7473367461709284,1.460694502058774,1.315928605122781,1.1048703126064399,0.8808891173704299,1.472471559410543
2020-02-04,1.748064059425146,1.460789589421033,1.3232403794298915,1.121331242382821,0.9170588323355673,1.4907482764099913
2020-02-05,1.7780220761535106,1.480634106001899,1.345260965215691,1.1477751717046305,0.9424547350674105,1.5201662826299822
2020-02-06,1.8063198255015684,1.501982657719004,1.3693402050465597,1.1779608550599834,0.9788611120070074,1.5545848145045122
2020-02-07,1.812885133413233,1.505834419266666,1.3771280160370907,1.1866260885203437,0.9848512962396306,1.5624684931896937
2020-02-10,1.839787121412249,1.5280193610974753,1.3950169827547696,1.2061997042869268,0.9964812357176007,1.584617180435172
2020-02-11,1.8503902980249145,1.5333377719937331,1.3935467855470927,1.2010777444220628,0.9914560235278221,1.5842712669076036
2020-02-12,1.8665056072762376,1.5470869362023867,1.411478808941046,1.2246909421721126,1.0158232287574174,1.6079722188631622
2020-02-13,1.8533108110378407,1.5379862738976848,1.3972215383338324,1.2214170653683065,1.0075226279569665,1.5970811709225852
2020-02-14,1.8682903242945217,1.5431421494107236,1.4057906710475747,1.2278780067070394,1.0108171837798834,1.6054240016787347
2020-02-17,1.9120383501109313,1.5852399191080806,1.4488390023429818,1.2655004801918384,1.0451049257998908,1.652259407981553
2020-02-18,1.9133421448856671,1.5868961799408388,1.4557401748546155,1.2728119958142508,1.0630571527700192,1.6619930599726327
2020-02-19,1.9200724866171124,1.5807907636256044,1.450295323791765,1.2627028731941496,1.050356163986885,1.6540254736111566
2020-02-20,1.955919923691464,1.613430167600119,1.4829932172952844,1.2868413666208132,1.0765528568437002,1.689060200988558
2020-02-21,1.9621203170144392,1.6222748263529367,1.4933379478188327,1.2994365692348653,1.0987769965515213,1.7046266340445582
2020-02-24,1.9504476964903967,1.6154440737734026,1.5016709773317318,1.3102913910386027,1.1185445730157797,1.7120427698152907
2020-02-25,1.9360372828449286,1.5989265297008268,1.4983523662553904,1.3118930873998516,1.1306294135208985,1.7093752865816532
2020-02-26,1.9307425185056672,1.6014055781596919,1.4887643287765948,1.285961876335376,1.0769030533481205,1.6837518408356436
2020-02-27,1.9304338021746905,1.6042852707266113,1.496995924282598,1.2932863722236372,1.0759165085219682,1.6877650438289058
2020-02-28,1.8467560741008082,1.5406951552301107,1.4330412911556734,1.2263199862697556,1.0149126881627193,1.6087018439736263
2020-03-02,1.9099861692063562,1.5940642705501993,1.4854572557418346,1.2702147754460436,1.047917959266778,1.6680216220013366
2020-03-03,1.9254893621074403,1.6035309693752824,1.4950078553923853,1.2811144610847047,1.0608785050625318,1.6818436207161886
2020-03-04,1.942827020782381,1.6134072649358333,1.5091296697047267,1.2901866578623744,1.0552083624672595,1.690717450184834
2020-03-05,1.9905502199986234,1.65346896825082,1.5395122967989143,1.306101435066869,1.0667791167898897,1.7221255513601756
2020-03-06,1.9638039864086647,1.6416563876598262,1.5225626724397545,1.292279959028159,1.0560463409615928,1.704125286397524
2020-03-09,1.898033879362074,1.5908341004881814,1.4735837034003685,1.244491988792989,1.009072832955485,1.6434386609096125
2020-03-10,1.9295712441250854,1.6154668704681838,1.5048951705410516,1.2741845160592729,1.040832109938315,1.6791450509862877
2020-03-11,1.9222192432924623,1.6003898040210074,1.4862330693276344,1.2578490936630307,1.0221918740116822,1.6602703782715338
2020-03-12,1.8791480481895002,1.5740318783861469,1.4614633319782402,1.2346129408441848,0.9997573426958598,1.628395347518068
2020-03-13,1.8489688284671042,1.5563444210332538,1.4447595950882164,1.2241954591557913,0.9946784595499241,1.6113631928915266
2020-03-16,1.7782259673121503,1.5031140250857487,1.3860750624572442,1.1694270826109223,0.9428692332309763,1.54372737307026
2020-03-17,1.7606922355982813,1.4996576620086055,1.386037766397898,1.173010644816675,0.9451693098802729,1.5416393099170824
2020-03-18,1.726120696633609,1.4709016677282656,1.3589700616461138,1.1535483664224735,0.9319544186615455,1.5142197880067385
2020-03-19,1.7129041848231628,1.4547483299756088,1.3546490966459988,1.1535064517124147,0.94427111768295,1.5115867219668155
2020-03-20,1.7407308238266543,1.4753918106720805,1.3716905792778913,1.1631891053269126,0.956848242743582,1.5311648786461511
2020-03-23,1.6789346914994603,1.4295514079050315,1.3226126727960337,1.1106722399352889,0.9127412879614616,1.4718891867015917
2020-03-24,1.7164092359579275,1.4619036035513673,1.3503128451899766,1.137314866258696,0.931708063464825,1.5044663888683787
2020-03-25,1.7620256988429202,1.4906456621562056,1.3786377862895196,1.165340584083582,0.960764911393451,1.5414946608519178
2020-03-26,1.74705044916145,1.4824811547503374,1.3673181091199367,1.1508514998976922,0.9527627933019948,1.528253774062427
2020-03-27,1.7506768392083307,1.4882349798828491,1.3723768279200599,1.1512354303495822,0.9477476740074199,1.529701689799472
2020-03-30,1.7258104441803206,1.4759112926458373,1.3543929824961018,1.1354270356267206,0.9237595721194921,1.5068711081838664
2020-03-31,1.7444989489977563,1.4778771239977235,1.3568670686986113,1.1360268065479027,0.9274314203523272,1.5124639381883462
2020-04-01,1.7280496027405405,1.4686619863691288,1.34882662933622,1.1284235820328627,0.9244356693126824,1.5065028167220396
2020-04-02,1.7988215581904563,1.5006387583780265,1.3712121332845748,1.1443990503524148,0.9344261456221792,1.5379539235224764
2020-04-03,1.776065848837456,1.4834817829255829,1.3613922555849798,1.138643168275874,0.9339303056674741,1.5266375352318977
2020-04-07,1.837369350773975,1.5272448506696708,1.393750996601855,1.1587676330586905,0.9611747458635663,1.5677729839580432
2020-04-08,1.8366957875746488,1.527538025814276,1.3951842715050935,1.1590280873491732,0.9591536648749694,1.5674456489015083
2020-04-09,1.8410299297421249,1.5389580363779576,1.4011349542753049,1.1629440995743097,0.9698798179716196,1.5764373124631852
2020-04-10,1.7933593191284127,1.5183858542574362,1.3834467849466874,1.1513160046080682,0.9610326870433477,1.5540300556057092
2020-04-13,1.7673319971276589,1.5079855739168484,1.3785735234096168,1.1464689404178876,0.9595879537917623,1.5445085777735086
2020-04-14,1.8302426038928903,1.535714203577162,1.3985223125878563,1.1620548123233732,0.976350331285538,1.5752890290884682
2020-04-15,1.834409524565334,1.5209504528504518,1.3895606592084861,1.1558204712785802,0.972221238657741,1.567958212217018
2020-04-16,1.8427442419478617,1.52618826436203,1.3942016273032543,1.1596192748303955,0.9810537273216711,1.5754023970846414
2020-04-17,1.869948417415886,1.5370799038861274,1.3978076810305535,1.1599454648067462,0.9731382416652303,1.5806638965840738
2020-04-20,1.8949001627033113,1.5517344670235507,1.407521450054174,1.1641186016682332,0.9786836677308146,1.5930422529460007
2020-04-21,1.8686658559556044,1.5385475478851525,1.392289715016926,1.1528421850478443,0.9719732084236277,1.577202425762332
2020-04-22,1.8792110699966174,1.5503309562662912,1.396035647004165,1.1584565091018915,0.9814784531210441,1.586877643124885
2020-04-23,1.8670153407272858,1.5452372322311585,1.3911049239178381,1.1572135645766801,0.9811578606327341,1.5822071926863164
2020-04-24,1.837208354392143,1.5235728333186283,1.379571242912527,1.1471158598440856,0.9719715667812872,1.5643626133256872
2020-04-27,1.8326517771889628,1.5138087372154418,1.3757691397988805,1.1482414438507667,0.9751557862079351,1.562062483745917
2020-04-28,1.8325447782137785,1.5014685742851817,1.3648411659180038,1.1395037258865253,0.9728751456207613,1.553932060247209
2020-04-29,1.8535438365972297,1.5125347063295973,1.371810540250723,1.1459565943523642,0.9677116686182187,1.5614707498194922
2020-04-30,1.9434120619874684,1.548190879283724,1.4036250204036054,1.162060107303655,0.9741691801251944,1.5977154035850079
2020-05-06,1.986251629774978,1.561054182389569,1.4144818880292356,1.1649204327251534,0.984135522697427,1.6179264717590234
2020-05-07,1.9850097566937102,1.5521148012323382,1.408804668029561,1.1622757292646575,0.9827181286164437,1.6133791068565577
2020-05-08,2.011492765056293,1.5693071236246618,1.4220590989638895,1.1776758104312994,0.9901965071926764,1.6310174224545049
2020-05-11,2.0112835969755527,1.5675008930495364,1.4172332052937797,1.179960128643922,0.9887685539311308,1.6296556524721235
2020-05-12,2.001565733186326,1.5619973980483988,1.4123397468364445,1.1831890638201619,0.9981907085981053,1.6298119212644553
2020-05-13,2.0096175563429455,1.5662951479518044,1.4160798211736474,1.188905738905842,1.003189273339456,1.6360908462489303
2020-05-14,1.9886531396611014,1.5514684709889057,1.4011562068744972,1.1728029109130438,0.9941844571686284,1.6187680479641149
2020-05-15,1.9955839794248293,1.5566665554846715,1.4010989369952271,1.1717428830806091,0.9975658022382317,1.6217803461456834
2020-05-18,1.997837869586528,1.5620933639947006,1.4036439564824446,1.1722218974897285,0.9964304375964089,1.6236250073659657
2020-05-19,2.0069275364754824,1.572703426524548,1.4111544853384406,1.1873324323114756,1.0146347741268371,1.6391622953954887
2020-05-20,1.9971809332016741,1.5631314722210448,1.401267221030786,1.1760544975562655,1.0064131556630498,1.6275118827123685
2020-05-21,1.9807276831857465,1.5531506755372815,1.393975516674903,1.1627670282247788,0.9936495568710579,1.6132529000724043
2020-05-22,1.9477679896424762,1.527109335054065,1.3723433311182618,1.1406578301326973,0.9733142485186319,1.5847303175249006
2020-05-25,1.9408724194419944,1.5248936972591922,1.373735440808507,1.136637039542791,0.9714584268001735,1.5817520754128092
2020-05-26,1.9679566140311013,1.5396575025572456,1.3852143589565056,1.1590904694758422,0.9951767962955674,1.605849090851179
2020-05-27,1.962294104147797,1.5365529661168356,1.381618277792965,1.1563472874820495,0.9833545866988767,1.5988547917785632
2020-05-28,1.969346077532718,1.5417954650483108,1.3839563982489471,1.153412149551899,0.9816685141854095,1.6002789668456363
2020-05-29,1.9749475047186793,1.5457329085321354,1.3899484313786943,1.1600604777236274,0.9950450780532714,1.6096086883340595
2020-06-01,2.022216731737122,1.577075931235469,1.4147429084314485,1.1887520300440846,1.0259084075876486,1.6508024903342307
2020-06-02,2.037957524406371,1.5851860500841253,1.4195192291778989,1.1897282270259744,1.0197527204856527,1.6544702969905067
2020-06-03,2.0354980059561236,1.5829086322381458,1.4164632557105366,1.1936381947518986,1.0215187700033794,1.6545382087425922
2020-06-04,2.024286649063104,1.582849607265371,1.4150190501932807,1.1975386844445195,1.0265952009667159,1.6550836028745841
2020-06-05,2.0251722554022367,1.589144479766746,1.421852018416262,1.199826146892888,1.0289406447861353,1.659530241323265
2020-06-08,2.0411104200936006,1.592103169409765,1.4304349136620134,1.20497427817359,1.0262104944360462,1.6653098208670247
2020-06-09,2.0524738708072956,1.597550744030767,1.4386214371007369,1.2126034952506852,1.0336719262535723,1.6747451993477398
2020-06-10,2.0439144448441167,1.5917486544276298,1.4349256657210085,1.2150706170873957,1.0355190427760976,1.6725481678869818
2020-06-11,2.0308739330078596,1.5844918206566074,1.4264507289849953,1.2092485469929501,1.028765476452549,1.6631227030158942
2020-06-12,2.0300254002184563,1.5789237489657213,1.423223483330462,1.2090188669450532,1.029047027564583,1.6610941322439856
2020-06-15,2.024258684225184,1.570719162393305,1.4106271890994453,1.1977481697973007,1.0137954967177378,1.6474569785576723
2020-06-16,2.0575814177486635,1.5921043686382403,1.4334273474506987,1.2214557735064013,1.0387128711891211,1.677321547755251
2020-06-17,2.0697356791264845,1.5991689846833816,1.4371032875748206,1.2273691385095367,1.0397413510732023,1.6836025460234059
2020-06-18,2.084242572148219,1.607738273830794,1.4459290596636878,1.2266518477509887,1.044726629949789,1.69126636266562
2020-06-19,2.0933472874844123,1.615570354306984,1.4594759913479656,1.2405547402524082,1.0637802375095082,1.7075734882093312
2020-06-22,2.0876933256209163,1.6195379709039437,1.4651938714247792,1.2412584247291638,1.0659380313345534,1.7097125568979894
2020-06-23,2.0742095159190876,1.619021400817811,1.4675398462910754,1.2448288109600134,1.0806336210894274,1.7136468486522147
2020-06-24,2.0808817080681457,1.6230633513461385,1.4679784869024874,1.2454368338864532,1.0797528669963803,1.7155931565651426
2020-06-29,2.0674116376285516,1.6105218469475502,1.4537681419984052,1.2394426639476164,1.0724842707749151,1.703432830930547
2020-06-30,2.0951375760188045,1.6241073184604702,1.4732077240995427,1.2571002455130598,1.0940359960941146,1.7271475028221799
2020-07-01,2.1097890504492245,1.636883682130254,1.4876627288877702,1.2694969453052711,1.1058032603711285,1.746502328844051
2020-07-02,2.1595368903419607,1.6793149263795342,1.5348284209394003,1.2911324586360093,1.1117505123892761,1.7826992414365752
2020-07-03,2.2109148041808173,1.713037835446036,1.574750636653064,1.3152918842039973,1.12120539903318,1.8173191540477165
2020-07-06,2.343661862909989,1.8200938951215284,1.6691445616346843,1.3754119481022757,1.1525539491527281,1.9104192909802504
2020-07-07,2.345437835755966,1.8214685511519122,1.663567556232716,1.391142626776579,1.1833106020421351,1.9242868435788145
2020-07-08,2.4043546540188174,1.8698627801069565,1.7156039409161645,1.420704747109223,1.2052182689389477,1.9715214144666726
2020-07-09,2.452949884858613,1.9056149221240388,1.7480804309180014,1.4531825579583766,1.235060716140475,2.0132715278194246
2020-07-10,2.4107682390277274,1.8650598180445983,1.7292899484236057,1.4331421280304066,1.2393341513820963,1.989290235600591
2020-07-13,2.4717987204407823,1.9049061899970574,1.7753634693888183,1.4826837237117845,1.2832002883478644,2.0462980856396524
2020-07-14,2.4698813149409826,1.8933359376758205,1.7641799793431834,1.467552700488604,1.2649919156481924,2.030932893584124
2020-07-15,2.412894743737413,1.8512997043800135,1.727240207179791,1.4353963444958455,1.2512499470318346,1.9907251280800033
2020-07-16,2.334439481290728,1.7941120531321393,1.6568684788423094,1.3559215616393612,1.1790859297751124,1.9042523261190072
2020-07-17,2.335902889480845,1.794224817495608,1.657505640685869,1.3627183239263052,1.1973608631682406,1.9124734318973753
2020-07-20,2.4488340186378936,1.874966288081549,1.7357603620106745,1.414150658410499,1.2201457475260065,1.9879513452829758
2020-07-21,2.4403375369991145,1.8682987047204107,1.7358283685650475,1.4236215272744224,1.239437853984495,1.994122739445416
2020-07-22,2.4550876131838466,1.8767491661914126,1.744736312339487,1.4351516266741928,1.2521231441069396,2.0076959400083867
2020-07-23,2.453140187793854,1.8699019048799335,1.740155974536832,1.4371405835791256,1.2539108438801763,2.005988073185008
2020-07-24,2.3810295937732584,1.809560885382638,1.6631381494438562,1.3692789463288586,1.1842062692296693,1.9222446400197575
2020-07-27,2.387361814184132,1.8140721937587538,1.6653513173871617,1.3799690359629555,1.192361770131849,1.9303861884304703
2020-07-28,2.3996166240652608,1.8230892099025497,1.682125458042094,1.3908253991196728,1.2098518836272654,1.946876241339559
2020-07-29,2.44492662429484,1.8582524159972145,1.7220826912345124,1.4335130551015003,1.245194938791613,1.9943134124914872
2020-07-30,2.4352136666367388,1.857406958840211,1.7211840963355054,1.4336650363352137,1.2439476348997047,1.9919819986952216
2020-07-31,2.440871564053912,1.8732490134493576,1.7390070561863966,1.452232835630285,1.263500047899873,2.0118527626227496
2020-08-03,2.49347178292057,1.913529021516183,1.7792296734309327,1.494360787782744,1.2885388031562048,2.0626697291698326
2020-08-04,2.493152319310849,1.9169154494189602,1.7850335800440844,1.4925094850577505,1.2691720041363397,2.057989663872768
2020-08-05,2.496920780585156,1.9166099150029416,1.791538522163906,1.5066402581538905,1.3049573923568243,2.07552067607361
2020-08-06,2.501897713695824,1.9175431532855545,1.7970570679484552,1.5095285462136427,1.3180323984558364,2.0827777597325245
2020-08-07,2.4689635253437427,1.8938163940532593,1.7797520737477972,1.492057665423889,1.3154064696375114,2.062464149200803
2020-08-10,2.493048262271852,1.916955878517254,1.8007610338516906,1.4933683388986139,1.3024545219076102,2.0727170530113663
2020-08-11,2.4661241970676,1.8976836375463033,1.774721974006249,1.465309856866208,1.2804895938698864,2.0433119702715183
2020-08-12,2.4716551184963613,1.8978035517838567,1.7662646203883494,1.4416834912432168,1.2432801018131119,2.0238885982901955
2020-08-13,2.4767614751781637,1.9043837339981973,1.7721282208586886,1.4455954922063938,1.2519997979634663,2.0314029419571757
2020-08-14,2.5010635801056877,1.9250579161969323,1.7905608856685156,1.464146399929369,1.2692889927222435,2.0548432787403317
2020-08-17,2.5469785151152955,1.9733701225293885,1.832338701986611,1.5007697090080647,1.3032168593971307,2.103534363156839
2020-08-18,2.5443018837065092,1.9740390243156503,1.8439325637643529,1.5134318377623097,1.3166443854438055,2.113757137699071
2020-08-19,2.514694888441975,1.9609755397031152,1.8340556639427212,1.4934191240397592,1.2908692913130577,2.089908115817659
2020-08-20,2.486372367906865,1.9440908123644365,1.8019187940883399,1.477497694677444,1.2669283958075819,2.062077594499844
2020-08-21,2.50275233805156,1.9528371419355623,1.8154229411185183,1.484278332441121,1.2769011662349095,2.074881311087958
2020-08-24,2.511113913393432,1.9609856807799768,1.8163685443169875,1.4924601549939647,1.2860808866506872,2.0834829964715653
2020-08-25,2.5058850851854384,1.95403392435588,1.8039738776562582,1.4827432815689112,1.2673926203052093,2.0695450401020072
2020-08-26,2.4643721647747543,1.9308198021601661,1.7743276801991685,1.458585761557478,1.2380460284166739,2.0346422585109254
2020-08-27,2.477381543721092,1.9397877923222884,1.7849904007755382,1.4743055098346647,1.2525990549241934,2.0502854579768703
2020-08-28,2.5097505959431428,1.9648489249613528,1.8158760882805078,1.5047892219234744,1.2787711662026109,2.0850672272591684
2020-08-31,2.5068304652309177,1.9585004598059494,1.8176743228377654,1.4984131363962512,1.279096960174432,2.081988141256339
2020-09-01,2.5234741779757304,1.959092090680934,1.821823657753528,1.512003444919189,1.2915973774415273,2.0984607971529083
2020-09-02,2.5105957379454225,1.9544862389004252,1.8152893398931642,1.5135912321793583,1.2890969160399575,2.0934414743189427
2020-09-03,2.4901011002326747,1.940197418681988,1.8113408377409157,1.5066963243984368,1.2806473956275057,2.0814017958165922
2020-09-04,2.480210843298141,1.925831595827903,1.800436125162729,1.4936335100997007,1.2629494344330026,2.0647986036346997
2020-09-07,2.422340115667279,1.8912819886445624,1.7779887498832885,1.4680103374902993,1.2259116131412275,2.0233915250407484
2020-09-08,2.428440539146798,1.9029982899516913,1.7927233468290131,1.4847093504716817,1.2274349386410255,2.035355725085638
2020-09-09,2.3628675150716028,1.8717778939669476,1.7665348550128481,1.4593535091377687,1.195286518580704,1.994098368777851
2020-09-10,2.3241153909134846,1.8374038301537623,1.7419633432433657,1.4370579403772548,1.1915961458764173,1.967387261273678
2020-09-11,2.3586280906810613,1.852512620863153,1.7484552228263286,1.4486989055316242,1.2068214104359551,1.9861573211723245
2020-09-14,2.371996525636047,1.8647227463826745,1.7549022765824016,1.4607442833505309,1.2085355675086475,1.9963414746427104
2020-09-15,2.389100015664775,1.8707846095364622,1.765033802846928,1.471892582691335,1.225174893519375,2.0113834698359843
2020-09-16,2.38183153397698,1.8648448197374747,1.7606277516843993,1.4749287059163625,1.2201987562046857,2.0070621019854995
2020-09-17,2.3844103900162614,1.8687880460503186,1.7608883831378208,1.4741371272306127,1.2203159680305007,2.008226490013718
2020-09-18,2.4348217641290515,1.9052577883027784,1.800389809933587,1.5016663768132443,1.2417509026081643,2.0481276533283563
2020-09-21,2.43387808145059,1.902307397217314,1.7964675858496595,1.4960398128566006,1.2379344461148176,2.0436519391388845
2020-09-22,2.391409052943005,1.8803245366941683,1.772724646741692,1.476424309387796,1.2156923017757604,2.0136740680453897
2020-09-23,2.402830166656959,1.8811899182043859,1.7725788700960827,1.4777424400331305,1.2200527957552405,2.0175632666738488
2020-09-24,2.339763350599865,1.844746912544893,1.7401039250739683,1.4463789725850467,1.1877275342486557,1.972492126327116
2020-09-25,2.3368523220322888,1.8480115516500397,1.7380403402105593,1.4438968176318185,1.190677037257917,1.972534235139723
2020-09-28,2.3210849322203297,1.8392115721837066,1.729635629802239,1.4426309156530919,1.1864786170143735,1.96433928556034
2020-09-29,2.3477646087016613,1.853756369535717,1.7372822986396272,1.4491258205432478,1.1960084524635166,1.978630950660608
2020-09-30,2.340470373057932,1.8430796429460432,1.7305592768424305,1.4458711877780592,1.1916877663722263,1.9712746235502316
2020-10-09,2.420760496655803,1.8840423130223092,1.760078935545768,1.4714654134941683,1.2143498756833135,2.0193170343059106
2020-10-12,2.5038751554167855,1.935208821122441,1.8071740587031395,1.506202341095218,1.2423976082147499,2.0738319111341297
2020-10-13,2.5170324655533336,1.9436168974058428,1.8051495599333283,1.5040794085750893,1.251815184827496,2.0799196244440825
2020-10-14,2.4944279260378237,1.9370015175937214,1.7915356866798378,1.498096280513773,1.2463774346352376,2.068153711458628
2020-10-15,2.476124506347376,1.9264674597732874,1.7882655405666545,1.498146177866812,1.2414801918758476,2.0604949394252476
2020-10-16,2.461826475683221,1.922844264191259,1.7862067492097935,1.497857631595321,1.2381737587340709,2.0556789053952857
2020-10-19,2.4429421143693264,1.9094222930029934,1.775140806833861,1.4868944203968197,1.2249475739413318,2.0397024722804096
2020-10-20,2.4665144055918056,1.9241952055724028,1.7865209575754146,1.491668388131371,1.2379154827910444,2.0550542522448336
2020-10-21,2.4396108828812406,1.9085076660233053,1.7727319972236992,1.4871531827261077,1.227069038141215,2.0391862444208533
2020-10-22,2.4248056620222664,1.9006316417870577,1.7661240085850394,1.485733008290194,1.2204616125623626,2.0309107791821708
2020-10-23,2.3927874993226848,1.8835452771848835,1.7434808965268433,1.4763691821420877,1.2020798629651464,2.0079830330028914
2020-10-26,2.3856682200052988,1.8806821048704219,1.7320702020907377,1.4641851024522659,1.2072658804024878,2.001981878937882
2020-10-27,2.403607140357169,1.887523855713153,1.7314721890847655,1.4620304184335795,1.213166837975024,2.007692110869556
2020-10-28,2.4189044826391832,1.8992696443880976,1.740221593134937,1.4669285898128208,1.22673893181296,2.0206252056701053
2020-10-29,2.416854886279433,1.9018122822659123,1.7404380120405065,1.4684069446506725,1.2321124727880945,2.02305174828724
2020-10-30,2.3663925223721907,1.8666003566542408,1.705746452507158,1.4449751538253355,1.2133512953385552,1.9864234579670423
2020-11-02,2.3675840716523253,1.861481377202381,1.7014693663668878,1.4461555521053455,1.2230285541616848,1.9922724391102018
2020-11-03,2.4353232277583388,1.9007130395123288,1.7321972421070393,1.4642004987853838,1.2242006303186674,2.0246091660484353
2020-11-04,2.429016283233339,1.896360203058589,1.7252761124663956,1.4698076220119187,1.2409877218022505,2.028147372466688
2020-11-05,2.4625779123440688,1.9279285900816927,1.7530276248911405,1.4977154703074973,1.2705233803433125,2.0643920360789787
2020-11-06,2.4517488864982053,1.9283130400463282,1.7524095695617026,1.4988335091108926,1.266577079097962,2.0615207703048233
2020-11-09,2.515178616005749,1.9692845130920205,1.7929749191963296,1.525944007828367,1.285916804103374,2.1042441379202335
2020-11-10,2.5020913162387344,1.9470594372478223,1.7808357024324886,1.5243499755857315,1.2800990073389893,2.092118771955004
2020-11-11,2.475919187145486,1.9297241734817656,1.7695366912233264,1.5227597598188858,1.257006036010964,2.073335760020013
2020-11-12,2.475554633397534,1.9282284738526203,1.7627278681816487,1.5263972429939563,1.2721194547029775,2.0773649288023415
2020-11-13,2.4728357055516317,1.9221362024828368,1.7532737734572852,1.5222577137045041,1.2729055868992025,2.0725138700559933
2020-11-16,2.508765233526099,1.9535623004881248,1.7829167790405795,1.5485031365915645,1.2872847481633631,2.1041321991209454
2020-11-17,2.4992481997896934,1.943936807612592,1.7831195121011596,1.5461164314469953,1.2767955273980491,2.096414398610971
2020-11-18,2.507293909221003,1.9469401948676628,1.7915398906194415,1.547267797134079,1.2695962044812843,2.098323390297696
2020-11-19,2.5229226224737733,1.9516484527669495,1.792094392491997,1.5503608680540435,1.2801602389752549,2.1064416506683132
2020-11-20,2.544822604254482,1.9656464014807116,1.8063093247054558,1.5638976991609284,1.3003048634077838,2.1267898141822705
2020-11-23,2.5661357342527285,1.9891754173598952,1.8260857919994835,1.5837544804926962,1.3141963690982816,2.150034706175281
2020-11-24,2.5762610458463886,1.9933705524165097,1.8211783177444345,1.5841969358772023,1.3134251793408092,2.151359012305615
2020-11-25,2.5362751223371394,1.9674334588745541,1.7928195755955445,1.5623177088373388,1.2831337294431657,2.116491608367761
2020-11-26,2.5388377956306867,1.9759691863502538,1.7961025564203208,1.564342236936332,1.271158351347614,2.116097405536713
2020-11-27,2.5583626422015233,1.9892654188635208,1.8087803290253706,1.570641950075582,1.2740308664021844,2.127843436442255
2020-11-30,2.5597324448337146,1.9925397523641077,1.806744890281636,1.5600779929003803,1.2626843162191266,2.1216303679687765
2020-12-01,2.6009578259999597,2.014545480270508,1.824907428647425,1.5828118939951663,1.2801892625066003,2.154608102601473
2020-12-02,2.6004883469067637,2.016837639566927,1.831116442941578,1.5840686726806783,1.2789845539786915,2.1564224369994074
2020-12-03,2.6156662260736945,2.0183706099842,1.8249712024233065,1.5759784503196552,1.2541920567608549,2.14724050676846
2020-12-04,2.633023746246576,2.0189163810849173,1.8224545556203642,1.572881794914584,1.265220012484342,2.1525729747514903
2020-12-07,2.6349490012940557,2.0033740946412824,1.8041826268691399,1.5543848936295854,1.2557817065140422,2.1370027208664175
2020-12-08,2.641973632083632,1.9972336209702433,1.8034094926553002,1.5482578963257452,1.2509566289747887,2.1333362317115503
2020-12-09,2.6064432967872984,1.9636477555631011,1.771355323094378,1.5212538614060955,1.2345681808849036,2.0998194544363393
2020-12-10,2.603892703505779,1.9586420056826888,1.772838935213498,1.5210146379431073,1.2319014852664507,2.0977192302430736
2020-12-11,2.563484841461986,1.939245771925384,1.7522515467947848,1.5037859608516366,1.2161919255954279,2.0720670273117765
2020-12-14,2.592723270581943,1.9493901132286975,1.7542771064269007,1.506056597325776,1.2236091744625222,2.0826069119324266
2020-12-15,2.6058376669954213,1.9550785913915123,1.7556432357357896,1.5046802904793775,1.2275434324695347,2.0872215085959223
2020-12-16,2.5995514061015985,1.9440069308431218,1.7503240773197928,1.5020605629362476,1.2225377707784781,2.080159146284417
2020-12-17,2.6262074049209163,1.9516480907353886,1.7717846374757722,1.5258973613802418,1.252523874799265,2.1079946833925005
2020-12-18,2.622851324648702,1.9485531098202717,1.775073942935249,1.530012655700851,1.2600955091463295,2.111263441270166
2020-12-21,2.675536817941058,1.9691983335320198,1.7920580210075867,1.5462786992020277,1.2809736974255594,2.1397671356197927
2020-12-22,2.6399234599809964,1.9314822022303788,1.7508302663079252,1.5095402894768197,1.235265028674139,2.090578190188984
2020-12-23,2.649991203389282,1.9438939343581951,1.7683639348650777,1.528334644899563,1.2549445001063206,2.110915871103829
2020-12-24,2.6235170538423804,1.9192000672606082,1.7582215803097974,1.522610041293609,1.2505039945610104,2.095846899650111
2020-12-25,2.649938764198971,1.9359112423031979,1.7811180516897667,1.5426864223011576,1.2844489464680682,2.1261093308909236
2020-12-28,2.6418386388707713,1.9238401368738813,1.7808461106117757,1.5401766678537665,1.2891575996888058,2.1229796115082555
2020-12-29,2.635522954737148,1.9241355573973578,1.7749074721791516,1.5297825883208318,1.2612567340649228,2.1085314129047013
2020-12-30,2.6744390644580895,1.931172666080101,1.7884472554441233,1.5400239391049335,1.2844058221397348,2.1301202891650637
2020-12-31,2.7150503374937425,1.9593003559983555,1.8224118465919457,1.5636096663625447,1.3092348745818578,2.165659121522863
2021-01-04,2.7667974594832927,1.9877561404135233,1.8411627970234397,1.578156269941732,1.3396698870599928,2.203726003657837
2021-01-05,2.7861492754703256,2.001929342083295,1.8452196599135557,1.5944850032861368,1.3655856015647367,2.2240128190391735
2021-01-06,2.7623328326083114,2.0024774456314915,1.8471893783469189,1.600262874345584,1.3697323361643594,2.2237521682956918
2021-01-07,2.7394700303563453,1.9961006535501928,1.853085615774431,1.6089517768891526,1.4043909948323887,2.233771626438765
2021-01-08,2.764027483283885,2.0098069152746705,1.8676295531885478,1.6004119757746418,1.3850477002572366,2.235827091736436
2021-01-11,2.7233121020038786,1.9850095475811387,1.8414723898918293,1.5756915922802857,1.3599956740911516,2.202456206557638
2021-01-12,2.763000720522715,2.0117311372821,1.8691359765576827,1.6009306462552597,1.3964657134483818,2.2403113937044243
2021-01-13,2.782033248822956,2.014392990398967,1.8710087006687741,1.5982831443266534,1.3812578186199156,2.238814803954962
2021-01-14,2.7970626326706878,2.0172127253382377,1.8551689994798293,1.580836988839618,1.3341274811168895,2.217864754692007
2021-01-15,2.7922577028611246,2.0115657763928065,1.8537169660628183,1.5780390622390121,1.334616953102707,2.2148995172760717
2021-01-18,2.8169763718089578,2.031702220929727,1.8731947489259875,1.6065978071455103,1.360061926190099,2.2443661109338064
2021-01-19,2.8161151811615586,2.0264795942539733,1.8668057132395364,1.5892982817948937,1.32978219521838,2.22670690624113
2021-01-20,2.8077688717584675,2.0254435811571088,1.8669786553159096,1.5982186326938959,1.3603446473747387,2.2379567168747907
2021-01-21,2.824005976532337,2.035347340479698,1.884393593837113,1.6248396573374349,1.3908220407049483,2.26440094638779
2021-01-22,2.788330014385583,2.010824923772069,1.8623369735470303,1.6223170032844807,1.4124794748805805,2.2542914606034157
2021-01-25,2.7616857738912075,2.0028692038150377,1.8552839481887649,1.6194254222721003,1.4347819533617037,2.252826274662001
2021-01-26,2.7456339016789593,1.983440735647358,1.8459109111902445,1.5986492106505499,1.394172381704244,2.2250181461563177
2021-01-27,2.743082547253258,1.98977105571626,1.8534036232553561,1.5997743202719155,1.3944671719474606,2.2282342302908025
2021-01-28,2.6985114802913377,1.9590288881272788,1.8236441602921087,1.5589246649362352,1.349887854011724,2.181321283883272
2021-01-29,2.6684904628602526,1.9478190097165364,1.804463608033591,1.54275272577743,1.3355034606332354,2.1601948165733655
2021-02-01,2.696490473544896,1.9608828333714503,1.8140990029387223,1.5546555225910006,1.3438670966278907,2.1804874021815412
2021-02-02,2.724207476250805,1.9747513413079418,1.8234380985254077,1.5618424900264478,1.3836768935220336,2.205229765440227
2021-02-03,2.688951096651036,1.9504791674279465,1.808058560302558,1.549761780340659,1.3867218282747875,2.1879191747141817
2021-02-04,2.636887826473921,1.9179676115128488,1.7869289424344375,1.5358534500154926,1.3667640043361593,2.156793435293034
2021-02-05,2.6052905402492836,1.9041059469390387,1.778049834621256,1.5170898560752006,1.3270184161717957,2.128554187207442
2021-02-08,2.6179805629715043,1.9114160654615164,1.7917355187557855,1.5441536976430108,1.3642813487138634,2.155057384771549
2021-02-09,2.6840326647791515,1.95407614329867,1.8234632546065574,1.5798535594602872,1.414298266331297,2.2089509430808247
2021-02-10,2.712501681584143,1.9683955384238347,1.8371188400504832,1.5915183203597116,1.4319679637717815,2.228970639395186
2021-02-18,2.7934042480805976,2.0022631100634327,1.86641329816089,1.6161325833443627,1.4467981592413257,2.268606767703326
2021-02-19,2.8697202726975353,2.0462613304071002,1.8959868655259726,1.6369055950417029,1.4326519773858293,2.2996149089398523
2021-02-22,2.8951466181336176,2.056057363866852,1.9010171709738388,1.6306617207380172,1.4082557580797759,2.297567224867491
2021-02-23,2.880487405580047,2.0515057650403485,1.903173869880082,1.634754175457505,1.3937916767918248,2.291168521141265
2021-02-24,2.873703674774842,2.041412085540395,1.8852242507085806,1.6168535411168594,1.340309682780964,2.2609581094192266
2021-02-25,2.866899337719309,2.0458323037913857,1.892534538416732,1.618923898706427,1.3324170839106053,2.2605271007476913
2021-02-26,2.8229713058354613,2.0166521267931365,1.8643584253461971,1.5775437873598679,1.2928079089214293,2.2154438140430885
2021-03-01,2.869945398788605,2.046275112770675,1.882497501231202,1.599184287167334,1.3293318658693936,2.2575399762071546
2021-03-02,2.8536490952868077,2.0449104131408085,1.8784721834796967,1.5871044336688471,1.3073229834043665,2.242827223196405
2021-03-03,2.890557119198511,2.0660121715524644,1.9005366833244293,1.6236181683815814,1.341953769308131,2.2807123763744452
2021-03-04,2.8127497478428647,2.0259213022471463,1.873804365297146,1.6094577928191651,1.3195287295647964,2.2415248225250433
2021-03-05,2.837904018470371,2.040037485750498,1.8716931264708174,1.6045353764590211,1.2959174308238728,2.2388017754300478
2021-03-08,2.740914733093137,1.9940554384377183,1.844057743823089,1.593354464923743,1.2707074628375035,2.194904386755662
2021-03-09,2.6564950614838416,1.9470354871099427,1.8158670285366516,1.5721502500708437,1.239769932516169,2.147754288207093
2021-03-10,2.6612576570333117,1.9358802340951617,1.8112622882261835,1.5585937648189545,1.2331396035541502,2.1389961993525004
2021-03-11,2.7120782672807664,1.9758432361715872,1.8473287083823478,1.5969716801177016,1.2828473558022244,2.1922707416790495
2021-03-12,2.7010103137802464,1.9783752753887982,1.866120594624744,1.6153217237102517,1.292603716401618,2.2038380821665324
2021-03-15,2.649429914266871,1.9433771307437997,1.8526604086710814,1.615596551963466,1.2902499777347067,2.1836761025121714
2021-03-16,2.6564318287054474,1.9566752118179482,1.8703604429921745,1.6249412761889523,1.2921096999488049,2.1951363532278347
2021-03-17,2.704287681188172,1.9723515964546914,1.867060988481504,1.6172266519478375,1.291313553614549,2.203491275529417
2021-03-18,2.72360578853694,1.976955853077018,1.8776577030566834,1.6223779737445134,1.308042489295837,2.2172859931076556
2021-03-19,2.6803941684649972,1.9598413767431266,1.8567913543808587,1.601191100288577,1.2886489668902452,2.18910416374725
2021-03-22,2.7179609781922203,1.9849701549793581,1.8870271459540147,1.6257271887496834,1.3109993413464496,2.2222814677089073
2021-03-23,2.6910496488907363,1.9652991468391094,1.8680196181176791,1.6026143463701994,1.2775780256949385,2.1913665059420815
2021-03-24,2.6515276481527783,1.9503999294476566,1.8516284230867723,1.5825829202991577,1.2382918471230029,2.1588070131031776
2021-03-25,2.6625667152331363,1.9522194105803694,1.8461655208577181,1.5779735428505504,1.2372984262562436,2.158147454003723
2021-03-26,2.7264149381530927,1.9811903026489504,1.876624328395817,1.5956036236271665,1.2646275944161354,2.19640563473341
2021-03-29,2.7330803278053146,1.9835368336394248,1.884505807696237,1.6033090090070627,1.272004207555549,2.2045233519247316
2021-03-30,2.7615949027800504,1.989575282330181,1.8831685769226099,1.6067342728208593,1.280362232995223,2.2140167670096864
2021-03-31,2.737329770320987,1.9812867014982547,1.8875293815556653,1.6101616518233395,1.2715359396973023,2.207175379181195
2021-04-01,2.759591701613293,1.9925197232910279,1.8883552759375022,1.6106386009357467,1.282242338350917,2.222439530428043
2021-04-02,2.7845875114870076,2.0060537887017333,1.8947076379565484,1.602642143053975,1.2718264267076245,2.2251625612992876
2021-04-06,2.8026098925555605,2.0113389407205196,1.9034418031667713,1.605286327771746,1.2705720415798347,2.231562202608558
2021-04-07,2.7907030732089293,2.007032638216219,1.9075337244184745,1.6105216282767323,1.2815961893646677,2.234997947511144
2021-04-08,2.794529985580935,2.0090197220501698,1.9097991526774418,1.6038579679480462,1.2738381170338533,2.232028960873325
2021-04-09,2.7600055483239294,1.9975540754594037,1.8958262649401556,1.603347465542271,1.270845216445312,2.2195092406510963
2021-04-12,2.667594029880537,1.9573565691065944,1.8663943635060702,1.5904692158046168,1.2648834331166805,2.18317427429686
2021-04-13,2.664401392210799,1.9560960540115946,1.853213356318319,1.5800844392276456,1.2526470938180292,2.1722119617554556
2021-04-14,2.702617253182729,1.9781087051859203,1.8775742717067363,1.594060542422443,1.2630550055264453,2.1964953874249042
2021-04-15,2.7130341930531934,1.9789786624928891,1.8689803465832064,1.5900437772701477,1.2559525069388284,2.1927938260955573
2021-04-16,2.717499442835291,1.9981205656417451,1.8865977476909463,1.606305824903524,1.2726218337261261,2.2121975772271205
2021-04-19,2.803472017136855,2.0371974796059003,1.9244052899386301,1.626333763490369,1.2823794746489203,2.252622932382843
2021-04-20,2.799035329890163,2.0343935441067122,1.919910472207821,1.619715645717883,1.282553226278542,2.2484652726033048
2021-04-21,2.783999588970238,2.0285480153689828,1.9195566214631323,1.6210135702459239,1.2802194995381424,2.244216715696716
2021-04-22,2.797623235878553,2.0345067515337076,1.9185199520148026,1.6222761216433947,1.2832514787811427,2.2489017997192304
2021-04-23,2.813161587798047,2.036572195042981,1.9186618986732082,1.6170829392748454,1.282424843752872,2.2501602747663294
2021-04-26,2.822722606302696,2.018451118941263,1.9053566707726721,1.6040553418120347,1.2756298230251732,2.2385545770295026
2021-04-27,2.8068589765719683,2.017079553064512,1.9014868234013296,1.600355324155262,1.2749300220687398,2.2335465805356076
2021-04-28,2.837598508035441,2.0274991355901597,1.9119375754597352,1.6079441809250004,1.2850731292109767,2.24887368926747
2021-04-29,2.8426977031235685,2.0419484084923822,1.9244630913432117,1.619634741718776,1.2917726696994312,2.261448819697247
2021-04-30,2.818523900471215,2.0266912559855115,1.9104777082266196,1.6080325633158343,1.2863252601485848,2.2457890544119596
2021-05-06,2.812712288032916,2.0160300041852217,1.904618648537131,1.61291133504241,1.2906559832494549,2.2492253224353984
2021-05-07,2.803790794964954,2.0145842811885353,1.9019794121050908,1.608704908989386,1.2786255121469712,2.241486259087475
2021-05-10,2.8063321097486376,2.0138810560595486,1.9064636523806469,1.6176518054622124,1.3015885255493107,2.2533373016962845
2021-05-11,2.8307690215081616,2.022213022423332,1.9132340701203923,1.6061257705637588,1.2883887922581734,2.252945188439611
2021-05-12,2.8309853990798395,2.029502005557529,1.920070866305119,1.6151657538445332,1.3040857253203253,2.264239717605975
2021-05-13,2.810398380697127,2.011727424967867,1.8989824146964431,1.5918805578625932,1.280169775846391,2.2371733853800717
2021-05-14,2.868863575583352,2.051195935188497,1.9268928767842564,1.6150492876144584,1.2948948477291276,2.2734946662016124
2021-05-17,2.879940846132528,2.0536564230328,1.9331425208627997,1.6307213699249339,1.319242518868897,2.2902324609284586
2021-05-18,2.8947841370039904,2.063095730343292,1.9455929324921648,1.633680876662104,1.325821085867177,2.300764022362847
2021-05-19,2.8904215235272703,2.058344850246385,1.9339244967132565,1.6288352483552708,1.3245847295075184,2.294457250511644
2021-05-20,2.887463429918024,2.054964453196903,1.9286999686431605,1.6223606739457033,1.3074405346434173,2.284230734775873
2021-05-21,2.875056472492293,2.037784276892261,1.9191531270508928,1.613512359728536,1.3125706647267645,2.2754879664163568
2021-05-24,2.888661191380298,2.047757382725846,1.9270881736957899,1.625130075928063,1.3129147315195295,2.285146563400305
2021-05-25,2.936171906767507,2.077901455129829,1.9566859978724027,1.6550265787281881,1.3337248167266467,2.322062349584888
2021-05-26,2.9479795415949206,2.08943031462589,1.9600227723921686,1.6631407438827714,1.3268719362895156,2.3271893076625956
2021-05-27,2.9613933529005823,2.1055905512111837,1.9722788714407917,1.670597543697002,1.3381732541910965,2.341868434766447
2021-05-28,2.9470650372313547,2.1067204885844197,1.9684509926111429,1.6654096028560248,1.340773109963274,2.338400046024316
2021-05-31,2.9587719519506357,2.1066311240689344,1.9801382250520978,1.6731623472036692,1.3596701720915982,2.3517834409813507
2021-06-01,2.946291761832441,2.104790338719706,1.9833143205927397,1.6752692439466728,1.3642125915165157,2.3573612518129963
2021-06-02,2.931578479722869,2.09358342976352,1.9714737301711132,1.6581797704205679,1.3504329504494919,2.3401138284298555
2021-06-03,2.918444752379026,2.0878039848277243,1.9741126880465214,1.6641313298094744,1.342218486872786,2.3361664092847594
2021-06-04,2.909999957406099,2.0900432024536744,1.9790866983839752,1.6718708712863928,1.3507443346770385,2.3416292079989756
2021-06-07,2.9119690510653853,2.097497975080396,1.9891801432051128,1.67699959171532,1.363125217573539,2.3517429511813384
2021-06-08,2.897362754900616,2.0923940636108513,1.9882415785907468,1.6763367027499625,1.348621220966359,2.3428061253083325
2021-06-09,2.905284176614564,2.0932440648195967,1.99680432349528,1.678467468617319,1.3592876857000824,2.3506184380224586
2021-06-10,2.9188028209608006,2.1000184478083344,2.003181850960596,1.6915714618006812,1.3769212385279075,2.3656053834008444
2021-06-11,2.8943379874456685,2.0900801416770225,1.9910181854086748,1.6749721645495006,1.3687135062773848,2.3490673563198206
2021-06-15,2.8666548951406052,2.0700885405931357,1.977558451978765,1.653590170538643,1.3532209886280953,2.325598834368761
2021-06-16,2.832053556502841,2.0591774834335834,1.9597976082811315,1.635225219000707,1.317138631693505,2.2957485045141066
2021-06-17,2.825535556377298,2.0643315080161875,1.9744381500247714,1.6446628861012247,1.338548664307254,2.3093997178458534
2021-06-18,2.83270458101225,2.067883239738544,1.9760827675501111,1.654931223381853,1.3600174754374805,2.322055457417593
2021-06-21,2.8471049543978024,2.0634905698967327,1.9826500347573444,1.6611493024834831,1.3744975222996223,2.3316911388048003
2021-06-22,2.864735885411672,2.0781238468842393,1.9922860499313353,1.6718119387084243,1.3872629170325739,2.3474770098295497
2021-06-23,2.884240730491886,2.0905640288387617,2.012871573081471,1.6789434499240614,1.4025209693268128,2.3655238913132526
2021-06-24,2.8902764542629957,2.0974113631787104,2.015948552913567,1.6733227637448311,1.3944138881371877,2.364464606213297
2021-06-25,2.922483114041418,2.1137416334613373,2.03018644291438,1.6868448816413388,1.4178824820702034,2.3885558843817134
2021-06-28,2.9337219734160267,2.1079532879046607,2.025170501095111,1.6863728333484287,1.4218581377276325,2.389125652123364
2021-06-29,2.909191707634251,2.0874537207777624,2.0079963875583475,1.670176737705774,1.409580243177267,2.3677224623045596
2021-06-30,2.911962150805629,2.106667944532584,2.023671022525649,1.6857042926306245,1.4217559848289631,2.3847036233917134
2021-07-01,2.886718051975335,2.0868767462283166,1.997673281207316,1.6618997950564445,1.3959783056043262,2.3599201702815016
2021-07-02,2.8401392031676607,2.062297140177589,1.9753220310984083,1.648554503896035,1.3894320618981184,2.3354606452680438
2021-07-05,2.849555442118884,2.0601507504085896,1.9769285299934587,1.6572965781992348,1.4159474500845173,2.348342888844139
2021-07-06,2.863861102087221,2.0690096524576,1.9835654277253116,1.6635082300146344,1.411053029927657,2.354418335808673
2021-07-07,2.8852874715419197,2.0838430878298344,1.991079575563285,1.677339163419247,1.4430086906480553,2.377725109384185
2021-07-08,2.8515889447288214,2.0683800675969772,1.9826366942624896,1.6736826897438661,1.4432246884627795,2.365654251777804
2021-07-09,2.8782141664082737,2.0788814920363783,1.99323805975142,1.690758584288249,1.4578882699187212,2.384653241975723
2021-07-12,2.897085207964253,2.096527703973848,2.0077109772692294,1.717387413263059,1.4822469000867131,2.4107776770106595
2021-07-13,2.9342739990798075,2.1083357132526945,2.01638701786201,1.7277809414820275,1.4875792321283188,2.426433974344092
2021-07-14,2.901817945927062,2.090811586201071,2.004776628995876,1.7125833589313282,1.466702263443009,2.403132641893117
2021-07-15,2.926624849185707,2.106761784987556,2.0051981026439623,1.7201464818408119,1.4778069729020764,2.4167916205798075
2021-07-16,2.9273766267921215,2.109123891391437,2.009937724418769,1.7291427710950846,1.4744009955619712,2.4199931233310408
2021-07-19,2.914780294265177,2.1077318155096028,2.007326368724677,1.7321890169401164,1.4667763765626616,2.4152869499122187
2021-07-20,2.907298103162301,2.1008836003293734,2.006411089435632,1.7317525559419376,1.473827425993169,2.414470660221569
2021-07-21,2.9201560987157054,2.1039825154088003,2.0156952405880797,1.7472828115988694,1.5111902944959792,2.436178199691067
2021-07-22,2.932874662099561,2.1223826323665076,2.0297966001498415,1.7544024532882196,1.5250114202776304,2.4524122826965953
2021-07-23,2.915510548501249,2.1125620752368013,2.0286390833954893,1.7433597000034236,1.5103363142717015,2.439130607414199
2021-07-26,2.843515155204288,2.0738943075483336,2.001500011220295,1.7190830287261043,1.4907042441894174,2.398475344290024
2021-07-27,2.7561441781590315,2.025214856530387,1.9680864360681312,1.6965963999321505,1.4474552738265098,2.3442120661910444
2021-07-28,2.723650806870269,2.0055111533648198,1.9418714013240075,1.6653676626341907,1.4230703839327017,2.3113473181486026
2021-07-29,2.7583632956827353,2.0210013666907303,1.9621398454627306,1.7023093033392347,1.473916290067237,2.3524604905082547
2021-07-30,2.764822674210117,2.0190281679531394,1.9725490652121793,1.7160899498914843,1.4744948481609934,2.3595778679047057
2021-08-02,2.8281398766019317,2.055146784879761,2.006765226776567,1.7487879899875378,1.5024730474001498,2.409689203486999
2021-08-03,2.86082383639843,2.067225441593911,2.008490186836787,1.7378873556103036,1.4531244478752854,2.3996359889877157
2021-08-04,2.8521591682695364,2.0726969177925403,2.0093065513607513,1.7659471771942583,1.5059049436545198,2.4248385908573407
2021-08-05,2.8347025601048745,2.070087882990067,2.0012101612571973,1.7650275990623145,1.4929928249363877,2.4148654408494363
2021-08-06,2.8030828882798615,2.062142322490533,2.000367772667702,1.7754227982510178,1.5229314550664956,2.41996034917759
2021-08-09,2.9034017880006626,2.086963433794072,2.021255410621177,1.7906263333214876,1.5134695767834738,2.4493155185691333
2021-08-10,2.953414767253255,2.1014316665008224,2.031808973506017,1.8014409736239032,1.5161624575310584,2.4675465250707327
2021-08-11,2.9476030312491344,2.0994548772683492,2.0405871266925324,1.813196501899288,1.5353438674953481,2.4777196710520917
2021-08-12,2.932090408640096,2.09951838370062,2.0439778254907623,1.8083735993359618,1.553541344994814,2.4805283005358225
2021-08-13,2.9256375058382633,2.099497695692243,2.043864261279292,1.8067274231656842,1.5558501164098537,2.4796908433389557
2021-08-16,2.9466780089452187,2.1001342174920987,2.0507912279990728,1.8067818085351106,1.5269086032934838,2.475862293512836
2021-08-17,2.8879557244347813,2.0713463152842566,2.0223922454060816,1.7696947398103646,1.489047248473498,2.429893556242295
2021-08-18,2.9146560934657617,2.10798990854143,2.0494889371502043,1.7935940799273642,1.5029727874052619,2.460575909925476
2021-08-19,2.8793061026332767,2.0963663862658035,2.0449366026372187,1.7888694279805442,1.5168984199379696,2.4540773597007393
2021-08-20,2.82577403997016,2.0911446307251373,2.042344868757346,1.7802784987563287,1.5257410723249658,2.4436058300546843
2021-08-23,2.860137146028,2.106009238161214,2.0634937490098118,1.8141697360369309,1.5795755849675794,2.4846661082222785
2021-08-24,2.883743519342866,2.126327093809888,2.0676061266313654,1.8331939906008314,1.6084156149173008,2.508833066549061
2021-08-25,2.9043908808243657,2.1260785677628316,2.0807597940846745,1.8451021746996898,1.6313500165486943,2.5260078734534477
2021-08-26,2.8422567028957855,2.114850252874355,2.0727108179090776,1.8396979965140265,1.630134197644087,2.508695229819639
2021-08-27,2.829278982214525,2.1125544602454607,2.074878091113972,1.8433630653331847,1.663759854019586,2.5177633965346335
2021-08-30,2.796901636594841,2.116556575836662,2.077875822111351,1.861269764995925,1.6958371555457723,2.5282669496009853
2021-08-31,2.798314369810397,2.133188120858316,2.0966104521051503,1.8775915590732424,1.7198272523787652,2.5486397210665026
2021-09-01,2.868970498073953,2.1785656886488396,2.1183121905084255,1.8679277587392311,1.657648904580929,2.5615861923169683
2021-09-02,2.8448600700230586,2.1878581729338697,2.15218367226541,1.8985821091965842,1.7209003416313295,2.5956140995656765
2021-09-03,2.8526154358863502,2.1924487533964867,2.1619691382780224,1.8882082156442115,1.6751489829635136,2.5838410866724146
2021-09-06,2.930424809974352,2.225249880089515,2.1863931906975607,1.9201214545991525,1.6835210122188926,2.622822829138227
2021-09-07,2.954284454923479,2.24630578664256,2.21963119576692,1.955613648624612,1.7378445203171422,2.6666547410351455
2021-09-08,2.9710281796617677,2.2529771159112215,2.2305587697240163,1.9787183821846452,1.7422740468735995,2.6815475274631675
2021-09-09,2.9455057934272597,2.2655530430186777,2.2403849794010275,2.003697902718936,1.781983892509005,2.7012905901074755
2021-09-10,2.959141240586288,2.268192494606116,2.2395577947098544,2.002268436285693,1.7797202371093046,2.703149804128692
2021-09-13,2.943324486164907,2.265260017878948,2.2556198889630976,2.0265578059274896,1.8129650300604945,2.7200957350779458
2021-09-14,2.9292669867929546,2.228350716997331,2.206138826159025,1.9901862277150444,1.783648692407232,2.678138623738211
2021-09-15,2.898333548029076,2.2211825324503613,2.2248651822662104,1.9956336258260507,1.819428527160914,2.687516605303449
2021-09-16,2.868795728263902,2.1907178018193405,2.1883282279729106,1.958384606158124,1.7675756751051355,2.6404884285990833
2021-09-17,2.8808700360089334,2.193371201193666,2.1925457947264353,1.9726687422927294,1.7501915734835,2.6430265624749585
2021-09-22,2.8679246459016996,2.186932944217494,2.2200440681327738,1.994906213620034,1.796222525677647,2.665590673841099
2021-09-23,2.9026875037747826,2.2078643816049444,2.2393499236574113,2.0208486780619728,1.7897773723569403,2.6868113015643784
2021-09-24,2.9050320105107943,2.1953928977158506,2.2110290771101755,1.9929627735902173,1.7302044900575646,2.6521127174899917
2021-09-27,2.9263600866199835,2.1823200190379666,2.161220648954312,1.9434630468381584,1.6468912064558714,2.6021841972351516
2021-09-28,2.90875070475107,2.1910059557191173,2.190011090367858,1.97035157853881,1.6602516401009917,2.61947930406592
2021-09-29,2.8626135286357086,2.1628378000163533,2.1476171808335893,1.9127478662916744,1.5958936328380446,2.5586681548359604
2021-09-30,2.8922312041943763,2.1779473830385876,2.16705483724785,1.9337284263342673,1.6428947784062784,2.5928536421044397
2021-10-08,2.932679930332686,2.2112982060792112,2.172282294035835,1.946526232031721,1.601774639325718,2.6057293275264413
2021-10-11,2.9421693538677802,2.2263063849102434,2.182994013762439,1.9509105657220878,1.5776268328004677,2.6068533484261387
2021-10-12,2.873397466317004,2.1906555831595913,2.1581438801028168,1.924930649846235,1.5420695163709124,2.5616592605519846
2021-10-13,2.9123353984216687,2.207705202564686,2.16404213190994,1.9267891742938255,1.516008231432237,2.565882732747988
2021-10-14,2.946000801537032,2.2143511169244516,2.1650706122507932,1.9306087545578945,1.508819477535283,2.5722310065978946
2021-10-15,2.964656575546104,2.220913156251355,2.161315380315899,1.9256977496023633,1.513952980693518,2.5765850029760395
2021-10-18,3.021376767859421,2.2143376511172588,2.161506645113374,1.9252464265393794,1.5368908850926928,2.592712797587084
2021-10-19,3.040984323458667,2.234570550759533,2.174869696212474,1.9390193836680971,1.5555035153067631,2.6140028419459553
2021-10-20,3.046509686760099,2.224981029114154,2.1664217254284286,1.9274758335189222,1.5567092469313715,2.607991414242083
2021-10-21,3.0372515520802144,2.2187265314331026,2.169305594397878,1.9344615487157961,1.5553296461079806,2.6070495265706892
2021-10-22,3.004897880447105,2.213769144796884,2.160708433602564,1.9270618993736048,1.522014120527214,2.5850898490679115
2021-10-25,3.054999960720865,2.220882617278036,2.164245992995057,1.9327246162710996,1.5461716550709055,2.6059850637043893
2021-10-26,3.0625769068377053,2.2270571267539303,2.1573553591397507,1.929461854866418,1.5398228209671274,2.604063032974678
2021-10-27,3.0324156045415283,2.195136149320782,2.1178815088049303,1.9042192820568635,1.5440232644166756,2.5765500370068968
2021-10-28,2.948704134382365,2.1650405009095945,2.103540480318185,1.8889075874028287,1.5222650872760433,2.540299831784982
2021-10-29,2.9916805479217596,2.1917823802257983,2.1172982377166276,1.9020584233571718,1.5258075369308584,2.5620509254254396
2021-11-01,2.998685391178334,2.206769754102268,2.1278780206114933,1.912198072747556,1.5197723352817467,2.575643130949956
2021-11-02,2.918234705739234,2.172974418843862,2.1049003244088964,1.902551521291994,1.5196325830919066,2.5457215782056863
2021-11-03,2.95902514003145,2.1855670509045577,2.10735178458698,1.905500056867264,1.5171719612519747,2.55636040147631
2021-11-04,2.955684769409663,2.191344531802971,2.1262676169841264,1.9257851303317666,1.5468395942159294,2.577160574598109
2021-11-05,2.86998087687471,2.161596268732552,2.1113235213653465,1.9195900803194863,1.5406192738681954,2.5478439889382063
2021-11-08,2.8991909183884554,2.171761651217368,2.1174073636319877,1.9224850367633783,1.5410908072188356,2.5578242131660662
2021-11-09,2.900478574515541,2.184315823069426,2.1312224305654093,1.933749494839845,1.5465931363927714,2.569160497205422
2021-11-10,2.879448997097888,2.1829952678557922,2.1292915227291025,1.9310117923527519,1.5321531745280115,2.55911989931536
2021-11-11,2.922235510522283,2.2099770942947723,2.1513036226341247,1.9504571345418151,1.54383441085206,2.5874020708210974
2021-11-12,2.9097712997551444,2.2139625800756257,2.15725047167648,1.9635768473422852,1.560527691421137,2.596638620105845
2021-11-15,2.905384448922529,2.216494073978128,2.15257839830675,1.9537644618498553,1.5532752585172256,2.5903147490705316
2021-11-16,2.868535524368462,2.203608109521054,2.1384388129149454,1.9438686352905263,1.5503801579751129,2.5737405439294734
2021-11-17,2.9071412298432153,2.220171485450238,2.1545120283624084,1.9558658680446956,1.5597689181365748,2.5947033883073836
2021-11-18,2.9234787511133313,2.22495415757424,2.1392643498767234,1.9464221312579693,1.5521100439968398,2.5900361363882505
2021-11-19,2.9726884639033035,2.2597423521497246,2.1599043992196343,1.9590449261822855,1.5641685086612962,2.619244111912647
2021-11-22,2.9965768863455313,2.2704347205966986,2.1715845031099206,1.9691192252757814,1.5878518620182878,2.6394016945514207
2021-11-23,3.0199794889733047,2.2864835085885167,2.174497519815493,1.9648527168494068,1.5763741003364633,2.6430043835374435
2021-11-24,3.04365155371762,2.2881543484756053,2.179817582928745,1.9605430625817728,1.5634413786321428,2.6433200535878223
2021-11-25,3.0380879920914277,2.292969226704667,2.1746313867173734,1.9604273163430217,1.5522404212230827,2.638392110931074
2021-11-26,3.024816028296926,2.2795935529122593,2.1646415528082352,1.9501768323375648,1.5485965661332561,2.6265875409424306
2021-11-29,3.011361971033524,2.2761467016282912,2.16277025539887,1.946860735655827,1.558675778433691,2.6255305918190057
2021-11-30,3.0187338772613153,2.2835819900717333,2.171964294409267,1.9548092349414383,1.5581484784535136,2.6327226410822373
2021-12-01,3.047182874550793,2.298762164997137,2.190469144277692,1.9546860276874412,1.5474884042902186,2.6479427648001046
2021-12-02,3.038172388903929,2.305476187654077,2.19425146827078,1.9559993733381635,1.5370541591003921,2.645597150999923
2021-12-03,3.09198018681706,2.3279805524914976,2.215131819772003,1.9734157352472241,1.5521541426999126,2.6750949601991882
2021-12-06,3.1050226557648837,2.328846499107885,2.2031157166042545,1.9504238896199964,1.5397995792911012,2.6641717243536074
2021-12-07,3.142657169885446,2.3500497344515954,2.2115224317753945,1.9418296587318682,1.5048394240311185,2.663042036103746
2021-12-08,3.1801846709436763,2.361265682831169,2.2299342877668353,1.9773747578059997,1.5394798717771825,2.698404758239215
2021-12-09,3.2078158978998594,2.3843306910797946,2.258268434534219,1.99334817870877,1.53464621346153,2.717871115856843
2021-12-10,3.2014997228979993,2.3687978103007836,2.249547876547785,1.987289938449543,1.531303870503979,2.708337229781851
2021-12-13,3.2199619491452793,2.3873191399690357,2.256659067418135,1.9961582422154254,1.5413801915983112,2.723384144897283
2021-12-14,3.1677562789394615,2.365697532431838,2.236951813958292,1.9936542145839335,1.538751303942679,2.7032290827434053
2021-12-15,3.1668085546398377,2.3611231201930454,2.240190996676608,1.988094618794023,1.533093258526423,2.6993181351387747
2021-12-16,3.212240043687623,2.385697417474411,2.260310862691922,2.0025025130401497,1.5428052710711018,2.724869314069215
2021-12-17,3.182500543692766,2.37292447949778,2.2532509899549145,1.9863164993748132,1.5206572337260698,2.7029623676007555
2021-12-20,3.1079036936884563,2.352114823399429,2.2248568553888033,1.9640420986251503,1.4973900199314436,2.664362229970276
2021-12-21,3.1440737464635085,2.377865548033552,2.255095768011954,1.976149729113548,1.5162000726024074,2.693642596374399
2021-12-22,3.146178638823922,2.3759896840461163,2.2653098461527392,1.9852650899495374,1.5271956473666095,2.7024234304654557
2021-12-23,3.1814237590859076,2.3880155749661527,2.269772487859663,1.991952333645152,1.5417972647947928,2.7192866916962366
2021-12-24,3.1505255763566553,2.3750149005366774,2.2592210391218903,1.978771977740361,1.5165399379132551,2.6959826258294557
2021-12-27,3.1519721243407033,2.38888122362249,2.270865061171705,1.9806946339197693,1.5121332278249333,2.701099618935611
2021-12-28,3.1553141995114835,2.3908896966380295,2.2710038538399338,1.9861893476586157,1.527391981665373,2.709120985537593
2021-12-29,3.1406577900416046,2.3805008897201487,2.25168096732367,1.9732883700116057,1.5182979583599574,2.6928888191991636
2021-12-30,3.150900155397713,2.389936220800878,2.268364522435105,1.988806057090891,1.5318305703274575,2.7098097454568006
2021-12-31,3.1776079552172334,2.4084335295628705,2.290883090519015,2.0128742817850798,1.5384093006529078,2.7328506545207745
2022-01-04,3.1619307372307883,2.4111680986010344,2.308481571102015,2.0151937292300843,1.5096035355682536,2.731773095135892
2022-01-05,3.085432153760769,2.3892385816968367,2.297007640990842,1.997518666206602,1.4783675364919437,2.694720414933892
2022-01-06,3.097222954612905,2.3893574657216816,2.2993788870305703,1.9914006859916982,1.4758808744834917,2.694824478014488
2022-01-07,3.062387746350264,2.392386224118533,2.299151972417146,1.980522822433217,1.471682579104589,2.684878399770274
2022-01-10,3.065996792716407,2.405168823445736,2.3157421043088546,1.9930479603585123,1.4790993078587753,2.698338352098161
2022-01-11,3.031844917838886,2.391557663922212,2.3042448581402417,1.9742912787651041,1.4683116795344409,2.677561923893266
2022-01-12,3.096679449011378,2.4113841191851364,2.3134566258888256,1.9901480225780417,1.4773402763581567,2.703245215531352
2022-01-13,3.044888627037119,2.394442716574997,2.2992220026890497,1.9619597742226822,1.4435643143375552,2.667043319933347
2022-01-14,3.0423751901821743,2.3640881601441013,2.268075110798518,1.9405464634439242,1.4434176751873573,2.6467719290391183
2022-01-17,3.0706094839220093,2.3834452513830486,2.287760370968477,1.9655834758384092,1.4568214580668168,2.6723568307426087
2022-01-18,3.089147484634999,2.399390492648609,2.3047489859296793,1.9854300159177476,1.4697364479739043,2.693254184082083
2022-01-19,3.036471498776056,2.3922221419072116,2.296780103773814,1.9766026231699345,1.461850935142746,2.675261769788422
2022-01-20,3.008632048383456,2.384803955481145,2.2977372499641144,1.9719209832321751,1.458289102815726,2.666320724538871
2022-01-21,2.9777683284564427,2.3597795243498063,2.2746270243426947,1.949254123198531,1.4363339075128407,2.635738696606565
2022-01-24,3.0072849849346732,2.354311902104926,2.2655756278049295,1.9553080882780778,1.436616466905923,2.639426594811902
2022-01-25,2.9192010736526965,2.281981191246747,2.193064764895084,1.8962482575452309,1.388312950702577,2.5571666180394956
2022-01-26,2.943244906619955,2.299305589269896,2.2136114602772494,1.9097955145989614,1.398346402340746,2.5774047817121297
2022-01-27,2.8639015150614915,2.2495790576747874,2.166867383474252,1.8676753730387907,1.371248425084321,2.5200948865418247
2022-01-28,2.8403711851942006,2.2356413197551968,2.1510098124905186,1.86058575681566,1.3685181367727954,2.506213316361134
2022-02-07,2.8944654210290857,2.2666283197292136,2.1982039040056263,1.8925172277762503,1.3860427224732086,2.5544169466342876
2022-02-08,2.899920551232388,2.2722772218270855,2.2246046957919523,1.9185235694322929,1.4052518277189612,2.576881025505832
2022-02-09,2.9485005709701575,2.306553493570719,2.2541341092842146,1.9400152555781454,1.4152496741493668,2.6095631277700333
2022-02-10,2.932928942498456,2.2947595043597895,2.261042110287669,1.946843573535322,1.4286884321182116,2.6125395736969796
2022-02-11,2.8798631528025043,2.263332741483917,2.237678622352151,1.9325922719339967,1.418440215394818,2.5829457307424972
2022-02-14,2.8656929180774022,2.2482559652124117,2.2126445433247026,1.90471256592532,1.3950386664800085,2.5552085519518117
2022-02-15,2.921963530903557,2.282352587460431,2.225146887955979,1.9073237432219852,1.3949412545973738,2.5765593452373228
2022-02-16,2.931435017794099,2.2901204205026557,2.2332013310283565,1.9149762624553288,1.4044001398174282,2.587418011870011
2022-02-17,2.9563747104765126,2.299973199144105,2.231098301298756,1.9110396119661066,1.401750653330239,2.5915356068919833
2022-02-18,2.952585869489353,2.3120526328758735,2.2428184977782855,1.9356060309069851,1.4279037259383383,2.6126543715117525
2022-02-21,2.966780243588038,2.3278112502593307,2.258349942787652,1.9425054385894822,1.432877085486208,2.626019783621312
2022-02-22,2.940903549212326,2.3048268052587697,2.2303038194026863,1.9250100423608918,1.4233615985663477,2.6015281331291567
2022-02-23,3.0103456763528187,2.3481602245605746,2.251498269587082,1.9316093767941414,1.4192063693798365,2.628804131951257
2022-02-24,2.9689960987161124,2.3038847030676286,2.2093914578690708,1.8953654523719081,1.3950170589501958,2.5830291277444646
2022-02-25,3.0139946156001343,2.327537264385112,2.2195499324587327,1.9045904787795573,1.3911873921426157,2.599631950489319
2022-02-28,3.032625423767172,2.3351102760628075,2.224661233933532,1.9073989076519147,1.3962508130352502,2.608408201350623
2022-03-01,3.0354988764860344,2.330238807779451,2.2311902522421465,1.9041597844907985,1.4059891233603656,2.6183312973017197
2022-03-02,3.01401366763533,2.324016913899945,2.2304082503342153,1.9032687191130553,1.4125068613816902,2.615197792741264
2022-03-03,2.9757270512631715,2.322931788942574,2.242002498417878,1.9112865705854531,1.4143147483053908,2.613843794802789
2022-03-04,2.937029065788213,2.3043417141073284,2.220510487829838,1.8901134637994699,1.3977007392887053,2.5859073882417807
2022-03-07,2.8385081936540533,2.244728000857814,2.169594141097174,1.8486396247951404,1.3836832067658984,2.526735544467676
2022-03-08,2.7553274547451547,2.1761970348315716,2.1028970758230763,1.7955760360306676,1.3347865159468597,2.4486071196136416
2022-03-09,2.7134939742130064,2.131116039820098,2.0666241385756727,1.770939008097369,1.3224559256065158,2.411336490887628
2022-03-10,2.7526685463713996,2.1589015422217708,2.101412405179243,1.8015903544951266,1.3455965925872,2.4494848388898003
2022-03-11,2.7770620086933366,2.1876485277869806,2.114595476332742,1.8061610207659877,1.3468081073542642,2.4651176751692345
2022-03-14,2.7059057470626966,2.1397541136732556,2.0659148639552756,1.7604952385960446,1.3094055563784721,2.4041800014137578
2022-03-15,2.5630639393386314,2.0236875236680754,1.9560610912334075,1.6577306024589722,1.2342739064962762,2.2715001988136407
2022-03-16,2.6665479585026586,2.0916825686020837,2.0188964175455966,1.7140643826149513,1.2785816333826838,2.3514683408734323
2022-03-17,2.7346650723035197,2.1276472831623217,2.041161297902702,1.7350294967508026,1.2961543163952736,2.3890113530175996
2022-03-18,2.749177151362239,2.1479395108303634,2.0661339695047705,1.7520500967402768,1.3114082502000228,2.4122408813235925
2022-03-21,2.7476501720545183,2.1473293882378237,2.059752033655747,1.7640090737851244,1.3231450658720691,2.4179438391043915
2022-03-22,2.7465832752218566,2.148730541673321,2.067547172290715,1.7621116091829527,1.3306200730154845,2.4221043893022105
2022-03-23,2.7589883540046642,2.163293148195753,2.0769072970482063,1.7708127184989566,1.3314870161414936,2.4324770753292952
2022-03-24,2.7243822254277976,2.1457913247241915,2.068818869970941,1.758537002824619,1.3317830656845713,2.417252499319948
2022-03-25,2.6895011219734655,2.121077800004986,2.047212066483665,1.7338846764347988,1.3121942993469333,2.386556863364639
2022-03-28,2.6769040294903452,2.1197902759742617,2.0528408214544624,1.7332667144118885,1.314120415682295,2.3858554847284936
2022-03-29,2.6469682480576484,2.1036880989038895,2.0489471140633717,1.7255762355888118,1.3208136988757562,2.376271963816231
2022-03-30,2.734671736991034,2.154927249258007,2.0848148466907337,1.7551586678318873,1.3340794238590878,2.424889118919678
2022-03-31,2.7107090773973312,2.14986002518354,2.0795331188214394,1.7405069126081167,1.3169660659390787,2.4079928524822454
2022-04-01,2.729630144092448,2.1574147857285038,2.092850550732803,1.7521447447812895,1.3241731059121695,2.427447809299321
2022-04-06,2.6973405508771737,2.1534118490509555,2.097044505102356,1.7655810108121093,1.3286627112113982,2.4271459242886135
2022-04-07,2.6447621124185274,2.1143370488062083,2.0620598038864606,1.7374344332085792,1.3108397555409361,2.38652661072808
2022-04-08,2.6365804700246858,2.1129239910988726,2.07754063092181,1.7520181260219707,1.3177074585709736,2.3948214999874198
2022-04-11,2.517094291071127,2.033211948216585,2.0198752678113765,1.7082198432909912,1.2955235616205507,2.321714740940826
2022-04-12,2.5795053157248327,2.0725159991664075,2.0615867923211857,1.737465859786898,1.3075617664105856,2.364057868142268
2022-04-13,2.546524050625972,2.050044437503915,2.0348522139918797,1.7199664665917809,1.3037560348484571,2.3406164167591306
2022-04-14,2.5860675203545034,2.0774670549301963,2.0571085015935315,1.7360833390478871,1.327116353886367,2.3720418680961655
2022-04-15,2.5953579373829148,2.0654775694809633,2.0413129708415663,1.7270671062349106,1.317234627707271,2.361369257906254
2022-04-18,2.6278343903208867,2.0768202311054758,2.0335519876470123,1.7180489309758495,1.3040222644442514,2.360873758839433
2022-04-19,2.6057626318128744,2.0792234722890846,2.034572829296105,1.7230233257494951,1.3145422312304726,2.3628675869633207
2022-04-20,2.575394389164276,2.0520110782223546,2.0027503761925387,1.691871198281071,1.2802472130347005,2.3229106696766415
2022-04-21,2.4863225264298205,1.9775274097143984,1.941637272422061,1.6512740674310546,1.2549636337611925,2.255480020586249
2022-04-22,2.4851954431438363,1.972061104013456,1.9464344659829484,1.6549213307234507,1.2644255577590526,2.259540573229328
2022-04-25,2.3131275530959394,1.8388479380420066,1.8253414019717125,1.566130450282086,1.2073282376533796,2.124958040433449
2022-04-26,2.2458418629988084,1.7867203569777446,1.7772886207762526,1.5252376961470242,1.1843366157212913,2.0701698104879402
2022-04-27,2.3716767828702134,1.8615138722415223,1.8376449011229568,1.5707246476157755,1.2121001786469636,2.146814065682573
2022-04-28,2.3786761734888824,1.8589995707399947,1.8292129290613144,1.570387765923902,1.2221276631757858,2.148991124988311
2022-04-29,2.480555328745976,1.940484059385179,1.899966123618713,1.6142257235227733,1.2544224428647974,2.2262184016965376
2022-05-05,2.49748571859616,1.9698526887516759,1.9206768337756424,1.6165066313373604,1.262976638906573,2.2490108493651193
2022-05-06,2.4590540011325226,1.9336654778652764,1.8766218461806339,1.5820466428382935,1.2249133780912802,2.2003547143984417
2022-05-09,2.4870644211153548,1.9417975189710952,1.8881247844884506,1.5829491620451153,1.220068314787613,2.2084264065605517
2022-05-10,2.5309924446313454,1.9665557490551016,1.9080975786011363,1.5943750810360822,1.2378340950186952,2.2361803846750794
2022-05-11,2.585425593407513,1.9913430300303274,1.9169944490582969,1.6066267220500021,1.2422367924747055,2.2585698735114517
2022-05-12,2.587253630595842,1.994625385217023,1.9167059104054962,1.6042897150386648,1.2377806965990155,2.257281061339468
2022-05-13,2.61217870678076,2.0117755288439763,1.9365787205481027,1.6219159007275281,1.2514902154262963,2.280155047373971
2022-05-16,2.6025737792115518,2.0055058051031858,1.9349653421252098,1.618341297987684,1.2521641278057405,2.275920040008597
2022-05-17,2.6332056962863564,2.0266689872533585,1.9400352209123994,1.623666630924386,1.2550733120509554,2.2898367855910577
2022-05-18,2.65328462779287,2.0266251788367122,1.9350362989111136,1.6185161851969216,1.243273598989565,2.2863859074231754
2022-05-19,2.6753342066291554,2.0363145629348818,1.9424140948440523,1.618720772285378,1.2503551180730044,2.296799078728079
2022-05-20,2.724516201435388,2.0763919394352315,1.9736803998751253,1.64187478165235,1.2735970332877338,2.3367971973414257
2022-05-23,2.7529514244497575,2.100643145668994,1.987739596879687,1.6429696803241727,1.2618469558535537,2.346431738749453
2022-05-24,2.632212789825571,2.037068378105292,1.924569469074311,1.6052585303358535,1.2337060070456567,2.275471101728369
2022-05-25,2.673274950033129,2.0722333081006563,1.960371053662597,1.6309743836616621,1.2534401749047788,2.3134549230876957
2022-05-26,2.6887847507235025,2.1004435430100297,1.9883539460490356,1.6543972909627096,1.2641713666785026,2.3396132060750205
2022-05-27,2.6763238937196108,2.0926334467618584,1.9870741754454122,1.65443079056661,1.2687420341836988,2.3371097954293507
2022-05-30,2.722481939679322,2.1124019227172406,2.000479786469253,1.669412211283232,1.2779645923039897,2.3603907874162737
2022-05-31,2.7580009650290456,2.1417084240410174,2.0244931460617455,1.6833984766458714,1.2913975211725486,2.38768496813196
2022-06-01,2.7563950178102488,2.1423860957894996,2.015008961403371,1.6831725662739507,1.285788788550007,2.3888679953902527
2022-06-02,2.7571121780622603,2.149498666614528,2.0244192730475303,1.6978939394958565,1.3061901779447154,2.4045773202687073
2022-06-06,2.7803040764348683,2.17630823341134,2.048137983709465,1.7326912074879735,1.3416363421990039,2.4431806952234774
2022-06-07,2.8053215510496754,2.181409206173432,2.049026310322166,1.7253138301213913,1.3406047922331472,2.4464825363418057
2022-06-08,2.8232184942756486,2.196957258788955,2.059225324304819,1.7343493735233517,1.3498067290745526,2.4614530114004083
2022-06-09,2.817912974913028,2.1854976094279173,2.0358248351261077,1.703531394334563,1.3274205067510902,2.4354571591045726
2022-06-10,2.849938615940562,2.214185789129947,2.0612895503562982,1.7424994526591335,1.3597797457828027,2.476514670551984
2022-06-13,2.809635132741716,2.1924379758219272,2.0505386176457527,1.7486339249318432,1.3703001617231334,2.46764498201542
2022-06-14,2.8520455313403668,2.2251305120508516,2.068375417701675,1.7632056143688213,1.3710565201109866,2.4911355799043373
2022-06-15,2.906166336564004,2.256121050297952,2.0780853564808632,1.7662802231318548,1.3529304816365688,2.5041523299610517
2022-06-16,2.876133050434037,2.2376130644804086,2.0675839229458384,1.7618840008851901,1.3542319362977553,2.4915724918743214
2022-06-17,2.886674910018761,2.2467096881659248,2.0781105738940013,1.7813524488185002,1.374038278082181,2.510767830655678
2022-06-20,2.8934602043940654,2.260798902925971,2.0881708634415563,1.7959705906907453,1.3758855318101604,2.5223229593211407
2022-06-21,2.893013660921516,2.2581366666139,2.0778712024416244,1.7762870218971196,1.3591411574194092,2.507490448307751
2022-06-22,2.8552278258881154,2.2312702585990705,2.0414546020694724,1.7463016566404441,1.3466123384128652,2.473112943657369
2022-06-23,2.888797415379787,2.2626939960767505,2.070914443277234,1.7910152191217419,1.3919439229386803,2.522371675248584
2022-06-24,2.890186244644818,2.2716198694262886,2.0902667188526483,1.8081133462015744,1.412605317044021,2.5416149528303955
2022-06-27,2.9099203924018395,2.2875012869799254,2.1097710228044395,1.8275872422388644,1.4302123045609236,2.565193119796933
2022-06-28,2.9324760985150045,2.311985367828343,2.146240021931792,1.856798767862757,1.4540539484822748,2.6002654096264464
2022-06-29,2.922037896463296,2.2799803943338883,2.1152024369639224,1.8132821270915398,1.4059353038655156,2.554281343190054
2022-06-30,2.9452290074878555,2.2990869114409858,2.1290301938692777,1.8332924189321518,1.425631827343403,2.578764758708462
2022-07-01,2.926443968240945,2.2849485833912317,2.1272121707546736,1.8312092126541055,1.4230130531534924,2.5762686011145095
2022-07-04,2.9570655482210646,2.303107143531176,2.1350435116940845,1.849244024169188,1.4479781292484921,2.60177491144706
2022-07-05,2.983483749716869,2.2994124696567373,2.1271095973937877,1.8388652817464326,1.4340089992649523,2.595726632286365
2022-07-06,2.932203385430948,2.268282571482515,2.0947186339129797,1.8168000232190633,1.412707398623626,2.557912201256833
2022-07-07,2.940458626687841,2.2814005094708962,2.108290210948539,1.8261441600621444,1.4287491848231157,2.574073699806425
2022-07-08,2.943714862083829,2.2899694863346394,2.1086119790856244,1.8129321707660886,1.409864479489454,2.566114420245662
2022-07-11,2.9293059887113513,2.2733225453128036,2.083024015007802,1.7922736444158096,1.3813445622244211,2.5373964673194505
2022-07-12,2.9256640200393265,2.2584245542162855,2.0693074083324423,1.7797712766872413,1.3639193147711717,2.5201560921734916
2022-07-13,2.9525800660283434,2.2616634001587577,2.069723598844473,1.7814684481558476,1.371695252799825,2.5289922174788564
2022-07-14,2.93805420476232,2.2562910826116376,2.06003391576142,1.7919996917227747,1.3877519945306387,2.531839466597129
2022-07-15,2.8768615697212807,2.2218354795607134,2.0256114511213386,1.7632678673439004,1.3805039070747294,2.4943431536172955
2022-07-18,2.9437443073947196,2.262579030212137,2.0682214967742283,1.8003395230871397,1.394602882530983,2.54115854054381
2022-07-19,2.9488526806810875,2.2738854890241376,2.0864215417101506,1.8020927944625849,1.3888043910249612,2.547429726221452
2022-07-20,2.97418961869648,2.2939676461603207,2.1038237910199933,1.8188225905061461,1.4041668846549176,2.5709234598157034
2022-07-21,2.943435689315251,2.2832688322530386,2.0884140194470975,1.798456775730625,1.3853820134848456,2.5467928902732755
2022-07-22,2.935775042632443,2.2778553727823505,2.0819988698316583,1.7868562586965397,1.377841196260212,2.5366407576867545
2022-07-25,2.9066915768765886,2.264375827426168,2.0658828610624966,1.7765073599564705,1.3595318252275106,2.5149816553538606
2022-07-26,2.9283583926924797,2.281612400952904,2.0865621680065356,1.8000445986698743,1.379480325295713,2.541641127748537
2022-07-27,2.9201444200838496,2.2835632828587027,2.08650108701018,1.804971408981218,1.3912401604109543,2.5463603198574156
2022-07-28,2.9374241800222305,2.2948710090051927,2.1019450351538524,1.8140058456282278,1.3926608569382606,2.5587333034462483
2022-07-29,2.9235622918569333,2.279423287809231,2.0837174760253463,1.7948227873340619,1.3820896204341628,2.539148659465099
2022-08-01,2.919370368345172,2.2802911323496513,2.0822731653478663,1.8042630957669545,1.3918824666204856,2.550784544532911
2022-08-02,2.8449681491050627,2.2145552508707924,2.0309204442417625,1.7575612306043433,1.3579964274614627,2.484878016476078
2022-08-03,2.82649049229468,2.1989087045800533,2.0224032006847312,1.7437435524816307,1.3401415963942207,2.4655952558006056
2022-08-04,2.8580631895357445,2.2162048965464414,2.0316959507133068,1.7500752282198493,1.3412656923271382,2.479455670636023
2022-08-05,2.912910436597063,2.2605595927180695,2.0637925314300785,1.7794517259107159,1.3462450410722762,2.516863719180133
2022-08-08,2.9158600623126643,2.2741408053986856,2.0724417338791024,1.7884371624210162,1.3719226478420479,2.534676557171508
2022-08-09,2.9281026148422513,2.2807976754535244,2.072491695858511,1.7899845604041282,1.3746575989045269,2.539760083497421
2022-08-10,2.890571492694918,2.2720426236610414,2.0644977899787142,1.7882971721194583,1.3749626472864258,2.528955820197326
2022-08-11,2.963246746724115,2.3234348726647154,2.107741596824368,1.8160200535363769,1.3844259043887623,2.5750101387102657
2022-08-12,2.9768317845287298,2.327794924697311,2.1116883891601534,1.8174518309155447,1.3762606743917503,2.5766587273176618
2022-08-15,2.9660706254911555,2.3288831153808833,2.10448257417098,1.8171778679358792,1.3901265897242405,2.5784157937076975
2022-08-16,2.959070484084067,2.3230948940779976,2.1016439485409366,1.8193436239685246,1.404744225894564,2.5812857227629387
2022-08-17,2.972184033886878,2.3431169562418313,2.116083441702432,1.8312822547850065,1.4127085123021919,2.5978721343619626
2022-08-18,2.9369395846472526,2.3240732933649597,2.099343830431121,1.818015738706775,1.4151324998801076,2.580520257259426
2022-08-19,2.921324936855367,2.307717204762559,2.0931110645682596,1.814480325127567,1.3944158666512751,2.5640200607570147
2022-08-22,2.9538916086017157,2.3310308955133285,2.1094670259141663,1.8284752057767812,1.4108661736794272,2.5889452838286893
2022-08-23,2.931820312263974,2.3287692817106715,2.1112706077691463,1.828233055019533,1.4238044873514282,2.58970163801883
2022-08-24,2.872359107145824,2.2827148684962033,2.0766678981267273,1.786719009662262,1.3704238378993514,2.5292352642701363
2022-08-25,2.9075492227015762,2.307796395083884,2.095578632420707,1.8025013984752531,1.3739833236172392,2.551367198476013
2022-08-26,2.9023310249385412,2.3012981225039186,2.0969529919530934,1.799096674893122,1.3712663728454613,2.5473734662411385
2022-08-29,2.888653676849147,2.301887288695818,2.1050281601784637,1.8026479716194814,1.3787322606687924,2.5508354786511753
2022-08-30,2.8800326724436855,2.291757537249436,2.108910436969646,1.805829410297506,1.3648408919002675,2.543735135277987
2022-08-31,2.874327914255892,2.2747559289666563,2.0927207192974357,1.7728724051122475,1.3153169220062337,2.507259542315188
2022-09-01,2.8578227801249105,2.249956388053315,2.082011664089669,1.7588383478809793,1.30922785120173,2.495865458225164
2022-09-02,2.8659348123314197,2.2560305734567,2.079340048219952,1.7644279208019964,1.3186024074880949,2.503150089827908
2022-09-05,2.863345457058201,2.250196004235671,2.0818133004304955,1.7795164080364125,1.339648659369748,2.5142702118704348
2022-09-06,2.9313187674582806,2.283504145930145,2.1085298318968504,1.799049427468889,1.3643009496384435,2.554877383329318
2022-09-07,2.967009786984498,2.2916874111063468,2.1020739913484907,1.797784633054274,1.3618363223167826,2.560083241151642
2022-09-08,2.939963309820713,2.2910153049768542,2.1011513219363107,1.7989285229421412,1.3579024067581373,2.5538876575700606
2022-09-09,2.9553963237883676,2.30538847608599,2.1210709161209564,1.8122222489231972,1.3748238690603836,2.5747553202234297
2022-09-13,2.972442553011511,2.30635605565129,2.126094266872243,1.8072597878409238,1.365098466760687,2.5741083300070198
2022-09-14,2.933267010795089,2.2809326859002237,2.1074862316108876,1.7894537380574895,1.3509492880661513,2.546734008542419
2022-09-15,2.830085146394875,2.241212677439938,2.088501958534099,1.7714491663093668,1.3375451099543068,2.5051805207205344
2022-09-16,2.7680308015000943,2.18921847287169,2.036391167497716,1.7164358726665476,1.2953956326872962,2.438720495332471
2022-09-19,2.7627812908501634,2.16828021192364,2.021743996814096,1.7063302528109554,1.2935397866556733,2.426051996176452
2022-09-20,2.8083481170603735,2.188818435876612,2.0293003865146333,1.7082428768925997,1.2959198055072185,2.441900720328532
2022-09-21,2.7928597476055494,2.187898875643069,2.027696182892826,1.721967070377973,1.3050606869516654,2.44598452105045
2022-09-22,2.7873686119352095,2.1806002446008064,2.0112819377998252,1.7104528025975883,1.3038915780253677,2.4357213724372255
2022-09-23,2.7444326481038552,2.1551880869507096,1.9995101855112107,1.7029865254906502,1.2883003879381154,2.4117378551621713
2022-09-26,2.7459636039681015,2.1191700434278715,1.9666944561563695,1.663216992995031,1.2676178915574472,2.3770217542091676
2022-09-27,2.7838799662551224,2.1586865947310323,1.9982965494725844,1.6863609394328098,1.283676973607889,2.4127282960736287
2022-09-28,2.6889683200049963,2.104196064867857,1.9636077311817874,1.6610456245729237,1.257945341780146,2.358802856935319
2022-09-29,2.7054330776269047,2.1001051166526166,1.9579660598010664,1.6485311087322663,1.2547209108976631,2.3546553284484433
2022-09-30,2.6448459304521834,2.080789765580009,1.9560010112527562,1.6499754367433157,1.2474803668156662,2.3370000877094537
2022-10-10,2.5654227927056867,2.030816000749156,1.9326006292764464,1.6276326980963516,1.2363306398704317,2.3009664324371624
2022-10-11,2.583467742521347,2.052788164029271,1.951581326758737,1.6328478953282086,1.2350745145913828,2.3147090740674563
2022-10-12,2.6662557908831817,2.1080922529149255,1.9941049445527512,1.6571759910612558,1.252495437740162,2.365530796681607
2022-10-13,2.6671766917533373,2.1186403581447952,1.9985903369133697,1.654543625933542,1.2509770980252881,2.3678005835919174
2022-10-14,2.7376900122458454,2.1581127084754836,2.036409418911688,1.689436110350535,1.2700491323427445,2.4153109270479893
2022-10-17,2.767392713663065,2.170408604231391,2.0491083014079567,1.6999614232542088,1.2718032705632125,2.429993226258335
2022-10-18,2.767610173575225,2.1644311461503367,2.049097016785712,1.7077972138440363,1.2746288147983196,2.4320101587671226
2022-10-19,2.7425166578087468,2.1452697673734122,2.026474055869599,1.6870468858181418,1.2597091233228668,2.40632053014214
2022-10-20,2.7371557499048933,2.138194983109527,2.015562479350604,1.6821292413060591,1.2531250275214905,2.397283002174565
2022-10-21,2.725403905329044,2.1357960018273956,2.018806032074668,1.6826597532531626,1.263010620030369,2.399391638264461
2022-10-24,2.687881380871816,2.1139055719424906,1.989255173227724,1.656964045741934,1.2417715707480603,2.365444140364832
2022-10-25,2.6814229841253456,2.111883438247222,1.995704962312816,1.6566642960895828,1.2361239842371123,2.363151567569887
2022-10-26,2.735674325370808,2.142346557090062,2.0191408057598217,1.6766935342842288,1.243837946338778,2.3937452119062708
2022-10-27,2.7354198426495895,2.1427269919788436,2.0154811678313025,1.681881006377625,1.2373469271934046,2.391900788737431
2022-10-28,2.6311823403766614,2.07130581681769,1.9496641315590346,1.6423880286751427,1.2210479112050299,2.324569634114563
2022-10-31,2.6435861385016652,2.0807233821691846,1.9399091300030757,1.632927156288357,1.2039574084922107,2.3173636468215255
2022-11-01,2.7320338091543035,2.139109903868013,1.9851638031413719,1.6700387928543552,1.22615666870961,2.3812064894551606
2022-11-02,2.7934562924421953,2.1741283366645647,2.001070450792391,1.6838310448007534,1.2371163301299446,2.4117400462034406
2022-11-03,2.77996970064421,2.1671330592562486,1.994030746934391,1.6859849394675464,1.2332335496591944,2.4052545319811616
2022-11-04,2.891897669262012,2.2312983791955197,2.03535421062463,1.7205706863610497,1.2500083930147223,2.465263406684866
2022-11-07,2.926540342965691,2.244713479048677,2.041776776226753,1.7215687210831556,1.2371375829034104,2.470886653163035
2022-11-08,2.913935071553948,2.232652753065318,2.03478545435609,1.720349140805776,1.2369971759008187,2.4640096439424504
2022-11-09,2.8902277268765695,2.2228501009088077,2.0280808413136397,1.7134561568168354,1.2351160063232354,2.453483998092203
2022-11-10,2.867405399762614,2.2146316916137394,2.02832718261014,1.7034220522892047,1.2207287167195335,2.4392307828490565
2022-11-11,2.9552696192431887,2.255158279498495,2.0576679528159474,1.7283909911612498,1.2275324874695532,2.4800456331980434
2022-11-14,2.948372031444132,2.243849560784714,2.058254475834093,1.7162094636814054,1.238478415371575,2.4775070267314976
2022-11-15,3.0043383279984752,2.2788935845430522,2.094391934618717,1.7529365054250738,1.2612069528360847,2.5230507188002833
2022-11-16,2.981501469452369,2.266963136831045,2.0848492409986075,1.7457149999573474,1.2533746041739928,2.509049470483668
2022-11-17,2.9476826360141537,2.262053972343176,2.0923062961698364,1.7494732026318154,1.2695367138172142,2.5116145740117863
2022-11-18,2.921104219399639,2.248359451166511,2.076835434421079,1.7445887271203795,1.2666276570838457,2.4977751501484513
2022-11-21,2.9190278775192677,2.2374291533875588,2.0612578009156985,1.7367559130252872,1.2740100511542083,2.4919564367550984
2022-11-22,2.909434866838472,2.242779025012567,2.070615379530801,1.730153121306628,1.2523008358194219,2.4833262950392303
2022-11-23,2.9134758972733215,2.2610476084236084,2.0788868800157085,1.7320706138835311,1.244461309440006,2.487451017519251
2022-11-24,2.928691728216161,2.2579485375330233,2.0712247419380816,1.7258158860783364,1.246926459219356,2.4867568685985693
2022-11-25,2.9439182490478117,2.271653591493838,2.0852359755060794,1.726667164104256,1.2309623903597353,2.4895603252413565
2022-11-28,2.9205308583370413,2.2600822236432596,2.072364371909931,1.7204394972826966,1.2279425738015644,2.4769764095295606
2022-11-29,3.0061053411831344,2.3029736596349326,2.12083058757064,1.7507841086999278,1.240955945483249,2.526466700482919
2022-11-30,3.0080636081457564,2.3048551909873654,2.1234701959316493,1.7535538277526541,1.2380875845980595,2.5274580767443604
2022-12-01,3.031930577396701,2.310951791672011,2.1262721082203826,1.7585413722994254,1.2452394456567808,2.544058935663566
2022-12-02,3.0173998058941436,2.297526491097899,2.1228985850045636,1.7544910727797902,1.2389033655310082,2.53408726123082
2022-12-05,3.0162175430126124,2.332849172956204,2.158958255691299,1.7941517062754047,1.2803476200576256,2.5786908693764263
2022-12-06,3.0312447103705504,2.33197787942263,2.158880736262996,1.7919732845335667,1.2754157303764766,2.5784423662985163
2022-12-07,3.0345455229409697,2.325567576024201,2.152575612499193,1.7822280092773966,1.2678877764790693,2.5702390287461143
2022-12-08,3.012868641917107,2.3180686580099,2.1461375048128835,1.7798859225178776,1.2739677109174463,2.5651686637041076
2022-12-09,3.0038226875091047,2.3154597403870576,2.1488323812685617,1.7883508397733971,1.286977057296166,2.571384609536741
2022-12-12,3.0151696028875645,2.2964623627929477,2.1260912576278503,1.7666693084736542,1.2625307934913177,2.5476760852474465
2022-12-13,2.972684975814994,2.287711860456109,2.1320825995973443,1.766408309591634,1.2650640920737573,2.540907768901511
2022-12-14,2.9675992979484263,2.2840668287107673,2.1274394540800485,1.7677363939711865,1.2626208028245882,2.5375182442611712
2022-12-15,3.002596291131374,2.28794204227454,2.117757359244344,1.7594028362062613,1.2525662239662951,2.535644358528904
2022-12-16,2.96163819954561,2.2806372247712265,2.119686551302793,1.7661614356266209,1.2584144334151517,2.531858749161104
2022-12-19,2.9221983978057398,2.2319358261774163,2.072624684553357,1.726356907151077,1.2276074109812385,2.4792676199224335
2022-12-20,2.8991397020788563,2.220100758195371,2.0585691730933666,1.7059292910149888,1.2118423348443326,2.457115365525256
2022-12-21,2.866103998002478,2.2039340569901986,2.057181260303986,1.6999130784367642,1.211623863692469,2.4457739743960416
2022-12-22,2.834166943338043,2.178473771112202,2.04084575824258,1.6935765829923601,1.2034307340637393,2.4256509750412683
2022-12-23,2.825650782734813,2.173938913830073,2.0340136785264087,1.69054331678889,1.2015303513971882,2.4199249190852887
2022-12-26,2.9012282436015844,2.2025630996415373,2.050453704356363,1.7040343091123111,1.200801996915635,2.446740313153441
2022-12-27,2.9296312962605353,2.217133493209055,2.06951091493299,1.7204702480711727,1.2147356438197456,2.4697255455122886
2022-12-28,2.9031173057329838,2.204520727471084,2.061998260878512,1.7169840522159414,1.2132168124805154,2.4590265898944
2022-12-29,2.9162159943535553,2.1996120138141877,2.0500471574176093,1.7060952022138045,1.2076878415522943,2.451964391141149
2022-12-30,2.918122556299672,2.203807283092819,2.063829465414974,1.7142057816001846,1.213218418074789,2.4610847120167727
2023-01-03,2.973612385162065,2.231172856866583,2.0717306131604816,1.7245141479174977,1.2243505740666758,2.491336530727251
2023-01-04,2.956751391148998,2.2282749911628996,2.0701362627513933,1.7320143416078122,1.2304792312855808,2.49214183749512
2023-01-05,2.988966048868604,2.254193295022729,2.088444893918715,1.7489593465070736,1.2495920246856242,2.520396358055357
2023-01-06,3.013580118785904,2.258094049442021,2.0924965933799107,1.7466578623194737,1.2429450957246253,2.523052997873109
2023-01-09,3.031383881456182,2.268568232544092,2.1071631407272204,1.7565539677997564,1.2528424561352007,2.538788791177518
2023-01-10,3.0395007506334397,2.2695357567311545,2.0972120474218072,1.7523616751442512,1.2548325293204763,2.5375617359565257
2023-01-11,3.0441573550976537,2.256654856265037,2.0920976756399106,1.7474987450966133,1.2499323713849255,2.530830959493606
2023-01-12,3.0505097849040075,2.2666984174189566,2.090508783315128,1.749455274802754,1.2481896473149787,2.533616539742578
2023-01-13,3.0584033126521124,2.2757773735313274,2.109605750931821,1.765481004007077,1.268186175123229,2.55434602862778
2023-01-16,3.0884736766326903,2.3053608227039355,2.1385188859891313,1.786028070567241,1.2778850697133677,2.5828642090344527
2023-01-17,3.0984655380175967,2.313132889826995,2.1431126542677603,1.786388949443698,1.2737832275515704,2.585832854090985
2023-01-18,3.1167353484198856,2.324389590363507,2.149816674805926,1.7909664909653624,1.2693101936360331,2.5925259454083016
2023-01-19,3.137016607258872,2.3455547313417577,2.164705850740233,1.800505048681038,1.2749875142683462,2.6092930375940115
2023-01-20,3.1793814083090415,2.361061757437324,2.183661346795968,1.8135111611564194,1.2816075697979106,2.6308397988554986
2023-01-30,3.195609819065911,2.3784385468178217,2.1942984193273833,1.8135518836388187,1.2789908550626674,2.6388985466360126
2023-01-31,3.213235821421853,2.3772579183157503,2.196010637577768,1.8116901643534071,1.2705728251211454,2.6379439374758715
2023-02-01,3.256990993457063,2.4109006984971515,2.2268604382966286,1.8241729317156816,1.2748268931277627,2.671738889418367
2023-02-02,3.264991826013957,2.4060609357101908,2.22525353451695,1.8229346947244611,1.2699837841116983,2.669204175293962
2023-02-03,3.2343613798581456,2.393908928983654,2.2117813266471305,1.81340789248946,1.2643945501354785,2.6531202441678507
2023-02-06,3.214235650618215,2.380318825415284,2.196406697902813,1.801591177389923,1.2529745577406575,2.63486014154481
2023-02-07,3.2220012398601243,2.390705399708888,2.204949260634891,1.8125616605979935,1.2588777945836103,2.6461654997186166
2023-02-08,3.2130202162591917,2.374799653591189,2.1935924597802283,1.801388487321433,1.2487193861591852,2.6309163155007877
2023-02-09,3.2474562700898457,2.3997481780455368,2.226872545417621,1.8282299922557874,1.264675983906547,2.664631740191772
2023-02-10,3.253829899154253,2.4030712843940862,2.2194643574750574,1.8232698709137105,1.2533610806954796,2.6584135379472915
2023-02-13,3.2809306913434724,2.4197462418201083,2.2438697911589225,1.8401341950210812,1.2665808674189865,2.682913639482007
2023-02-14,3.290630525490851,2.4266505471952415,2.2521679432521875,1.8501275383378877,1.2703997221038539,2.692542192216094
2023-02-15,3.2700168688340208,2.418482794081167,2.2471314901333135,1.8488349520212928,1.2698198111581684,2.685524621760013
2023-02-16,3.2512545086221847,2.3931794045971064,2.2180234370264436,1.8215427054933724,1.2426552025840991,2.6504432078121147
2023-02-17,3.2446565105245204,2.3796258873840204,2.2006136107459433,1.8059653343695807,1.2284891699052771,2.631628549578851
2023-02-20,3.2974111757466917,2.4266660821219825,2.2640969290822452,1.8410183062719776,1.2597329647668527,2.689396914975375
2023-02-21,3.3111372854925705,2.4455272630632425,2.2845644428245997,1.8551222828222054,1.2671291822982176,2.70795015650843
2023-02-22,3.3080579277653324,2.4411351376963055,2.2726631169736473,1.85690256179583,1.261906656120411,2.7019230803784167
2023-02-23,3.300143741106435,2.4394508925198535,2.269887217293812,1.8510078828249052,1.2598721221001508,2.697011776007806
2023-02-24,3.2817983431361246,2.431691380376972,2.2611158039556245,1.850658704176431,1.2483216448212757,2.6851408663039034
2023-02-27,3.2754974568993767,2.4188748295769043,2.2454525388517106,1.8429203032869876,1.2412814947268964,2.672284411308318
2023-02-28,3.3010030730227324,2.440441786260236,2.261757779249845,1.8581303654424097,1.247960638325193,2.692369307005027
2023-03-01,3.313960950265227,2.4546440776852303,2.2845460624475074,1.8750090785526674,1.2571489642923344,2.7183467934934966
2023-03-02,3.287324238463988,2.4452497383063547,2.288261356662372,1.8830503257361713,1.2599006762864218,2.7162678963823157
2023-03-03,3.297736430107539,2.4584270209837698,2.3027148098744106,1.8904895360084024,1.2579351834584696,2.72564487594579
2023-03-06,3.293358714154166,2.456771196557986,2.3014846763142525,1.8865934813073553,1.2555272788704264,2.722095817434727
2023-03-07,3.240220158695271,2.424877340149098,2.2746795069526153,1.861430513021388,1.2323428957324796,2.6825810157252863
2023-03-08,3.2374537784102078,2.424392531192273,2.27707668126013,1.8621475348362617,1.237425244566322,2.6849923248885035
2023-03-09,3.226196569914106,2.4184767267843235,2.2693049255216895,1.8541685681593219,1.2380046639864792,2.6779285350589905
2023-03-10,3.17780117506913,2.381484910645582,2.2385744216420376,1.8221516690581518,1.2167573434354295,2.6360122417042233
2023-03-13,3.1978266375930304,2.3948724938474486,2.2589724599628753,1.8468670416622466,1.2335097179181915,2.6614962262719715
2023-03-14,3.1804383517878474,2.3767684539654232,2.243053022332618,1.828694115010238,1.219282490532022,2.639462470527279
2023-03-15,3.1711826137130497,2.3931500540676005,2.2709269781511945,1.854659125409393,1.2244658017979322,2.657819247967592
2023-03-16,3.1155145860854025,2.3703893266576883,2.24166698768061,1.8255164950943221,1.2080390140848254,2.621082565065045
2023-03-17,3.1201373458804804,2.391189080667417,2.25740093938633,1.840923533113454,1.2188298540826368,2.6392220061594553
2023-03-20,3.117897673921098,2.376911069045075,2.249220438193951,1.830856034767462,1.2186992611726024,2.630846455657187
2023-03-21,3.1664558387468373,2.396476255994452,2.2704760827639907,1.841444964128105,1.23298116780557,2.6575783918782125
2023-03-22,3.169818794301348,2.4054134636609072,2.2785254736219867,1.8466321762233255,1.2448957399860838,2.668628640587365
2023-03-23,3.191877270559853,2.4151928646307446,2.287817846775224,1.8557980444035924,1.258953501154524,2.6853686921696336
2023-03-24,3.1946963439573657,2.409651940718395,2.278239790660793,1.8448142547600928,1.263043431140986,2.6809401600005125
2023-03-27,3.1890885766656614,2.3996208931789185,2.2660799530462765,1.8414358382746547,1.2645296290124604,2.6745569422862054
2023-03-28,3.164422205764306,2.3916689549742722,2.259276405818931,1.848134867654773,1.2629008508831325,2.6682731649002633
2023-03-29,3.170984778371482,2.383479061691091,2.2528615536343826,1.8331009172673725,1.2656093319896815,2.6628595257454446
2023-03-30,3.1935111178765356,2.393641520619973,2.2673080723635977,1.8468414830961644,1.2720511041024685,2.6790362133726098
2023-03-31,3.2060403285902694,2.4043517129147554,2.2724015523347365,1.8548872398321217,1.2833930987715643,2.6918471794090264
2023-04-03,3.233846892580723,2.4218290836703424,2.2803213109903564,1.8585360088707075,1.2987748775548402,2.715776024723999
2023-04-04,3.2102170666411096,2.4156484939228435,2.2839686067320213,1.8686897057409873,1.3142405040209428,2.7207250015865996
2023-04-06,3.2133001804141967,2.4037774757912023,2.281396702466863,1.8718010486683998,1.32639930295239,2.7239010058206756
2023-04-07,3.2362022932656638,2.418254645777424,2.2844079007308773,1.879793443850559,1.3286076657137693,2.735017071793365
2023-04-10,3.2308157784944367,2.4209156221123145,2.2807882828073067,1.8775216254826947,1.3080288054596991,2.7247081566096925
2023-04-11,3.239647600664788,2.4264187313138654,2.2858529446844935,1.8788697473572427,1.3176484750241126,2.7330456029219725
2023-04-12,3.2349436376650664,2.423693534145248,2.2910791270232904,1.8869824922458636,1.3347596620350008,2.7423462788119077
2023-04-13,3.216049255290646,2.4194412173811912,2.287854944470145,1.8812140193415379,1.314620067971246,2.7274564318157974
2023-04-14,3.234961941872795,2.4392052874495946,2.2997033940067277,1.8889431310772595,1.323512157655753,2.743876265242501
2023-04-17,3.277799588049121,2.4775387930014423,2.3280891119839118,1.9068853780198207,1.3253913698389295,2.7725329237889818
2023-04-18,3.2947421333458493,2.4814332644787616,2.3268013665939695,1.9046610978395428,1.328713351512061,2.776707040869044
2023-04-19,3.24990145161593,2.465115189150539,2.3115483806250343,1.893685436312157,1.331044093708056,2.759630528035868
2023-04-20,3.2091009250178204,2.441586866234599,2.300221274408201,1.8916606449401216,1.3547580025180448,2.7539719946176304
2023-04-21,3.1513685836291474,2.396880161026733,2.2546558122107014,1.8527038392905444,1.3144509237640283,2.6953365846060997
2023-04-24,3.111189021406625,2.3742539691576443,2.23545103344011,1.8396226338973236,1.3097131951732024,2.6730340204789362
2023-04-25,3.0670331697970403,2.3383543733358407,2.217341206285593,1.8369817084915232,1.3045790060692395,2.650168979216411
2023-04-26,3.0983069283285647,2.3655463965168866,2.229596732161528,1.843918504209963,1.2853159386727346,2.6588419386443207
2023-04-27,3.1170316600128576,2.3844965554842354,2.249569249475682,1.8565860959614706,1.2780053904611641,2.671707824895225
2023-04-28,3.137417843595862,2.401048597418108,2.2678037270665254,1.8722337940534435,1.3092610773833107,2.700814676642118
2023-05-04,3.1188386729817243,2.397571065591862,2.285536235419425,1.8925708962265562,1.3167639634593276,2.7158456233390544
2023-05-05,3.088319854607052,2.382376182527208,2.2730353152837717,1.89206497999041,1.3041009692076824,2.698720392478022
2023-05-08,3.103459802584855,2.4072436064344904,2.3028483579194847,1.9306109919456604,1.3238990237341959,2.7332452099694695
2023-05-09,3.068684909162601,2.393389580945549,2.294695359948898,1.9169209384638133,1.3023539485601594,2.709243817532377
2023-05-10,3.0913060212821777,2.3998686995366536,2.2877817613095193,1.8939961991636158,1.2806076184552793,2.697547629114397
2023-05-11,3.0913904494315267,2.39852745354758,2.2843638729095357,1.888496196827103,1.2726651188184124,2.691537408358685
2023-05-12,3.0468651516638015,2.3741957086007934,2.254072343180952,1.871961935996054,1.2580259893746852,2.6602599968539207
2023-05-15,3.0889100307971438,2.411390687190434,2.282776768455602,1.8903530455831712,1.266227073734469,2.6913987643883313
2023-05-16,3.078219536216594,2.3956997982823878,2.2661860560664198,1.875819016899542,1.2572535351355683,2.6741743416274613
2023-05-17,3.083799751469254,2.3921652708950107,2.2678655491176154,1.872648001137625,1.2592415822479899,2.674709221957705
2023-05-18,3.0871620356982903,2.3858664941242305,2.2610964361868535,1.8759645533508764,1.2710488010465668,2.6782667405207126
2023-05-19,3.1094067544879365,2.3828150867353224,2.2524230364288607,1.860687014140366,1.261844070612101,2.6711642536894598
2023-05-22,3.1286776012083677,2.396931863917374,2.263007208097902,1.865896698070773,1.2634531346590103,2.6823259263581116
2023-05-23,3.1017467410365023,2.3698227881509197,2.2387510712517638,1.83854237075859,1.243113584973037,2.6493963470443616
2023-05-24,3.0826414788688816,2.3528583690227665,2.213211052051037,1.816108099699282,1.2264924515000164,2.622740491278707
2023-05-25,3.0733696937333703,2.344716063802156,2.2128493696892138,1.8141392713758626,1.227986060396429,2.619340771569686
2023-05-26,3.0797696391143763,2.350777040241411,2.2181299351452766,1.824924787649444,1.2432941271043305,2.632688527363005
2023-05-29,3.0610366199325894,2.34411229927546,2.2111933130914108,1.8331323877699706,1.257190969275243,2.634598886427989
2023-05-30,3.062652561742792,2.350902027057373,2.2139938555527054,1.835737966505566,1.2683380167653808,2.6424992204700466
2023-05-31,3.050286563421226,2.338412052745731,2.2024778692913203,1.8312862977248072,1.2652698616207956,2.6322483376951524
2023-06-01,3.049182583247184,2.338604532316093,2.1929400665148733,1.8192136899731792,1.2564869276354385,2.628649832935127
2023-06-02,3.1209500171799154,2.3767294190002666,2.2144303630794413,1.824131856543909,1.2534200843268322,2.6548896409898877
2023-06-05,3.098256403031664,2.3724444758934866,2.2110500394015933,1.826280872065375,1.2601680520205838,2.652743777247733
2023-06-06,3.081795947216595,2.346264147663438,2.1795590083518777,1.7964690275389652,1.2281476906382576,2.6143642251698913
2023-06-07,3.056359288835863,2.340443075415484,2.1763354574075278,1.7987338093028886,1.2311832881470937,2.609918766996998
2023-06-08,3.0783711642875673,2.348948858045217,2.1828131899859877,1.803764859004438,1.2312579828133412,2.6186230892158964
2023-06-09,3.0852926863785464,2.3545539842611927,2.198706006692263,1.8171363393014948,1.2488567911550825,2.636245675787274
2023-06-12,3.1237496907217555,2.3617720350441602,2.195820442692745,1.8132765290559851,1.2527956648226228,2.644328114463429
2023-06-13,3.1262262331282806,2.3698088785056246,2.202918784646274,1.8163326476373927,1.2621129176511023,2.653088650603693
2023-06-14,3.1398641381967693,2.3780597638843983,2.2018107289798596,1.8126285540913698,1.2633196501161736,2.6564220298992183
2023-06-15,3.190234488420775,2.40366335481268,2.22903792398498,1.8286341126722507,1.2735860709357016,2.686251486556893
2023-06-16,3.2150091790277315,2.4201754641957787,2.241584884498407,1.8352454242672032,1.2874852302036224,2.7049660469263004
2023-06-19,3.1824390260979873,2.403673283278675,2.231314752822456,1.830985484578399,1.300267143630517,2.697458064534479
2023-06-20,3.159155334555463,2.3916747065025037,2.2266307414105797,1.82969066649544,1.3087826096360102,2.692849402633572
2023-06-21,3.1183831837423415,2.3534361810729427,2.201615735133984,1.8083290680427135,1.2846014129403773,2.6549837143653323
2023-06-26,3.0855739769267987,2.3103005872492592,2.176851698574132,1.7816402885388192,1.262199118426677,2.616599132320929
2023-06-27,3.1421400704772138,2.351124744202887,2.1995470933291292,1.8071497587123997,1.27716182831497,2.6545979169692524
2023-06-28,3.1554957069608376,2.352013801055163,2.2020195117262076,1.8109217077820488,1.2746449430463898,2.657713701670276
2023-06-29,3.120720372189742,2.3452976331098165,2.2058880040189375,1.816150548136348,1.282836722464708,2.6562067857826177
2023-06-30,3.1463446421671253,2.3653979637824674,2.2302036456384005,1.8313053026653245,1.2920800508452537,2.6792296355141088
2023-07-03,3.1987246255956547,2.386610038494173,2.2453729358617904,1.8406468135989253,1.2918782644331421,2.7057618305582793
2023-07-04,3.1985272920785772,2.385563140193999,2.2510345077470224,1.8441964560891095,1.3007788347629001,2.7116390783165762
2023-07-05,3.184710243358175,2.378459850416573,2.2452437092424713,1.8392809515427495,1.2898607554321915,2.7002685670642443
2023-07-06,3.1622030162792627,2.3679574607753184,2.235041736402292,1.8299905214841954,1.291198369110591,2.6894546642223833
2023-07-07,3.161998661025477,2.375489837245502,2.237712043766988,1.8262104249492457,1.2832737038263031,2.687339723431051
2023-07-10,3.1809883276554727,2.388445115898132,2.2474886771476856,1.8314644948283538,1.2800675389096952,2.69603670409549
2023-07-11,3.193229015552798,2.3987198892501382,2.253065033198807,1.8404971947490592,1.3022917168435306,2.713827226256269
2023-07-12,3.1582508479152542,2.3843113497569344,2.2384207453443183,1.826165657281795,1.289099152492923,2.691347877177374
2023-07-13,3.215928154538413,2.4109981258166653,2.267717473687382,1.8480502985714522,1.2985182029086113,2.7246350066403293
2023-07-14,3.2135110764176584,2.4070319913502995,2.265621852095293,1.8517204198688515,1.3022689664706186,2.725488761499531
2023-07-17,3.208488762209763,2.4029693965040977,2.2538267535565177,1.8436710627571413,1.3008192485359804,2.7179161825362486
2023-07-18,3.1984965736490527,2.3986973817912305,2.2531608960570946,1.8451191924249235,1.3006410271844702,2.715442107299743
2023-07-19,3.2051568688696586,2.3993758203116418,2.2562036413065782,1.8455064737848532,1.2959782450584516,2.715619381447112
2023-07-20,3.1708758632201866,2.3831243160185864,2.2401383330999662,1.8335235789725126,1.2734258295285017,2.6892458629776765
2023-07-21,3.179220143226178,2.3826185814191434,2.242123244725289,1.8293797001523509,1.2644934651109043,2.686026162711548
2023-07-24,3.1792084540999763,2.379362582751933,2.2393382369636345,1.8232803092682948,1.2658586109000174,2.6834255881064646
2023-07-25,3.240173043349146,2.4306810195927113,2.282789456858782,1.8639068676869697,1.2916141522403015,2.738576721011405
2023-07-26,3.2375731582369918,2.428661218628692,2.2867068013652956,1.8596277811359718,1.2744603900293083,2.7300533401992757
2023-07-27,3.2284350372111397,2.4199554925836915,2.2785269807004127,1.859019007802745,1.26878051933756,2.7219832729667215
2023-07-28,3.289681507818536,2.4804457264713715,2.3244225624072925,1.8846525283560192,1.2792756291945038,2.768860449663843
2023-07-31,3.306748831689055,2.5017933985629717,2.3388562091111527,1.8995214533065448,1.2886287545794246,2.7883483738480517
2023-08-01,3.3011727015810863,2.5046471985480694,2.3373315638395544,1.8930863562155602,1.2832921378570383,2.79013134628966
2023-08-02,3.289382074075955,2.4953362729007575,2.320464183100852,1.8814125232114414,1.2832350160264192,2.7785855697743624
2023-08-03,3.289942185302817,2.5036684337368276,2.326374060975195,1.8957292365020455,1.294141307814606,2.7909119242595137
2023-08-04,3.324021215042851,2.509901151450435,2.326087858605992,1.89911779208989,1.299612264846932,2.80139070981266
2023-08-07,3.3201859714361013,2.492196779678088,2.3112233861339972,1.8882038394366423,1.2928005070378144,2.7870614442864787
2023-08-08,3.3109062671764966,2.488794291650272,2.3063762301757476,1.8849830060887764,1.2883453298634995,2.7807008640783466
2023-08-09,3.260636163225515,2.471520827821081,2.2949888724596503,1.8782048356094483,1.2809105776809906,2.760430791151641
2023-08-10,3.256155630500339,2.477076284741588,2.3066491936031817,1.8888749277357109,1.2878984852823272,2.769858561032585
2023-08-11,3.2001876918390155,2.435530236295864,2.263449255236443,1.8455602133206566,1.2558053795879176,2.7141560016154744
2023-08-14,3.2343031888926523,2.4392364059767266,2.254863825226496,1.840603492693609,1.247848155996921,2.713829428672245
2023-08-15,3.204695844054278,2.424958307685158,2.247423880550971,1.8420780800587802,1.2482121272883853,2.704485393285553
2023-08-16,3.1510945175372846,2.3999045119990448,2.230981618474773,1.8345525909267906,1.2462499510810803,2.6828296147558124
2023-08-17,3.1899916928900187,2.414642491650743,2.2429901983278695,1.838394718066667,1.252371884264067,2.6993993676081875
2023-08-18,3.1176378055644824,2.3846144551856536,2.2221574119465872,1.8173557891453265,1.2327958245889623,2.6607852468242696
2023-08-21,3.089679952764671,2.3520406332621335,2.19940680484808,1.7941247811079624,1.213909098544049,2.628331355942535
2023-08-22,3.132794786953325,2.357000948091569,2.2022927509967607,1.8060621426861765,1.22579227520159,2.646133041624252
2023-08-23,3.06485879479067,2.3165314292672146,2.1771807017268943,1.783407329492408,1.201171143415605,2.6022432252221237
2023-08-24,3.079202402573241,2.3165800253262887,2.1745767552840207,1.7829821419764968,1.2103018919194923,2.607914532097082
2023-08-25,3.0105308505400465,2.2900972260369894,2.1651305341418223,1.780852568760256,1.2060799936828046,2.585592745167243
2023-08-28,3.0352778526406103,2.313192870068631,2.1914613165780272,1.802966519573825,1.2268335161785981,2.616666531355256
2023-08-29,3.128024498273262,2.3541926832540963,2.2153850810880873,1.8131512334999127,1.2376222551696023,2.6552219839341262
2023-08-30,3.1636753706863314,2.363075848546595,2.2094156064284336,1.798927072432743,1.2275380463336167,2.65336334730532
2023-08-31,3.1559103698673785,2.355830401075935,2.196690290097567,1.7872615134958256,1.212176540752435,2.6372938031356226
2023-09-01,3.134499618642938,2.3567541950423876,2.2101727194273453,1.7993880494029213,1.2247928517663305,2.652399697810328
2023-09-04,3.2080709746870157,2.3948345449534703,2.253799215640036,1.8229632344740838,1.2318596045534127,2.6939398244856245
2023-09-05,3.1909152872553213,2.3783608617999903,2.238970324827204,1.8109255765138121,1.2222092004760157,2.6760346765985954
2023-09-06,3.1930418576972532,2.378118775822983,2.2353636631416514,1.8112361223204267,1.2170236359236866,2.6733034755450253
2023-09-07,3.1329256050782557,2.341823168547078,2.2074130650395256,1.7878914291599999,1.209227187772872,2.6380497697613987
2023-09-08,3.126354908378672,2.34509845402319,2.2028492454006052,1.7878497132282838,1.2103865468947475,2.637076045167887
2023-09-11,3.1665836030823087,2.3738788688228856,2.223001665859064,1.8066701959944065,1.2215946571792118,2.665605445850543
2023-09-12,3.1716819372432816,2.375364939899569,2.219584051701245,1.8051394701333419,1.220194646943904,2.6649237422707306
2023-09-13,3.1333130611432667,2.356557277770546,2.205010213275558,1.7915349135674343,1.2153441736151842,2.644600449968071
2023-09-14,3.120632196557585,2.354922354070879,2.2115199446349116,1.7918731573497364,1.2206034366720118,2.646022377135402
2023-09-15,3.103191634847916,2.349106236064833,2.203706501278188,1.7886056309646248,1.2204859219919137,2.6388590352455816
2023-09-18,3.1193428099002505,2.3541706482290783,2.203674960890253,1.7933652663404127,1.2212100590611488,2.6444676657045783
2023-09-19,3.096063607673088,2.344283955195416,2.2033035757506942,1.7914999806022214,1.2203801351180767,2.6372793245570896
2023-09-20,3.0724020671066796,2.3325430545255874,2.1933200849351735,1.7859492222767577,1.2162395384526379,2.624779682369071
2023-09-21,3.0493265282357,2.3180511121477463,2.1782600909806313,1.7752236631038527,1.2052978503631373,2.60609386586964
2023-09-22,3.102352064059648,2.3513849591299074,2.203320022730321,1.7975385699014388,1.216491997607886,2.6400610763789945
2023-09-25,3.0694438140469686,2.3336668239452028,2.188647590510115,1.7896356771562139,1.2190755701221057,2.6257419291952955
2023-09-26,3.0478931606881563,2.3216814771595096,2.180472868013117,1.7820343147755489,1.2167469660095789,2.6141509681674444
2023-09-27,3.0621368920758565,2.3291103938949513,2.1796506642971516,1.7826430634978896,1.2220659548762083,2.620544216632713
2023-09-28,3.073047740393289,2.3349891955050994,2.181068518089889,1.786441014350099,1.222063984931546,2.625199285950209
2023-10-09,3.057583469361054,2.3240532098478166,2.170048243980088,1.7804811522681612,1.2189384614855758,2.620076441828415
2023-10-10,3.044573927555645,2.313745735774926,2.150579912994338,1.7666808076635547,1.2086963289510528,2.602360865627879
2023-10-11,3.0345817567850712,2.308026036871249,2.1413793264303647,1.7662328637493727,1.205704158258391,2.5957160758611084
2023-10-12,3.05995994080092,2.333060764355598,2.1619448254419473,1.787661766360423,1.2132491510039396,2.6202028480967368
2023-10-13,3.0158246295381654,2.3088190199854486,2.141832295736935,1.7765296644683957,1.214117307153502,2.5994454069351787
2023-10-16,2.9825204138671735,2.285950576754144,2.128595718369018,1.770553991230576,1.216904915586543,2.584797987574266
2023-10-17,2.9826040089228743,2.2928672910354777,2.131973876751497,1.7759716537040382,1.2188936322799138,2.589614643799589
2023-10-18,2.9425829401988883,2.264467782164263,2.105005022365841,1.7553345148987043,1.2061052495172842,2.558247576217305
2023-10-19,2.9032289108768596,2.236397176875872,2.0728565282802767,1.7245957135215304,1.1819276849857605,2.518023229608155
2023-10-20,2.89243242822367,2.2254359709250107,2.0567412390554116,1.71258624960816,1.172781899829622,2.502367268361665
2023-10-23,2.8291504105378538,2.1745877896428754,2.0153047238509,1.6849192872375616,1.1569178083582228,2.4550549209976764
2023-10-24,2.8672172690158217,2.1982340533756166,2.039965506447877,1.6972854611657873,1.16312115778183,2.479241923056167
2023-10-25,2.877503573776251,2.2200993433781324,2.064492914625003,1.7125451660520934,1.1692240124715199,2.498944474159511
2023-10-26,2.8750197069154524,2.2351027905262906,2.0711468818545034,1.723102112643328,1.1752840747400621,2.509156350428903
2023-10-27,2.927752261116556,2.269619704916888,2.096123760306703,1.7486180213459446,1.1907760287098068,2.5462169411202407
2023-10-30,2.9538943879774067,2.2853287390601817,2.1064161408837925,1.7518016452412344,1.1937088963497648,2.558976573836066
2023-10-31,2.936503626236339,2.2749770131047153,2.1059336006551517,1.7456217344240406,1.1887051172534604,2.5495651990194785
2023-11-01,2.922001027108301,2.2679070444116194,2.098815666448625,1.73855841920775,1.1822426058351072,2.5444486342276456
2023-11-02,2.8963620346679693,2.253491720543803,2.086204437056903,1.7261090505989602,1.172183676253166,2.5257119400417234
2023-11-03,2.9335856887726344,2.2678252984921947,2.099172842429829,1.732758605479615,1.1862032841649366,2.5465716731769423
2023-11-06,2.9890765482672483,2.2959271254813394,2.1222651427399915,1.7503043897857409,1.2007732483728493,2.5795474027620138
2023-11-07,2.992170663899057,2.287528027692937,2.1198173341715023,1.7484359645977516,1.201391596604525,2.5773271448850243
2023-11-08,2.9970327287480893,2.2801331073630915,2.1115978675147073,1.7412814043802005,1.1980631585869206,2.5709727956304502
2023-11-09,3.0027120476151277,2.2804426281898924,2.109868149392571,1.743625974579788,1.19186610925091,2.569617371303245
2023-11-10,2.972126737679028,2.265895736384103,2.106814967851915,1.7391234596361511,1.1944320684682015,2.560146855397866
2023-11-13,2.989819627706687,2.278578566442548,2.1162816108423255,1.740974118325791,1.1984532155275267,2.5706369331921017
2023-11-14,3.001557447559807,2.288869143749689,2.1229464233715936,1.743133081029217,1.1999531320451975,2.5778768981786184
2023-11-15,3.0208695609531815,2.304599706474109,2.1360310475484376,1.7548495112647893,1.2110614078489232,2.596156007913663
2023-11-16,2.9886153155826984,2.288382471614932,2.12177641381312,1.7437413788572151,1.2010942280821792,2.5759234622223928
2023-11-17,2.9917957223772307,2.294919997223473,2.1278018049248155,1.7486766441890749,1.204391145914985,2.582275480485499
2023-11-20,3.009092387319706,2.3083787894250762,2.1325956780258273,1.7542792834395076,1.2089081055476283,2.5930420682091673
2023-11-21,3.013571285082,2.3063203984949165,2.1304528908161693,1.7515451661217416,1.2011375107408018,2.5886846859113013
2023-11-22,2.9777660798756638,2.2830954758610704,2.110367191009032,1.7360054120588866,1.1860908692747296,2.561349829278631
2023-11-23,3.0055782813495964,2.2968574473533034,2.12546515758192,1.7482458592770995,1.2000490200556633,2.58254266278907
2023-11-24,2.9756892821026995,2.280139742827792,2.1120759758820635,1.7384414381271052,1.1899381285259856,2.563135298527027
2023-11-27,2.9559533003616267,2.273653654301441,2.1111938103646666,1.7364849049646955,1.190296391029469,2.557639033523727
2023-11-28,2.9542495779645956,2.277658285237686,2.118273580612163,1.7391139670794404,1.199651870509487,2.564765468282702
2023-11-29,2.9202164287080845,2.2589996700625905,2.110626870913951,1.729839792579414,1.1966052780481773,2.548768860791217
2023-11-30,2.921681307065183,2.2580924957285275,2.106208702596765,1.7314841963556575,1.1936515578068887,2.54697062147609
2023-12-01,2.9256566668681865,2.259098172675483,2.104731495725979,1.7241223801781351,1.1901632023445587,2.5494789698255933
2023-12-04,2.908363655708674,2.25672090069775,2.102540158609714,1.7238568286995337,1.192366193259966,2.546262907122362
2023-12-05,2.857639634698087,2.2181637054114085,2.0656499994349717,1.6939099152744517,1.1696630654759974,2.5012021007249357
2023-12-06,2.8837799044829873,2.222269416640341,2.0639556284308944,1.6937673782773564,1.1712458906949865,2.5069284923857955
2023-12-07,2.874573874481362,2.2200185443567118,2.064346578665589,1.6972059347211956,1.1721009039742165,2.5062989149027866
2023-12-08,2.868002779914827,2.221139265219767,2.0650346392212118,1.699580778597067,1.1750546469066776,2.5075377799929703
2023-12-11,2.8795415035045413,2.2378553817338833,2.0873000919912386,1.7209008442146538,1.1944553661766553,2.53330829380118
2023-12-12,2.8909426331748143,2.2408407852439898,2.0926707283625023,1.7252414804772616,1.1972353313685788,2.5397510566734
2023-12-13,2.8322793824753414,2.2098547896652914,2.0750616698583397,1.7111414368828999,1.1896748308371594,2.5107865562304728
2023-12-14,2.821592251087936,2.203659729200377,2.07014980093488,1.7060188848432072,1.185110488134878,2.5028654849384346
2023-12-15,2.8230165934750993,2.1945152922184876,2.057770445370649,1.6949081735824767,1.1748186067579731,2.4904403760866822
2023-12-18,2.7913131875795107,2.1714460475885526,2.0364101513394877,1.6811412904685352,1.1688480624832385,2.467863308615211
2023-12-19,2.789427406578528,2.166249774445864,2.0331944325089046,1.681489921138669,1.1692907589575028,2.465858624409828
2023-12-20,2.760684892470695,2.148690628588696,2.005219925821074,1.6587748325288882,1.1543088565863715,2.4370127718913204
2023-12-21,2.7915651001689823,2.1612715976844368,2.0149907861230445,1.6652048412881908,1.1604907187854943,2.4521931310072302
2023-12-22,2.8033331922211686,2.1672502258134076,2.0122922386327837,1.6579999253423328,1.1527791832329943,2.449579485307978
2023-12-25,2.8109119412347403,2.1713053433784224,2.011812873102656,1.6613339442668915,1.158637137685445,2.4551786403844953
2023-12-26,2.79744146951872,2.1624437016417697,1.9922494566147186,1.6428574619638585,1.144386149788741,2.4345458153209893
2023-12-27,2.8050581400324126,2.171992538604428,2.007212834685076,1.6528716606185372,1.154757853517385,2.4490596028249607
2023-12-28,2.89742966616343,2.2117194450888995,2.0425802778030993,1.672393757497191,1.1574548525327721,2.489707931193135
2023-12-29,2.9028363469578546,2.2201770770754994,2.0559912730252163,1.6896326938577115,1.1749775388116805,2.5084816576715308
2024-01-02,2.867764823049461,2.2147004914820414,2.042824831076138,1.6849841032745587,1.175392603515428,2.50258308634017
2024-01-03,2.863839142902563,2.215438840253338,2.0489681358931366,1.6898268546651258,1.1751878851066226,2.504921319537454
2024-01-04,2.833022664675244,2.19325069968063,2.035124588171975,1.6841601007288538,1.1701393201476638,2.4872959164700714
2024-01-05,2.797374538257908,2.1735107958807567,2.020026788982817,1.6737447857737247,1.156453052494467,2.4639737720435946
2024-01-08,2.7370104142037137,2.129094216764832,1.9867374985341901,1.6488832233477677,1.140305944183587,2.420947687104157
2024-01-09,2.7523757205588377,2.130774183657917,1.9883669446561312,1.6525823903883472,1.1440771778830836,2.4271326107100424
2024-01-10,2.739268066594314,2.124117678807469,1.9821640334210404,1.6456674466266465,1.138766746365674,2.417505685731016
2024-01-11,2.77077691026204,2.1463108077507567,1.9915957381399951,1.652242938135484,1.1478760514503976,2.436219119116871
2024-01-12,2.756809841884359,2.138464966273485,1.9962528439685172,1.6544089253046195,1.1485658010035678,2.4340527640621734
2024-01-15,2.7569890570102507,2.1326157180884002,1.9943105908327299,1.656690638112983,1.1462802001745724,2.4319818784991303
2024-01-16,2.7640032145379028,2.1361176860615947,1.997688320165013,1.6611307076379385,1.1490338979458352,2.4373138982633455
2024-01-17,2.6908388813952477,2.0896307048168867,1.9592024969782704,1.6291915750899788,1.1251907405695387,2.3849233836998915
2024-01-18,2.707452638630111,2.093561131339991,1.9534300635963013,1.6275939316294983,1.130555589597349,2.389166689171852
2024-01-19,2.690421511978463,2.0854389043146884,1.9410025273776208,1.6159004819560168,1.1177383380390808,2.372416902853357
2024-01-22,2.574351592981114,2.0041963657669317,1.8705686507208095,1.5635154938718139,1.0762685554701372,2.283258493158048
2024-01-23,2.6098727445540315,2.036623360871541,1.8916017832520196,1.5792275676875054,1.093533868292903,2.3139970494770146
2024-01-24,2.6560427407041836,2.077366028269255,1.9338058101832505,1.6110045123290104,1.1076220811259312,2.357042861966255
2024-01-25,2.743770462000643,2.136860480024626,1.9947892551431368,1.6553315406691191,1.137156734808372,2.4265211198854786
2024-01-26,2.735006342063049,2.12969374496432,1.9970688599873014,1.6551207105078298,1.1315272408139552,2.4214336104029237
2024-01-29,2.6908160518259736,2.102779608049088,1.9791191810420352,1.6412717774367653,1.1096119629757448,2.389704082050859
2024-01-30,2.6232375695444627,2.0554307133762126,1.9421517338369048,1.6111842078480667,1.0899183159208328,2.3407674298031513
2024-01-31,2.55368882774573,2.0142711893329315,1.912577567712606,1.590175370100989,1.067881913695212,2.2962822550582995
2024-02-01,2.5397641895364167,1.9987574153700338,1.8926195678354159,1.5781927105747497,1.064117797060583,2.2855764778373517
2024-02-02,2.4333648967033694,1.9392563775955882,1.8586244859512238,1.5591537613733495,1.0631758940999871,2.2386886876122274
2024-02-05,2.3284775461228935,1.8783527694289404,1.82962872534407,1.5416141846013227,1.066938239970511,2.1948906336440914
2024-02-06,2.5107000989077948,2.018352315134973,1.9468514206253256,1.61430142614465,1.0903407199806205,2.3204141596359262
2024-02-07,2.6401790947846955,2.11801040917729,2.0273420319369677,1.6646736213005577,1.1050928482079634,2.4072089614996997
2024-02-08,2.737872622603997,2.157349500104399,2.0407491319132673,1.671159414944187,1.1012485629599653,2.4373504905555605
2024-02-19,2.7568705099673445,2.1656128426231547,2.044055952465601,1.673715344868351,1.1234287168012531,2.453953717399856
2024-02-20,2.7605447040886197,2.158852102191749,2.049777919341045,1.6860129229998475,1.1340545386126584,2.462697674328617
2024-02-21,2.7781230180745844,2.1799850934773097,2.0581944977779587,1.6917662318680557,1.138823246910222,2.4764297593836324
2024-02-22,2.8302038418558473,2.20317793274888,2.0752534242094525,1.7076719952905015,1.1498489771521982,2.50454100548959
2024-02-23,2.8789684699218006,2.220086964804388,2.0794281941017387,1.7117185721814447,1.1459464823798666,2.5175106864278587
2024-02-26,2.912575049741942,2.2245338115073205,2.0658349559501596,1.6948045006411698,1.1272080868119176,2.5078967647791384
2024-02-27,3.0142630689856973,2.2705953256697393,2.092516113644943,1.7131721970918867,1.13483587263174,2.551102630102263
2024-02-28,2.890143478371275,2.2187483639901884,2.065568736618331,1.6954408515828776,1.1288731507518535,2.503910418903944
2024-02-29,3.0172919661005073,2.291514526294222,2.110912398212828,1.7258928615639555,1.1450872605449733,2.5695460366145464
2024-03-01,3.0738716263378207,2.305488328616618,2.1198998894207044,1.724893870401942,1.1372938991399058,2.585974956240263
2024-03-04,3.0773019784953517,2.3038106016724793,2.1150846200521,1.733613678330095,1.144381325198142,2.5908569955754577
2024-03-05,3.0462355171568816,2.3039706410492466,2.1202387818407167,1.7337121784168228,1.1441724267244748,2.5868417736329965
2024-03-06,3.0549745307426535,2.3057391038927486,2.1190696182942013,1.730188404874163,1.1433826815466381,2.587031926928224
2024-03-07,3.001340371197611,2.288843334947629,2.111799610665504,1.7254127704762308,1.1373356626914237,2.568200105359965
2024-03-08,3.0355247899563165,2.301751990583455,2.1246542155454335,1.7461879375796407,1.153390597967205,2.5935255330931866
2024-03-11,3.1219363643620444,2.329046380474621,2.139694513058494,1.7507086218938823,1.1563551184809235,2.6208054534270224
2024-03-12,3.1575855967076287,2.337346623886405,2.1341265411428783,1.7346282672303213,1.1385847302786523,2.614426051780457
2024-03-13,3.1507417162160856,2.3276995456906424,2.130853030792281,1.7333412737318608,1.1346034569323793,2.608112291097809
2024-03-14,3.1232178085726843,2.320496363130145,2.1262894008420687,1.732989846629848,1.133857439924597,2.6003718034037187
2024-03-15,3.1482515342598445,2.3383135499315624,2.145417228572424,1.7515838107416843,1.1431958693558835,2.6230743711950546
2024-03-18,3.199611144182678,2.364042057407043,2.167986866250462,1.7719055065689808,1.1569352630489789,2.655323555889282
2024-03-19,3.17091663031734,2.3484919404612628,2.151505826938749,1.7570126631128478,1.1456669191473092,2.6333914732629164
2024-03-20,3.1779751044152107,2.35467128832407,2.1598690470530264,1.7635333666667785,1.1501458351810232,2.6420078123288646
2024-03-21,3.164210512211786,2.3559707691928238,2.1559981222322886,1.7637265008266851,1.1457959642731868,2.6371229712992847
2024-03-22,3.1024447514461087,2.3229146709879838,2.133080930055468,1.7420174096399337,1.1372876185394003,2.603403033356688
2024-03-25,3.048515609773951,2.296223414928969,2.116563524744777,1.7338482176381869,1.1323659067805083,2.5796362617598243
2024-03-26,3.064067746940358,2.300709245277024,2.1189666891748398,1.7281476311300956,1.1348041469863686,2.5832778237855227
2024-03-27,2.978211898170487,2.2578756569376157,2.0870691919371374,1.69858196316419,1.1159411500083685,2.5339598653100235
2024-03-28,3.014080514253721,2.2777646914195784,2.105898112931591,1.720546235678873,1.1320707836604915,2.562988761465317
2024-03-29,3.0363195340649254,2.301056075346272,2.13074694535844,1.7439245326872705,1.1494015202383099,2.5928726776043614
2024-04-01,3.1095558058765156,2.3383091807469043,2.1529658088729287,1.767003332943114,1.163787274499031,2.6382727529768557
2024-04-02,3.0864213167336616,2.3291938557699132,2.1489605549499635,1.767974057328679,1.165615346098022,2.632422409887904
2024-04-03,3.0834824373237484,2.318657179381115,2.1447883701347243,1.7695626818181625,1.1696972359674018,2.6308448568089386
2024-04-08,3.0251599445745145,2.289089628802928,2.1235075604118907,1.76695363042455,1.1634941969809802,2.6053731943211513
2024-04-09,3.0650969538119166,2.301126679888858,2.1256081230432304,1.7668962162954978,1.1614171908736701,2.614568678270755
2024-04-10,3.0219496834132293,2.2740727251261035,2.10138169004251,1.7580980880295025,1.1548559762790065,2.589531345242054
2024-04-11,3.0276380828465426,2.2830380140631434,2.112130482007858,1.7728789881959635,1.1591350646979872,2.601456593117047
2024-04-12,2.9916042806516896,2.2656341970140113,2.100884778813254,1.7656573507255817,1.16335253122839,2.58830855377244
2024-04-15,3.0460296055167215,2.3003953907750008,2.1333623370354178,1.799951602718529,1.1754653142863452,2.6291012742487943
2024-04-16,2.987111307938642,2.247784687958139,2.090912891402735,1.7725240620952702,1.1353171966064741,2.5704412498426352
2024-04-17,3.0576456540609116,2.31182666517932,2.1456450002493126,1.8088381166372853,1.1679970827063728,2.6360232830212054
2024-04-18,3.0662633868040445,2.321761450979718,2.1547355869322833,1.8114418519498297,1.1670595756068038,2.6423399037948188
2024-04-19,3.0438783615134413,2.313937705885527,2.152739376538387,1.8119192621287306,1.1627948717382124,2.634406626603205
2024-04-22,3.021450026206883,2.306808512465716,2.139175060288227,1.797910658874609,1.1458965867969548,2.613829344636294
2024-04-23,3.001390880448154,2.28467878822742,2.1157517342438257,1.7702110190591032,1.1247457593678667,2.581919010641274
2024-04-24,3.004082319315147,2.301383298680136,2.136401892599013,1.784626134780807,1.1478114393308607,2.6060063732653194
2024-04-25,3.0087101012005184,2.3028057453140542,2.1404452099611895,1.782956832467329,1.1494911352329422,2.608402569076828
2024-04-26,3.0926320382366725,2.351312908407423,2.169387101261279,1.789232432597135,1.1737891310174853,2.6539056073435305
2024-04-29,3.175249169586774,2.388571884736125,2.2054089528420273,1.8024965143443767,1.1846091754934547,2.694168639880023
2024-04-30,3.1420834015848795,2.370464239312046,2.1931938993004523,1.8077238327726692,1.178220392891619,2.680101489352412
2024-05-06,3.189410256272181,2.405881712410879,2.218839435574576,1.8355804764044892,1.1951578480892429,2.724314335717103
2024-05-07,3.1997227870584934,2.405239783451609,2.21514088286938,1.836460127871769,1.1978364295456025,2.7265159268586174
2024-05-08,3.144412194072338,2.3751125631984467,2.1990931238054596,1.82097573183048,1.1904991193175167,2.6983388397919934
2024-05-09,3.1933971682031355,2.406352936153155,2.227751444684591,1.84904303548541,1.210344900096221,2.7381953718031204
2024-05-10,3.1756156205914805,2.4054442093592994,2.2279291435008557,1.8585559899296067,1.2160229370519482,2.7403400002116545
2024-05-13,3.145012160004627,2.4022662257963843,2.228627581790502,1.8643458950318228,1.2247020779083095,2.740080781653881
2024-05-14,3.1570211414378835,2.4048674394908383,2.229531529271862,1.8586879496119186,1.2242572103825065,2.7411427598729614
2024-05-15,3.1329100475708023,2.378568188544189,2.2090477161028277,1.8401925838603843,1.2118944870833572,2.7149411328828976
2024-05-16,3.1466774051038953,2.375543146603481,2.209733269951644,1.8356150082366478,1.2046288816645836,2.7122239672474446
2024-05-17,3.1883208668785947,2.4087728332017533,2.234493772543582,1.854469993985258,1.2130862114351575,2.7424585834281845
2024-05-20,3.2052960914890085,2.422213856872851,2.248998660063585,1.8716330681435984,1.2209180278083638,2.760611290798966
2024-05-21,3.1825755177447683,2.4047745369131146,2.239199165625261,1.8552506810328608,1.2116793270157231,2.7413056343250397
2024-05-22,3.20692767216652,2.4036938215070465,2.238474109575058,1.8500528709639958,1.199528615615214,2.7380838569795807
2024-05-23,3.140345577104545,2.3621604005599757,2.205133536553095,1.8198997027198371,1.182455001201231,2.6923568416937926
2024-05-24,3.091901469748261,2.3418113505999028,2.188755688892665,1.8146438111833185,1.1790905821000919,2.6722885743465814
2024-05-27,3.1166604650438345,2.3614509273429065,2.212290850875975,1.841577032489635,1.198026890469577,2.7032971242730683
2024-05-28,3.083499527086068,2.343109748622173,2.197491294602175,1.8302955445732585,1.1877325526557676,2.6817583958935196
2024-05-29,3.0934256100314506,2.3476369526714533,2.2019337863924684,1.8323896252559229,1.1907024798486754,2.687565156466923
2024-05-30,3.0828872476978826,2.340516034634789,2.194570828644996,1.8229076292118613,1.182334153060526,2.675751628637911
2024-05-31,3.086119193720775,2.3399386176053834,2.1932746925120945,1.8216665281601052,1.1772023244939747,2.67318653863024
2024-06-03,3.0610904303208555,2.321465100101748,2.17824509491623,1.811617184259043,1.1735596938767991,2.662060049588017
2024-06-04,3.0841036270300566,2.3446535901741083,2.2008752113619967,1.8387562778714375,1.1882933521707615,2.691559686822908
2024-06-05,3.0603139720018073,2.3278289788658255,2.1819169921514834,1.8217549031066944,1.1717905054873439,2.6664441360323714
2024-06-06,3.0098033341237813,2.3114992985118863,2.1722748758923776,1.816125578661874,1.1740351601545485,2.6509112434010063
2024-06-07,3.0022141276802214,2.307545602933391,2.178765482935004,1.820442864629484,1.1767301390768798,2.6527322128420807
2024-06-11,3.0136967132225005,2.305758115550285,2.169868586539909,1.8061047608209482,1.1633302042628624,2.641966105470053
2024-06-12,3.0293937790817473,2.3082865245466264,2.1692993461069605,1.810494736220904,1.1733517311921542,2.6510099989346543
2024-06-13,3.014812791805516,2.294304775972482,2.1490356129484054,1.7991497511005188,1.1623882117279227,2.632008400206302
2024-06-14,3.031977690684193,2.312550777204685,2.156057607265338,1.7984541139018384,1.1635144109595035,2.641215796715119
2024-06-17,3.0353938420599276,2.311376738780424,2.1444963898851976,1.793336593377719,1.1581464829840413,2.634763245882044
2024-06-18,3.0579602217306294,2.3291931290659367,2.154611679342752,1.8073570960444612,1.162249803961584,2.6512014842312674
2024-06-19,3.025187077743744,2.30310346803327,2.139259221757565,1.7989510832425029,1.154376154634903,2.629741497705779
2024-06-20,2.9632428559984545,2.269691203803429,2.1118648658151766,1.7795563936592378,1.148088465713497,2.596070385486875
2024-06-21,2.9645140913602406,2.2683409174328175,2.114412908964081,1.7824747455890724,1.1495054583041433,2.5981052690393764
2024-06-24,2.8903083343952307,2.233282252411526,2.0824124135917557,1.7576949017864218,1.1340459102544695,2.554974359499979
2024-06-25,2.8569649531736827,2.2165488334109216,2.081660827102048,1.7536727107390933,1.1320013238001978,2.5429772683834644
2024-06-26,2.929847190008236,2.2495905087171884,2.1033934035205566,1.7659294358115971,1.1367636037073767,2.5745498555304445
2024-06-27,2.8697284556920475,2.216215646130372,2.075282919061775,1.7456627058583296,1.1221650280681437,2.5369290103303337
2024-06-28,2.870780044068344,2.219723082821713,2.091040708073449,1.767147331644578,1.136019362228336,2.5542784935100133
2024-07-01,2.8844231873430344,2.232385310432169,2.1106589899470163,1.783792000686003,1.1565715829255958,2.5841176412246143
2024-07-02,2.858969672977288,2.2175297223252777,2.0941104677172397,1.7715585709021906,1.1454029310026115,2.563519218745911
2024-07-03,2.846704185823238,2.203638334445836,2.079620790443131,1.7553659479135166,1.1398758543775032,2.5474150238527615
2024-07-04,2.7856123897630862,2.1709228954641784,2.0498656896744585,1.7400136363988128,1.1355186404614135,2.5152242920452763
2024-07-05,2.7993296401803747,2.1843961249962986,2.0573033399400016,1.7430199834188405,1.1354286651661993,2.5234706706179426
2024-07-08,2.7354650214458665,2.139288922610486,2.017058345156787,1.7255146205582506,1.1337533948479253,2.4858720240476146
2024-07-09,2.768983819069375,2.166352230430344,2.055278604247877,1.7573573948204007,1.160100040075638,2.528408178603082
2024-07-10,2.751074363649423,2.1469881419942087,2.048172621629718,1.747738257493213,1.153169819730855,2.513078941361975
2024-07-11,2.841638595521429,2.1985865017559902,2.0830069763708283,1.7696926919735974,1.165884693000081,2.5621288516759253
2024-07-12,2.8396810073382324,2.19059503895578,2.0808948869519783,1.7653312806352122,1.1581252587047735,2.5547136575560128
2024-07-15,2.820485855051515,2.180966520266916,2.0750564304774315,1.7639253224465419,1.1593490913158424,2.5477125563486602
2024-07-16,2.8299943192630534,2.1874362867622095,2.075927126091812,1.7674551711540398,1.1674043855259564,2.555733075519198
2024-07-17,2.822745876069703,2.185001792908462,2.0714648336525157,1.756945677783716,1.1482412039269245,2.541293105332707
2024-07-18,2.8312787951213125,2.191232814065819,2.0829659483921974,1.765054779332114,1.1571470522686604,2.5533942215362506
2024-07-19,2.8219138450844006,2.197169523610243,2.087867702482424,1.766716723602602,1.1614693013742,2.556669517192991
2024-07-22,2.8095796500954955,2.1936595866978554,2.082997498739513,1.7582851739504075,1.157493353864354,2.548229079201553
2024-07-23,2.7228863110707495,2.143153867643381,2.0360484670281047,1.7143438150902026,1.1320566326035162,2.485331087734112
2024-07-24,2.683160760450991,2.126121366302845,2.0212593442414253,1.7059380237102428,1.1303380250070607,2.467319617973731
2024-07-25,2.7016726428589988,2.129944956155546,2.02535442174428,1.6974955431690049,1.1199350807840267,2.465623841002115
2024-07-26,2.7422410056418833,2.1648594064620577,2.0541541871734545,1.7171601174215867,1.127582965053733,2.497188408014438
2024-07-29,2.7143088532682533,2.1502663910404345,2.046415788950464,1.7170154619990219,1.1286216293578064,2.4872654782308063
2024-07-30,2.7147172439645595,2.1487213779485765,2.045958098256692,1.7092845406878479,1.1215230177999884,2.481496714606338
2024-07-31,2.8418829126124945,2.223129919340517,2.118171077570687,1.7560345026993727,1.1378178214930514,2.5602246133032214
2024-08-01,2.8014920937643053,2.201551439179957,2.1077643909335313,1.7441602325033987,1.1360482586395277,2.547205585703055
2024-08-02,2.761562266156639,2.1831448205109636,2.092502626531345,1.7283220501950434,1.121944164905841,2.5210283274766687
2024-08-05,2.7070115684946887,2.1488472350460857,2.0646586585410844,1.7032572880236714,1.0998462710184815,2.4791814358646818
2024-08-06,2.72780237970947,2.1653978957447455,2.077913998245212,1.7152093074599108,1.1087095808113436,2.497468380630555
2024-08-07,2.74347299036099,2.1680548835934728,2.0752325819209543,1.7136580285817409,1.10255881402951,2.497108537827085
2024-08-08,2.744863135709312,2.171921562702479,2.0816914263619695,1.7129355206763068,1.0975011883213792,2.497307007543974
2024-08-09,2.7378995801123196,2.1569784937848917,2.0686891101736617,1.703928560747205,1.0904975230086313,2.4836827940643946
2024-08-12,2.7430169465747714,2.158454056714088,2.0610606973730348,1.697460568263446,1.0859600948604322,2.4791824936640987
2024-08-13,2.7471595000483826,2.1628784583024765,2.066860288936832,1.705948345310332,1.0936829969490134,2.4883391631282894
2024-08-14,2.7114783843203125,2.1435289239368207,2.0443289520884416,1.6916954999237859,1.0823365299749748,2.4626654900628906
2024-08-15,2.732974408575379,2.161776426306653,2.0626019732458256,1.7056460897885313,1.088492190472755,2.4820286735977706
2024-08-16,2.7233176012949043,2.1578258074147936,2.0528670659271113,1.6997215951899762,1.0802984534746025,2.4715664819129453
2024-08-19,2.7373323734773836,2.172458088496525,2.0643752316469413,1.7070064791534245,1.081082274989319,2.4827132800381393
2024-08-20,2.6838469934743228,2.140931101382708,2.034295581813823,1.6892046472407052,1.0661609662640135,2.4465175744663363
2024-08-21,2.673437708309759,2.129921912100696,2.025313050367837,1.6827409282904555,1.0633803268126145,2.4367950926370856
2024-08-22,2.653030710443665,2.116143298859763,2.0073489031597784,1.672359111962551,1.050474709210324,2.416680416890345
2024-08-23,2.6563537622178477,2.1251182299320805,2.009498972422111,1.676311894898318,1.0524033499383483,2.421879521743448
2024-08-26,2.652362468410296,2.1295150029241334,2.016492337412594,1.681282220380161,1.053105494512979,2.4255863808835074
2024-08-27,2.6325543158745623,2.112803715023199,1.993778845664521,1.6674357999248979,1.0400165943365778,2.402675731928299
2024-08-28,2.630280224137626,2.1112361367215424,1.991707380914746,1.6697171312874592,1.0408381549923753,2.4024387491690806
2024-08-29,2.6472381106307363,2.122316139550771,2.003715805431774,1.6763634096119078,1.0536084222424948,2.418761509905073
2024-08-30,2.7008741748407625,2.1507543381686203,2.02429067326502,1.7029699864167644,1.0742495607644647,2.4571854734898735
2024-09-02,2.656480983641583,2.114603293938145,1.9910408335069436,1.677353960373296,1.0463932814591321,2.418551420226645
2024-09-03,2.676035234695089,2.1257755598542563,2.002530157859247,1.684548801602176,1.0572206226475362,2.434553800941033
2024-09-04,2.6593760752186544,2.117047706905268,1.994424166786017,1.6718009440826016,1.0527739272841818,2.4218249062245154
2024-09-05,2.6718312193025042,2.1266903393117556,1.9988573494278696,1.6773438301874801,1.054084144743097,2.4295789366035754
2024-09-06,2.637286574292434,2.104742949344362,1.9802380650371822,1.6623923422446694,1.0415695224625032,2.4036464136632936
2024-09-09,2.6180710387646036,2.081983449327107,1.9601229879039321,1.6453095071572124,1.0301721675297242,2.3798671718284066
2024-09-10,2.622999021888806,2.075362116417891,1.9573089975679783,1.6487869990185473,1.0314447590114106,2.380165339479723
2024-09-11,2.622682295374039,2.0717152349359287,1.9468923362643011,1.6413700282413453,1.031031367689498,2.3744114826616856
2024-09-12,2.612165633110999,2.0666383633264984,1.9438329156661853,1.6384902129121535,1.0254035072603516,2.36716431250895
2024-09-13,2.58924268906113,2.050663897220971,1.9329121746407711,1.6275194860630011,1.018345578326286,2.3502623959899056
2024-09-18,2.599821529950022,2.057636795049674,1.9417094238570352,1.6349215814835671,1.027901727947482,2.362479114454876
2024-09-19,2.6370907999814657,2.0903947222239596,1.9697154587292016,1.6595012520236414,1.0340543658747268,2.3935026774379335
2024-09-20,2.623241109220978,2.0823485890939617,1.9689252260143337,1.6622076562135888,1.0328369970923832,2.389165406676494
2024-09-23,2.6309638985643753,2.0869383917050626,1.977173327577164,1.6644568800908366,1.0330911332348753,2.3943945417016543
2024-09-24,2.7414112871719882,2.1799637277556494,2.06324293035753,1.7351115978062726,1.0685771213018962,2.493449983427615
2024-09-25,2.773030942314003,2.2092040942803948,2.091679416620247,1.7538720982947398,1.0750158146218483,2.5211524617788132
2024-09-26,2.899887265432193,2.3042942030057247,2.1803652099199207,1.823831809166111,1.114667257049409,2.6260141848189353
2024-09-27,3.056496519917271,2.419637522991387,2.277095838128761,1.9038763238002683,1.1528393755185131,2.7449887455957382
2024-09-30,3.3239228894206505,2.633487017845857,2.467418212077129,2.062947037305665,1.242392426184578,2.975928325802919
2024-10-08,3.4955058992103525,2.757069553624914,2.576920912414831,2.1547373222271036,1.2795128614618996,3.1100071609619278
2024-10-09,3.279350798987898,2.574548153686481,2.391066521804205,2.0011503115847145,1.1844693076388668,2.8949611135160955
2024-10-10,3.386023279227424,2.630782255631698,2.4391203299421735,2.032053057376269,1.192734138582406,2.9510699124541984
2024-10-11,3.330138448521832,2.564421465188336,2.3715142684487103,1.9656145604433364,1.1538361518474824,2.8715673493878464
2024-10-14,3.4054704258634145,2.612653540361955,2.4203366079846536,2.017570993758127,1.1816849722140244,2.9362248336867345
2024-10-15,3.322028169381081,2.5502484759238726,2.3597632200843477,1.9674556314194982,1.1528992361697854,2.864217698366294
2024-10-16,3.353737506737004,2.5648702852116214,2.3497605940705686,1.9652500844524659,1.150740535659878,2.8688164685581983
2024-10-17,3.307906050859911,2.526053540563621,2.323370668522986,1.9507708783632394,1.1339959175887477,2.8332548486684725
2024-10-18,3.3480153338259786,2.5784397820209457,2.3817478498949867,2.0042557603670175,1.1681241744001136,2.89868986054144
2024-10-21,3.337295814645411,2.5826204500640824,2.3997534672011867,2.037179345729973,1.1854910252567619,2.9202747187862834
2024-10-22,3.3715131556820093,2.6109739354392913,2.4310217522738022,2.059228017300602,1.2019711171707463,2.9547396358912876
2024-10-23,3.380680082143179,2.6191346439828016,2.4494137123697546,2.0769410715448666,1.2117796324449024,2.972572478674093
2024-10-24,3.357881683929417,2.59716434071766,2.421206838057597,2.0614815549128753,1.1991549925275085,2.9460953981524645
2024-10-25,3.339086400305488,2.5973650538647597,2.4453943397921054,2.0796195185173647,1.221544054090632,2.9649448488912147
2024-10-28,3.3508123758598987,2.6227897366089947,2.4705882316490846,2.10778821971369,1.2417875694657265,2.996785833155006
2024-10-29,3.3190209639930095,2.5942759498936443,2.434584738286868,2.0837096977200256,1.227844369546268,2.9622666014968253
2024-10-30,3.29942902290425,2.5928419066273602,2.437705534451234,2.0859252813093176,1.2363102657579086,2.963920940493593
2024-10-31,3.288373299652289,2.5961930852711617,2.446588617389417,2.0979929455932473,1.2433529805460422,2.971652665327163
2024-11-01,3.3087417310322222,2.6039534417929486,2.4425680990633736,2.0835398382620434,1.2389291765908115,2.973906154772748
2024-11-04,3.3306832795171304,2.6345488296270143,2.48437033724953,2.1256646087046582,1.2625250664097962,3.0183284044193353
2024-11-05,3.3635693650936647,2.6762133034148445,2.544079777439538,2.1913707917818543,1.3169939974859566,3.092970478641953
2024-11-06,3.3411434473559076,2.6703925169454292,2.5512179499532817,2.2017999121973144,1.3307584555740937,3.0986002543728985
2024-11-07,3.3992392780881278,2.73003501400955,2.620713855499999,2.265030146808522,1.3495961113886417,3.166643480642831
2024-11-08,3.3774586435531204,2.7034338749044884,2.60007485052177,2.248714387333427,1.3563539201249308,3.1500295098736517
2024-11-11,3.3577649924723594,2.702256731398212,2.610166182892318,2.278479519048377,1.3991701737429845,3.176675815372578
2024-11-12,3.342888341162571,2.690032879600501,2.579452288993303,2.244686255399078,1.375588051981776,3.143412901831475
2024-11-13,3.3735752040694345,2.7001737162562875,2.5836983865627445,2.2510610145608445,1.3743091279569706,3.1538216503676146
2024-11-14,3.335945839781334,2.655681378775414,2.5250744724830456,2.1934807001850163,1.3299207359433984,3.085630159904625
2024-11-15,3.3298225698382673,2.6375266483159643,2.4806441272926594,2.1444644141210865,1.2811504171503556,3.033079200866455
2024-11-18,3.341458699336448,2.631306218976894,2.4706245201604253,2.130895690034431,1.2540773914637344,3.0147109757911648
2024-11-19,3.355170233999771,2.6437375654193964,2.494306996821449,2.159652788264913,1.2856693960711414,3.0491011457745683
2024-11-20,3.366420227736036,2.6573564008091637,2.5040346037101244,2.1749023730980435,1.29799525237703,3.066805083085279
2024-11-21,3.3727908057969533,2.654630216871184,2.4971237063379723,2.1716025096195293,1.3000697933559706,3.0657053314384175
2024-11-22,3.2851399096537057,2.5695841575346994,2.4088330750548925,2.0918873662212603,1.2549119636753179,2.964681562237304
2024-11-25,3.282033120968088,2.5650123817642263,2.406243598206087,2.087600026428034,1.2479188396433039,2.9579158745555403
2024-11-26,3.279746486319419,2.5632275258400776,2.4001699538199746,2.0699046480030625,1.2335238107456366,2.9437810950723198
2024-11-27,3.3099437651935544,2.5989517907285133,2.4437893011833984,2.11696338817421,1.2676089289547998,2.9977148993136824
2024-11-28,3.28047967996595,2.5833085521777557,2.4313053321936993,2.1064715069562734,1.2593787477621243,2.978829055311629
2024-11-29,3.3020870374133997,2.6068703829330846,2.4615902232939613,2.139979944860843,1.285432617273862,3.0173775719513536
2024-12-02,3.3171877937900685,2.6247861018417695,2.489802148405221,2.168269676510279,1.3072106408651845,3.0561956986930827
2024-12-03,3.3188635422040504,2.632709565782233,2.501113315880371,2.168335569076377,1.3052610485589302,3.060231358741484
2024-12-04,3.285212036588181,2.613937337164995,2.4919496433724024,2.1520214147587593,1.2923884392666358,3.036774515695113
2024-12-05,3.28824818930388,2.6121072709281434,2.4906264220646475,2.1487072152711053,1.2985275225256623,3.038555216355235
2024-12-06,3.3169654618884064,2.646516321560234,2.527657655118991,2.1776517541140827,1.315005302202814,3.0767938088340383
2024-12-09,3.2998907223179423,2.637998946680949,2.523523279075015,2.176884170143418,1.3127344210393765,3.0693530707697168
2024-12-10,3.3202512133139517,2.6521375486586565,2.5351708098579215,2.1858074628847923,1.3198265384193302,3.085101085046096
2024-12-11,3.3556203087654626,2.6792876785338495,2.551960722877718,2.193396782813851,1.3237695388086421,3.1060618746726094
2024-12-12,3.3797960898889903,2.6934646036684518,2.5765158605454617,2.211010371814971,1.3369978326107512,3.1310123552405056
2024-12-13,3.309209304388456,2.640591938358982,2.5266981700374402,2.166785093512821,1.312585162011632,3.069576541023441
2024-12-16,3.282986193502727,2.626886936526361,2.5131864918902855,2.156127389754738,1.2975798159404326,3.04818483249324
2024-12-17,3.2704975219445025,2.613760736229794,2.5025609113430685,2.148558049520426,1.2871005262916064,3.0331714319206906
2024-12-18,3.2926506665962583,2.630689996857274,2.5139971782086197,2.1596554075372323,1.2926562589184636,3.0497300287213815
2024-12-19,3.302850137144125,2.632259794074936,2.505553810914596,2.158513727606299,1.2939019297307033,3.0502014357813616
2024-12-20,3.3085048085525575,2.6200912173944872,2.497429986330146,2.1532122165543908,1.2951692350527764,3.0455676760961086
2024-12-23,3.280904227147512,2.6126499520333004,2.478445782342186,2.13836091500583,1.2770108476804525,3.0213535551074995
2024-12-24,3.3228303418753624,2.64777358851867,2.512146441879677,2.167939904172195,1.290889924363643,3.060334209144335
2024-12-25,3.303362113024016,2.63835485382872,2.5062409839966118,2.163959837653632,1.2774073173845222,3.0455938933335074
2024-12-26,3.327968843780211,2.646415081258111,2.5057969750007025,2.1677812756373642,1.2817017128698658,3.0550145743141885
2024-12-27,3.334016875569303,2.6556942450827354,2.516935468873577,2.1736094619161586,1.2848052279962439,3.064104243539964
2024-12-30,3.3353906531214457,2.6622322350960745,2.525579176869101,2.1830941442607936,1.2823787242629439,3.0694695903690277
2024-12-31,3.2645821118248888,2.608792067846476,2.475957615869513,2.1427467521519055,1.253999221542203,3.007110210568285
2025-01-02,3.163941790216669,2.5300635895529076,2.397745406901614,2.0731301806865265,1.2119665121132308,2.9186131234765345
2025-01-03,3.089228294889687,2.4901053637049855,2.3723278574041586,2.0448286924675023,1.1945952944874665,2.8730784777167973
2025-01-06,3.0936498377140387,2.5038040215718165,2.3765850609889023,2.0438919231916852,1.1944106258914458,2.8777324673340523
2025-01-07,3.129030595007372,2.5196222365493597,2.38037351270664,2.060311084433986,1.2110716247092592,2.901530728122436
2025-01-08,3.107558756007531,2.5008215805328127,2.365562956253646,2.0584568566866066,1.2220243525100702,2.894350317016537
2025-01-09,3.122345692123689,2.5035553896100287,2.3573275672633347,2.0556384545917417,1.2147355609266797,2.8914688054780977
2025-01-10,3.0586297253523003,2.477497252459219,2.3291055779451755,2.0267332983997624,1.1950040046435764,2.8491772120372603
2025-01-13,3.081753957486284,2.488030495707633,2.3371240831749067,2.0126989625521636,1.1825036567888039,2.8479718611379954
2025-01-14,3.19298029332517,2.5616264156760873,2.401188757613482,2.074353063202773,1.2140099108536377,2.933615672618179
2025-01-15,3.1675294891006396,2.539884001526767,2.38533239764383,2.0620544167753367,1.2090810248022645,2.9142297209459844
2025-01-16,3.177751303858944,2.5530597102113575,2.3972924464539003,2.0694052998693984,1.2139150545570039,2.9264628094567433
2025-01-17,3.1935282530031026,2.5657759397463757,2.4110108853909527,2.085820811749019,1.2191508788851881,2.9427919476742175
2025-01-20,3.209207416659614,2.5727008760687604,2.4093602411555377,2.089973295880035,1.2253886017166924,2.951054709189901
2025-01-21,3.1964736760238264,2.578065897450987,2.407980098111137,2.0885420894416513,1.2289618305365204,2.9509150668377906
2025-01-22,3.1610620835232153,2.565517969620069,2.3921639935386456,2.0790541725250415,1.2251421049685787,2.93309929442223
2025-01-23,3.157072435336985,2.5606661553114214,2.3942203590342253,2.083305816497198,1.2251630927010504,2.9329622595040545
2025-01-24,3.1945537835819127,2.5813369561829065,2.4163267137167845,2.104669777312988,1.2360635248401424,2.9613170807828397
2025-01-27,3.1548116984675922,2.565343672498272,2.4133166151054644,2.102405345913468,1.2386961308390076,2.950164587322584
2025-02-05,3.1760652531188756,2.574759993083311,2.399517548148815,2.0811236047492563,1.2137636692750928,2.941199041687017
2025-02-06,3.2524220538139645,2.616194981745049,2.4240021248288652,2.1065133763296844,1.2297254160769073,2.9857221409791626
2025-02-07,3.3162801229272802,2.6628204456146953,2.4570124344374666,2.1212756492177536,1.2414696478417027,3.0261083169140703
2025-02-10,3.3581506173990348,2.683766790329637,2.4636126036401604,2.1216530638380893,1.2429333666192628,3.0409575295654827
2025-02-11,3.3276148670392516,2.6613166192719575,2.4543305841608327,2.120190943925935,1.2515609968325958,3.0318506890396373
2025-02-12,3.396158536782364,2.695019838313665,2.466356062098187,2.1326147943801774,1.25638680150636,3.060882392665574
2025-02-13,3.380829304770188,2.6936613181058924,2.46104557143189,2.119851078767054,1.2423845693468214,3.0460060114746916
2025-02-14,3.4092557655027425,2.7156668067931244,2.4765656248864856,2.129191438473163,1.2483269322252935,3.0655448890840793
2025-02-17,3.4188222425156165,2.723896767062382,2.4851822182389856,2.125155552478002,1.248386681437746,3.070123704775362
2025-02-18,3.3390225650983356,2.683281627684952,2.460391075632448,2.1048630198396463,1.241381797493802,3.0312022649781363
2025-02-19,3.395632889078904,2.7044254066255395,2.476702339228114,2.1174568385287342,1.2530823356205145,3.059618051198648
2025-02-20,3.395047753736462,2.6977797921662776,2.4802928136631306,2.1173004612751494,1.2568155103635497,3.060673870707073
2025-02-21,3.4597192064617905,2.729091098976062,2.493963186513271,2.128957260268951,1.2647527569184671,3.090048715911751
2025-02-24,3.4652016335507714,2.740302383467113,2.5023381603844435,2.1285312504912186,1.2599514005789096,3.093172400248638
2025-02-25,3.41807263350684,2.7105343679423997,2.476092442014334,2.106361501683979,1.2504376014776262,3.0604351233944445
2025-02-26,3.4742786645568584,2.741304406492606,2.500027903069148,2.1233977852930366,1.2637428197026805,3.094828837821036
2025-02-27,3.4543707347623105,2.73453667882391,2.504957481179024,2.124461453763397,1.2629529235366435,3.0908976645177444
2025-02-28,3.344810664057547,2.6810207419913996,2.464759718908038,2.093601329132418,1.23796941705238,3.028064696040969
2025-03-03,3.343880160426181,2.682303816431219,2.466293886725888,2.0985621805324963,1.2347745119808688,3.0358282924264888
2025-03-04,3.3592042419291785,2.696013175913955,2.474380399749648,2.10921827358685,1.2416768357378454,3.0501855015128494
2025-03-05,3.3704238338864023,2.698305766759071,2.472030087578984,2.114069410315784,1.2523737471651046,3.058852655832749
2025-03-06,3.3918444940587853,2.71924330732375,2.495859022600347,2.135929509186876,1.2807839739860327,3.093621026730932
2025-03-07,3.3962482914440377,2.7189430438466333,2.484030448316663,2.129043077014256,1.2794984864337562,3.0888254037718945
2025-03-10,3.4136775908797143,2.7195676600979746,2.4857455709508973,2.130596883418165,1.2722056241151176,3.0894887818397234
2025-03-11,3.4274114204559534,2.735513921001724,2.499098493959868,2.14441127890072,1.276525108076206,3.1050077109904115
2025-03-12,3.427477904122094,2.7331504109749067,2.5009120583665694,2.1425699977719694,1.2793376589505232,3.1057778207325093
2025-03-13,3.4334987554545675,2.737856268541811,2.4972231672624927,2.1295891506658764,1.264038321555824,3.095811084673847
2025-03-14,3.4858438246313366,2.7854185877174062,2.540741814697202,2.1689058379569337,1.2824246674457562,3.147216193241471
2025-03-17,3.4886061825028785,2.7807154819523054,2.5394985526769984,2.173116108483751,1.2840124906818229,3.1483522682882135
2025-03-18,3.5096282044987794,2.7852451248339753,2.540039256472153,2.1759352966567755,1.2885130044939725,3.156353606121811
2025-03-19,3.493537321163766,2.7870845052821682,2.5339530950490454,2.174061630177411,1.280156790494417,3.1476968292526317
2025-03-20,3.4869224491322615,2.7756661652228423,2.525621303129897,2.156525670081314,1.2713929430932644,3.1324729784721805
2025-03-21,3.468213496593113,2.758644455372941,2.5057592766965486,2.128393035534333,1.2436045575655235,3.098448076448449
2025-03-24,3.482123889358022,2.7738161240502497,2.50219231844148,2.128810421604749,1.2419803714278435,3.102771254569616
2025-03-25,3.490781328140546,2.7923362973442036,2.5157820341069606,2.1286826921391153,1.2283884097446,3.1049482864091353
2025-03-26,3.480436964256521,2.7868181741305738,2.5137032891302957,2.125441826184101,1.2312015545431827,3.1018513254128472
2025-03-27,3.4770854995766443,2.7833124113466527,2.5170346171371185,2.1309815400159855,1.2309824400314875,3.1027931646513656
2025-03-28,3.4545143480821037,2.76514924895202,2.504722931562884,2.123164705692556,1.2218351627086104,3.0847803305191297
2025-03-31,3.4244218335971435,2.738871176640275,2.4795675778021407,2.1070112905514895,1.2108014458184941,3.057082476100107
2025-04-01,3.44680763235068,2.7622703009334866,2.4931850947079357,2.1142879251027793,1.2045427059435656,3.0762130195927497
2025-04-02,3.4592343913795625,2.7639239886299727,2.490529191685761,2.1092207551387054,1.20323649539108,3.0760212041790607
2025-04-03,3.405637874211481,2.7511901417867746,2.4892720672731152,2.103512169857052,1.1934578892136685,3.0566326279626113
2025-04-07,3.085335745211533,2.51728565849197,2.30503453425434,1.9480947531553743,1.1049127865810422,2.8113230040063892
2025-04-08,3.0301106534640545,2.5541309279130338,2.353213460588951,1.9771716850572791,1.107832356625944,2.8310022569418836
2025-04-09,3.102649301450847,2.6011796996280454,2.387009956259883,1.9912145406464852,1.1269173919834552,2.8769301417766937
2025-04-10,3.182936155537673,2.632346114123698,2.409744427764123,2.0199913620623424,1.1504662024211239,2.924577250920124
2025-04-11,3.2202403439715863,2.6354740232091616,2.3978686211618476,2.017685520161587,1.1557780207158526,2.931323727074521
2025-04-14,3.2472121453737577,2.647233510351349,2.415499827772247,2.0347253197859083,1.1707810421110831,2.955722376602665
2025-04-15,3.2269405612804216,2.6319910120081373,2.4070200187479234,2.032566623293554,1.1673822608326752,2.9441981881723414
2025-04-16,3.1901072155627057,2.628238890128748,2.403627909583013,2.0304326995618314,1.161906029789071,2.9323909139384994
2025-04-17,3.195861117965775,2.628279197952771,2.4039222532408426,2.0319183033571195,1.1589751225999745,2.9324879111154045
2025-04-18,3.208871555976934,2.632955078930346,2.3983406619971523,2.0302801047339063,1.1600988871372238,2.9346692935418996
2025-04-21,3.2679953649570073,2.6480557249582253,2.4071735303606916,2.0436680985584217,1.182337074270921,2.966170463918512
2025-04-22,3.2473093252995437,2.6480363703361864,2.409742376547568,2.0454496372147237,1.1831464020210725,2.9639397474080322
2025-04-23,3.2837472748803767,2.647408149434299,2.408072956678881,2.048175803784939,1.1813805651292368,2.9699907759571316
2025-04-24,3.248733330394284,2.6409483044076985,2.4086302417459624,2.051103799761915,1.1814742678154433,2.9631999721699365
2025-04-25,3.272207599917044,2.655215631980802,2.4177904874612532,2.055009331615729,1.1796366873180237,2.9731634887813727
2025-04-28,3.2360330289873076,2.651582476073755,2.406057901119619,2.052194643418147,1.176529158871905,2.9604760732599624
2025-04-29,3.2555028606051057,2.65098203232805,2.4015691698679063,2.0479612671244847,1.1748876685725038,2.9607814515971143
2025-04-30,3.2975322735313775,2.6562686927802805,2.39420520570851,2.0420219693521586,1.1732803738783244,2.9653202396845946
2025-05-06,3.377754374939392,2.694873581650302,2.4182850875396706,2.0590112171802106,1.189529820386269,3.014102150775574
2025-05-07,3.383115368788067,2.7050103753599983,2.431520912811614,2.0760929415883136,1.1971906949708524,3.02950916837755
2025-05-08,3.4144422068278586,2.7197831304979707,2.44022656557602,2.0798511288420984,1.1948287895091707,3.0404994381530193
2025-05-09,3.3722547747372733,2.702245656437485,2.4265272017541126,2.0754789472303927,1.1927992409488748,3.0233398058237944
2025-05-12,3.4522383864842885,2.7463949691351672,2.4530933926358176,2.093960699515718,1.1969674681925928,3.0616779853187457
2025-05-13,3.4557055327812343,2.739779496263406,2.450047637961884,2.092510830970886,1.1982524296132484,3.060291073242279
2025-05-14,3.476085849723872,2.763580152345449,2.4702101044935283,2.1067074560809753,1.2011196198965148,3.079871657698183
2025-05-15,3.4202938976045787,2.7212834275896394,2.4436779459477758,2.089165820758566,1.192941846102368,3.044618741778041
2025-05-16,3.4241958362222182,2.7205038176633964,2.434618337744058,2.08372662779691,1.1911130533129473,3.040362628468636
2025-05-19,3.4193526164619734,2.7191828039893204,2.441681546469728,2.087780563529523,1.196160781062762,3.0447313345622273
2025-05-20,3.4313052072460524,2.7267594145202323,2.4414850685432876,2.0935391454516337,1.203262050735841,3.053802446889691
2025-05-21,3.4378340161506036,2.737237933187728,2.4447997456442843,2.102005638537913,1.2075534170022257,3.0627890317212665
2025-05-22,3.4043444890707004,2.7130636643240407,2.428623513217924,2.097999751756504,1.2034077583817582,3.044088543184034
2025-05-23,3.3799230539566314,2.6863919513971593,2.410437801446464,2.0803150059171243,1.193033169198103,3.018796505493209
2025-05-26,3.376997997878373,2.687563932413168,2.419366687673559,2.079753139433311,1.1948170868946288,3.0215136010897203
2025-05-27,3.348939616928049,2.6706700982930287,2.413909049714069,2.080181195342603,1.1911592709817038,3.0096052126401287
2025-05-28,3.3415720218659266,2.6680119330531027,2.4170504135352573,2.083389333398294,1.192695575189053,3.0101698498917178
2025-05-29,3.403539788029123,2.6976651661016957,2.438888950384327,2.092906083489103,1.2023438712902512,3.041085171258213
2025-05-30,3.3577819184566686,2.675996680551718,2.4235001209749507,2.0900852819951905,1.2034397245965982,3.023919679473294
2025-06-03,3.352318222773226,2.674647243031516,2.4270251451641696,2.091902984711145,1.210149826669884,3.0342010346022
2025-06-04,3.37955268649818,2.6903313827668875,2.445747760819637,2.1068145053400302,1.2170619581974875,3.055168829706725
2025-06-05,3.408498506537552,2.6990180240330788,2.450330757272291,2.1108377239861977,1.2168297838484714,3.0645984222754223
2025-06-06,3.408718618921291,2.7013299582959496,2.4538678523306934,2.111595759442893,1.2132346978620485,3.064457601712437
2025-06-09,3.4190268285896663,2.7147578244834714,2.469532582732958,2.126333562756656,1.2242284856881323,3.0830859205945607
2025-06-10,3.3837433319308348,2.695093708722684,2.4570036579957857,2.115108791553356,1.2205806107820012,3.064014150510961
2025-06-11,3.4010283044033573,2.718096080088567,2.476830231244212,2.1262503578447824,1.2259815251420214,3.0832532685313727
2025-06-12,3.395814540725194,2.7107694471010366,2.4799691945887057,2.1259812703933734,1.2300784070913897,3.0834017687261643
2025-06-13,3.3634255523771523,2.6940820859778074,2.4703807505416613,2.1161089990511712,1.2203581813671402,3.063586657772617
2025-06-16,3.3765231288936524,2.696920260558979,2.475038321787815,2.120304280965609,1.2239474474872192,3.070798038730805
2025-06-17,3.3737906459177047,2.7013301781258003,2.4778223266741177,2.1220820670704303,1.2192474728365181,3.0701496102594077
2025-06-18,3.38040672361693,2.6949552187717676,2.4735706926406875,2.1212592718190937,1.220658770308143,3.069335130848258
2025-06-19,3.3466781192467,2.666757211974907,2.4482655797077655,2.0981362984894476,1.2051124210511672,3.036001908705682
2025-06-20,3.332277296096463,2.660849416181111,2.4385945720068696,2.094124421570414,1.2035857972140924,3.027707241901926
2025-06-23,3.3437320854854757,2.6726052037803822,2.455053089188695,2.104612738534143,1.2067211927740837,3.041156250951987
2025-06-24,3.39895148432814,2.704835513199793,2.483850213306527,2.130755074373259,1.2212906582925718,3.080586765936792
2025-06-25,3.4442022824114886,2.741057088913868,2.5227240242772,2.157983398954608,1.238011155310954,3.1229885840106624
2025-06-26,3.430887634000352,2.7294522686262312,2.522712194657052,2.1541473057338094,1.2338909291319609,3.114731328543932
2025-06-27,3.444733126824743,2.7376757141296175,2.5334870555917757,2.159481235460425,1.2347658148678518,3.123772861802147
2025-06-30,3.466617016477314,2.753520755434839,2.5348304005789495,2.17291508449622,1.2498813694552338,3.1432242312016885
2025-07-01,3.458435178384202,2.7540661196105245,2.5348286248283514,2.1742094853662257,1.2567800401166953,3.1527528578935873
2025-07-02,3.462603548666194,2.767638465241167,2.542712272347064,2.174719430546142,1.2447056334463582,3.152671294237137
2025-07-03,3.4745881420335496,2.7735964352869007,2.545440278836227,2.187125112045359,1.2574307526361184,3.1669306023517216
2025-07-04,3.4741520063412756,2.77912902406187,2.541679794693974,2.182327267972378,1.2585485952085953,3.1663524379929613
2025-07-07,3.4714508088238425,2.7846596906178265,2.541173154762585,2.1814443081979524,1.257918597624556,3.166420866812531
2025-07-08,3.4907979042208668,2.8046539781862876,2.562043594418489,2.2048306531318067,1.2816230659869154,3.1984213804830564
2025-07-09,3.4928955681178415,2.795937733149537,2.5589216941367017,2.1971183906040266,1.2786484213410059,3.1923160561295627
2025-07-10,3.506662023902185,2.813692640759302,2.577028436599091,2.2200217481169133,1.2814956421144565,3.2114817416261685
2025-07-11,3.5184367698353713,2.8172793395998865,2.583778647788583,2.243470765507719,1.2861366547374757,3.225250010078523
2025-07-14,3.5283100938714957,2.827868756773852,2.5932344233533287,2.242873460353537,1.2875360380973444,3.232375481566636
2025-07-15,3.507222445290008,2.8156853214667663,2.5822227607609,2.231488007990006,1.2924062056781664,3.222144961505871
2025-07-16,3.5148256618499696,2.8185734735412105,2.583993460978987,2.2275716198387876,1.285906265515742,3.2202728624261456
2025-07-17,3.5254463882754417,2.827758163275542,2.60002723807344,2.245704733821067,1.3122816332997707,3.246767193703451
2025-07-18,3.5446561236033602,2.844453176292043,2.6094827235960496,2.2649862412136,1.31996347046996,3.2658772069246855
2025-07-21,3.591130558005694,2.889250882665736,2.651071807826836,2.2925532989800383,1.331108934990168,3.308603158590042
2025-07-22,3.6606470803185718,2.9414652093893707,2.693664287833075,2.30719254025656,1.3331863015347438,3.3492606569353387
2025-07-23,3.650878218961266,2.9274438017552833,2.6746534823554637,2.307378365776527,1.3305096521873414,3.33826155542135
2025-07-24,3.6821674778749016,2.9547777273407583,2.7100638845342164,2.3480924591826837,1.3510544622675078,3.3811469996818952
2025-07-25,3.6532493503737915,2.934093732906601,2.7064151322579164,2.3477044758871606,1.3530098879522874,3.371058996544696
2025-07-28,3.6308896507636117,2.9146586939121533,2.692630323781211,2.353053679502344,1.3741719109834525,3.3711139042009615
2025-07-29,3.6319460700738406,2.919268033635271,2.6987814132171297,2.357501365502814,1.384758714831057,3.38038521808821
2025-07-30,3.6422810078168943,2.920163154346967,2.6952807383078046,2.3419750662307925,1.3736110681467042,3.371744209869845
2025-07-31,3.565003210897127,2.8716214624605585,2.6481694724722256,2.292024620444858,1.360683526402577,3.313710643660181
2025-08-01,3.557440538386535,2.8710619149696677,2.645506883320405,2.27804108008069,1.3470735830871958,3.3079490698886693
2025-08-04,3.5845981379085377,2.8852506079350198,2.663440846117686,2.288641436157416,1.354073410925645,3.3272804186623195
2025-08-05,3.621408599315009,2.905107814358844,2.687171710969469,2.3101169346232924,1.3628334603048256,3.355182887082386
2025-08-06,3.637949464891711,2.925123721388098,2.7023338871618403,2.3253445617431674,1.3732369739562615,3.376193835194622
2025-08-07,3.639607143676939,2.9190463514042144,2.7005070612574196,2.328152154958829,1.3727277907934712,3.3752112410732167
2025-08-08,3.6419186225142623,2.921048699920314,2.6988510280737774,2.325805914478529,1.375058937241446,3.3761571054008512
2025-08-11,3.637130543663732,2.928908915992175,2.718506285946051,2.348750485947148,1.3951972391990497,3.3985096249156808
2025-08-12,3.6467511560965082,2.9355343810521237,2.7247520558273233,2.3576430170431752,1.3941340150255375,3.405465490233933
2025-08-13,3.662227593924801,2.945146644273593,2.7387303625624235,2.3782955394776146,1.4176528900285317,3.4315171538671803
2025-08-14,3.637706866963686,2.92233004312982,2.716279700281444,2.3605301560261087,1.3986680696594176,3.4016731947512606
2025-08-15,3.660656536891961,2.9537558572010267,2.761803285861977,2.4009914748907377,1.425853466547587,3.4495243992241913
2025-08-18,3.6688156824341163,2.9722713529427542,2.7870032978592625,2.423595655053778,1.4486061169558198,3.479149295182369
2025-08-19,3.663822872864455,2.963083115805202,2.7943284212331383,2.417576886533201,1.442711700264927,3.4733226271865645
2025-08-20,3.700552266497109,2.994902937908137,2.822283205552423,2.4542996635946075,1.457119054031759,3.5121781882224634
2025-08-21,3.715621747626136,3.005886534688599,2.8270360418469584,2.4577738800534066,1.4533478251360663,3.5179882208158504
2025-08-22,3.738360693830225,3.033729970649073,2.8558061681383116,2.4907629693703766,1.4819030766537877,3.559207216132086
2025-08-25,3.799080255592053,3.0748411096522963,2.8961533839742333,2.5284702889998467,1.5167088990790967,3.6179666435314215
2025-08-26,3.807433726372785,3.0846277752281446,2.9120362943969096,2.5318551648773666,1.5120699490821574,3.624586792252796
2025-08-27,3.7402109281256744,3.0269658821385605,2.859465866810263,2.4838511635773024,1.4897286206753535,3.5606944918442154
2025-08-28,3.7677420448181462,3.042824113897473,2.8908807022590914,2.5130612122093883,1.5217357678132326,3.601142537424001
2025-08-29,3.7797982165128796,3.0439480373537036,2.903748130399049,2.5165347245423204,1.5447209368314112,3.618782986264167
2025-09-01,3.7904597958691615,3.0390852661030388,2.904799811631202,2.517624586399381,1.5630284364541214,3.6365711951170883
2025-09-02,3.8028165989729303,3.012039439805902,2.8715816581995655,2.477866784320362,1.521023448438809,3.593120817119618
2025-09-03,3.7464050395353716,2.965740815338923,2.8137834006473366,2.4430135099159407,1.5016326699220395,3.5376808606108714
2025-09-04,3.7228758696542963,2.9590478789666967,2.7927379542991075,2.4112867567130847,1.4397143333086697,3.487985382608858
2025-09-05,3.7360220366989965,2.9954997249137505,2.8421494111755026,2.47513976938158,1.4911995172486583,3.55480428569997
2025-09-08,3.755922741210008,3.0372045998438915,2.8792085280402073,2.511121037662334,1.511413831114928,3.5977329140550944
2025-09-09,3.747107106126168,3.031829607094626,2.8821482194969996,2.50953119698671,1.492391646429504,3.5859937646301447
2025-09-10,3.7388689703129563,3.0143929264525395,2.8707233056555985,2.4962450930527225,1.498626412837364,3.576648433334725
2025-09-11,3.762112153974143,3.038959196209863,2.9125071877677997,2.5466123336952893,1.5607806668742483,3.641437858901835
2025-09-12,3.7507550577665323,3.0337775147552364,2.9138415174685397,2.5396803854831425,1.572249140423283,3.641700134413669
2025-09-15,3.7462640692182467,3.030583997285711,2.911350022590351,2.5430071904000005,1.5728093884716914,3.640652199691051
2025-09-16,3.7404543533675936,3.027175796674593,2.915471449781478,2.5523439702840793,1.5881270145569868,3.6494995743504934
2025-09-17,3.7593885594321033,3.056336736532483,2.9387476667570933,2.574600950383844,1.6054635538434827,3.6803855097333704
2025-09-18,3.716980528551619,3.0066421499188745,2.8918255967946322,2.5365066483516467,1.5974003951927913,3.633773204960591
2025-09-19,3.7220599220968285,3.0190674944806406,2.896655684702363,2.543253305625207,1.58688021470646,3.6361303857802283
2025-09-22,3.6925999794471753,2.9966362859550424,2.8879807124165384,2.552875824252606,1.6150653999395694,3.638461365089693
2025-09-23,3.696360869640728,2.9851736369722337,2.8602087855274134,2.5409086869022977,1.6005982180349672,3.6194915820089317
2025-09-24,3.7108815771591463,3.014091910863288,2.894493858960697,2.590127573001662,1.6220917512508766,3.6617684124265195
2025-09-25,3.6862257156210885,3.0080778221430298,2.8908732359359974,2.5937874233346006,1.6401618040856096,3.663718358593774
2025-09-26,3.6923585354972808,3.008404984773278,2.8839280409758095,2.580246280103922,1.6067997185492575,3.6445268371768025
2025-09-29,3.695033686431385,3.034377124872668,2.92520615903435,2.631522974813745,1.6469518733853936,3.694480580828444
2025-09-30,3.70651810408216,3.0429736660042743,2.942471068693874,2.657185486425345,1.6684307226340662,3.7200735585654954
2025-10-09,3.7418636997202728,3.085301616250108,2.9702938237345426,2.71263816903565,1.7026084503658283,3.7833861940436497
2025-10-10,3.726650088961756,3.0926215595262367,2.96743467018937,2.699884261028346,1.6647611344046138,3.7609671840250076
2025-10-13,3.738053064154447,3.069775083243914,2.957879085964069,2.669052028154382,1.6567026036301313,3.7430490476802563
2025-10-14,3.7389310424254165,3.061741180703149,2.958597034146762,2.641706425782469,1.6005426371255072,3.7083408491001593
2025-10-15,3.7674894072875547,3.0850208908200027,2.9888558708851565,2.6713137785581615,1.629179938685332,3.7488171252205813
2025-10-16,3.7440914560054304,3.0806748153768324,2.9797024254650504,2.655686582241701,1.612201122648733,3.728593698688893
2025-10-17,3.6793047705064668,3.0310067150014004,2.9165433161926813,2.5994626879134834,1.5599931349824514,3.647921463008594
2025-10-20,3.687108991040476,3.035694274711993,2.9372469731817965,2.6200419976986287,1.57592994348171,3.6689976550974355
2025-10-21,3.71364533989881,3.059731946304983,2.9646729536788374,2.6529236901839837,1.6062179221494828,3.7102650322237416
2025-10-22,3.7022771973036055,3.0566216789150102,2.9495402243331954,2.633211885213603,1.5921746544715685,3.6914502393969477
2025-10-23,3.713531488427135,3.0708621944837455,2.971996567012398,2.651894056161575,1.5939411076104688,3.7087941696202424
2025-10-24,3.7261414257714107,3.065286705691321,2.9737008904598508,2.664244699835434,1.6250928128104052,3.728372285906045
2025-10-27,3.756299238371175,3.0884932391187125,3.008634258569624,2.703629438996529,1.6431202040097304,3.7681006612197203
2025-10-28,3.759867275219359,3.0825441107957934,2.9929105962637075,2.690040730404319,1.6310570785906637,3.754115364065527
2025-10-29,3.7846275159673777,3.10670864895349,3.0307136477450407,2.7415233437008624,1.678439453470455,3.8106253910240553
2025-10-30,3.755808442588083,3.0892346435548257,3.0142013299720936,2.7234940020872203,1.6627476994797352,3.784236412971447
2025-10-31,3.750364283677782,3.0775404767831285,3.0010985151261425,2.702318581719458,1.6486474055267972,3.764676352748151
2025-11-03,3.745776363068581,3.08435522849053,3.0094536723197884,2.7147272868426646,1.6470727895007573,3.7783212752246835
2025-11-04,3.6760230923309325,3.053853106749156,2.987251395932242,2.705808875206695,1.622473755682995,3.73738008069092
2025-11-05,3.6744001836744973,3.058157880457307,2.993017408299726,2.7143819764395585,1.6412113422121637,3.750562560537063
2025-11-06,3.7245074866233203,3.0743545798890235,3.0195230789394074,2.7441643982719155,1.6756956152080253,3.795446175027257
2025-11-07,3.693588574479329,3.0771667889725323,3.0240775432591045,2.7474993113971915,1.683808746331012,3.795568728740798
2025-11-10,3.69520821870048,3.1162014003056377,3.0503167420589903,2.7682550439348366,1.693626253831935,3.8222396800784373
2025-11-11,3.6752567932885962,3.115412451286266,3.0319016919257185,2.753812352009094,1.6813129640582083,3.8037308705027173
2025-11-12,3.655725700234008,3.1071749151935335,3.0083411226112275,2.744493399961791,1.6725007817621462,3.785179857493384
2025-11-13,3.6861454105510045,3.1259509138442487,3.034509476650599,2.7608084946724523,1.7124995259008986,3.8253018784159334
2025-11-14,3.642381630350177,3.10703636268834,3.0093319587642524,2.7359916580560886,1.6780376138063458,3.782923710725962
2025-11-17,3.631776027092513,3.091891766958044,2.9986337595110193,2.7215438710233517,1.6764292567235837,3.7696424401999717
2025-11-18,3.627228022722984,3.058507898411557,2.966602201628626,2.6890243983330397,1.6402732311200625,3.727237201500793
2025-11-19,3.6066511781190687,3.0463519196017317,2.9692966448559246,2.693145845855092,1.6547231896009311,3.7284512623740236
2025-11-20,3.583600002789822,3.037510287180847,2.948750503920811,2.682913292277213,1.6370174232655519,3.7055144951229546
2025-11-21,3.499011257785515,2.9785817226971267,2.877245846177568,2.618464338492814,1.5657559894779143,3.6055440403634513
2025-11-24,3.5440666692985863,2.993384561465504,2.890717918422792,2.620026585209125,1.5619828944219167,3.6204984481073423
2025-11-25,3.597360183599086,3.007610284472829,2.9031557662583483,2.63184182507181,1.5851197475132748,3.65198355855703
2025-11-26,3.6165982556596865,3.0006328687569788,2.8935658549744963,2.6206178153036563,1.5843014422492852,3.6483180828075934
2025-11-27,3.5995948288710213,2.996707666229885,2.8913701749711005,2.627600059103591,1.5832093600023152,3.6448007062837653
2025-11-28,3.6214481022206066,3.0082644683798763,2.9067674863044064,2.6410854502351007,1.6048068322310067,3.6696326686493905
2025-12-01,3.6693937868813213,3.033443447930785,2.9249211256667866,2.6554068082788933,1.6205230573350695,3.7097900132985715
2025-12-02,3.6297193433161627,3.011403501074133,2.9150095333753736,2.646253522881713,1.6141005305079024,3.688333501896477
2025-12-03,3.614276244517236,3.0000517701989224,2.9117553268501104,2.6444195700886555,1.611597186104124,3.679923376303303
2025-12-04,3.6296927608975365,3.008626073687244,2.9099357146172524,2.6383695057904384,1.6017640343417259,3.678560229354524
2025-12-05,3.681928339154381,3.04851066585984,2.9340963374212072,2.6566717397772956,1.6137016049494102,3.715622763223641
2025-12-08,3.7338241387665865,3.066986315176187,2.9267602007164344,2.6585060098737134,1.61260156570033,3.728814413101639
2025-12-09,3.7104099426284414,3.0374623363711417,2.8980326028425165,2.628275262306256,1.593830705763617,3.692499304329684
2025-12-10,3.724173705603756,3.050322024372368,2.9143362273612534,2.6387242967002487,1.6048297678638974,3.710545126732275
2025-12-11,3.672109165609647,3.0155908843452526,2.8887886946174905,2.6224236496658175,1.5933418689613874,3.675290865862361
2025-12-12,3.7227777616008946,3.043396637362468,2.9088946369029194,2.6372654931180772,1.6008854061149045,3.7050022868002155
2025-12-15,3.6804290616173203,3.0389957898802686,2.9075901705605776,2.6332806985438717,1.6019805914565086,3.694503744473447
2025-12-16,3.6261465646999196,3.0035412544130713,2.8814259299397973,2.605475749852254,1.5825388294511473,3.6515475755061853
2025-12-17,3.703714697327135,3.0518613495285787,2.9069469914770543,2.6366051886113833,1.6044989586819671,3.7042892554141402
2025-12-18,3.6623885535552647,3.0407648459493544,2.913923763076225,2.6447789995209856,1.6024230077063069,3.696389571851328
2025-12-19,3.696430507898853,3.068507096284726,2.934964735837479,2.6661608551620506,1.6178339531779644,3.7284345650262365
2025-12-22,3.7561356870417666,3.094872802752582,2.9385835268152083,2.6751216861110363,1.6285565884032374,3.7553096592182436
2025-12-23,3.7536218275340967,3.0822717143382015,2.925925205038828,2.676435767474028,1.6278180350412288,3.7485490881513277
2025-12-24,3.7976589847378466,3.1154302881756553,2.9445756679982518,2.685822483182352,1.6371724678550494,3.7771519537574147
2025-12-25,3.814685632082433,3.1341588350989986,2.9649333090090657,2.691487708006402,1.6459723959473425,3.7959537667770933
2025-12-26,3.8383609833312424,3.149150114769517,2.9767779921773045,2.7017336726397967,1.6588497362330166,3.8161650823703757
2025-12-29,3.8285117877948527,3.144903232977885,2.972136571396614,2.688570076277605,1.645986020663859,3.802356756807172
2025-12-30,3.8307799003265215,3.141687523737328,2.9780634782754305,2.6857034797081947,1.6562254921011503,3.807461402794594
2025-12-31,3.8250788866405547,3.1422459337340904,2.983443799798365,2.687580672227512,1.6564897706723423,3.8084818556535533
2026-01-05,3.9084397003843736,3.185378920312405,3.008401483984113,2.717602820560766,1.6658074044478663,3.8638317001807834
2026-01-06,3.9584508176446818,3.2268014083308736,3.0571751989145337,2.7812697964531923,1.7079866948329872,3.933933823482615
2026-01-07,3.9528365650721704,3.2152009673844324,3.0551402569740005,2.776863581467422,1.7271941127106851,3.937052666172464
2026-01-08,3.9744811194935554,3.2278000376417917,3.054046499990581,2.76093821811262,1.7199224847855672,3.9363741219489614
2026-01-09,4.000193213902668,3.2565869673766614,3.0838213585644563,2.792969305457002,1.750021604573921,3.9790463222836414
2026-01-12,4.043638918007726,3.2976488885610378,3.1216293637895594,2.822043930627452,1.7652371784121783,4.022683295461147
2026-01-13,4.016492220372704,3.2888541520863908,3.1097406689323157,2.8039458742489405,1.7438907881078942,3.997181285743868
2026-01-14,4.003593719703825,3.290818104840863,3.102778006880771,2.801174624920416,1.7596300070487547,3.9997009313131704
2026-01-15,3.9864812230293705,3.2869972669503773,3.106332658942604,2.8116512763189845,1.7698048676904257,4.003851423519188
2026-01-16,3.9442986953714376,3.269379704606476,3.106885583325895,2.8021775064330656,1.770104399303847,3.988620876875649
2026-01-19,3.9675953562395243,3.281646184044055,3.120955664959762,2.853216076882454,1.8030161615367317,4.029271564559568
2026-01-20,3.9952047620640703,3.297580463523256,3.133773122563441,2.8506478698404316,1.7993519688271655,4.03976791035232
2026-01-21,3.9766136301743957,3.299069857171683,3.141135213940853,2.865794618453204,1.8317154671917597,4.0570361512133175
2026-01-22,4.00841231185915,3.3070737640968346,3.155403709611558,2.875240712104604,1.8508048554721523,4.080324788315941
2026-01-23,4.027547115668784,3.331909863658882,3.1795005724498075,2.8938460968936655,1.8758103173997895,4.112865507273757
2026-01-26,4.015804246963422,3.324469679168857,3.173216459782593,2.8900838173117496,1.8752709513154429,4.105690624081632
2026-01-27,3.9733443809050226,3.3051913124462478,3.1600752132442067,2.8854780005391065,1.8752780767538237,4.087498743402599
2026-01-28,3.9928814554322427,3.318893771009307,3.1685482384863515,2.9058293305621503,1.9020191276236653,4.114511182071641
2026-01-29,4.043964328291784,3.346481226543968,3.1849757156610234,2.890740944715352,1.8856535470641396,4.124862590459492
2026-01-30,3.982975002234969,3.3010272624801122,3.1369638197671383,2.841741122499056,1.8469535524236007,4.0578723359218865
2026-02-02,3.8793027664199924,3.2142026865191657,3.047860683654171,2.74212652918203,1.7634381151397662,3.9362123076649964
2026-02-03,3.931702311435586,3.246407595626547,3.0986989989286142,2.806670179215222,1.827614656517979,4.01510879148323
2026-02-04,3.979785319127071,3.285355802280969,3.1425361121766744,2.851058780419102,1.835425998557576,4.062010566337298
2026-02-05,3.978942516245254,3.2890369441509044,3.1230864078362752,2.815080130215402,1.7824344908545882,4.023943972465731
2026-02-06,3.984054098452835,3.2725609221721053,3.111460792840632,2.824846995088008,1.7766061313813655,4.0181172427634015
2026-02-09,4.022784504728885,3.297793844190838,3.1535179462335425,2.8610211687969453,1.8205007042430035,4.0731810159798805
2026-02-10,4.023166647281332,3.3013482575402837,3.155996779318159,2.8695698154834175,1.8224332744099199,4.078067304322333
2026-02-11,4.019567722561174,3.305975047865324,3.1586275489202023,2.889148256469051,1.8414560141191851,4.093252978279364
2026-02-12,4.015774745335482,3.2881013306143685,3.1580010668130183,2.9042464226715192,1.870104062150907,4.1049663269755525
2026-02-13,3.995588706077571,3.2639529876288917,3.1167752115518907,2.8534448500701024,1.8285681147817678,4.051488712980212
2026-02-24,4.022666185760211,3.2823302676381023,3.161605076308975,2.8973411430282563,1.8871071947582914,4.111663811801503
2026-02-25,4.043567287930879,3.2994736411901533,3.1942206034366847,2.931842925052147,1.9271429348116862,4.15598629398121
2026-02-26,4.0378661272636585,3.2930013985650595,3.195897284597225,2.938240345519104,1.9389118091249162,4.160527197095863
2026-02-27,4.041051225662291,3.311394464762491,3.2199235798553123,2.97498693864601,1.9588860024752304,4.191041068084632
2026-03-02,4.001885164261974,3.2903540054330294,3.2170547925378252,2.980968508700297,1.9997789214719408,4.204353283166639
2026-03-03,3.885485737062656,3.2214172655692863,3.1404195939243142,2.9344883881302444,1.9481159313564644,4.107418463367202
2026-03-04,3.8523222775565493,3.178318458785522,3.112619799106978,2.917804938669064,1.9334837742270694,4.071304369148455
2026-03-05,3.8799706730471373,3.2030352361413317,3.1419383513423247,2.9182440062588846,1.949167408181811,4.097858180358848
2026-03-06,3.9123382749964053,3.235504604087537,3.1774330385602343,2.9391145124684876,1.9564855104031544,4.1311788373396645
2026-03-09,3.857920442073562,3.202326065653521,3.156520442321253,2.928321857315755,1.941266059256766,4.0963018037229855
2026-03-10,3.922489012193884,3.229909436631909,3.190423246993133,2.9408588300517553,1.9566444101434437,4.135859624565338
2026-03-11,3.92271112286159,3.2490643545554208,3.2039818296547473,2.9740602784611028,1.9746988034681325,4.161311443412289
2026-03-12,3.896524647576632,3.2456213315401206,3.2131235785027474,2.9901688236533963,1.9725266073191052,4.16082000572202
2026-03-13,3.8676174022610277,3.237027340318013,3.186741825916053,2.9626022380086887,1.943423989028671,4.125659183924431
2026-03-16,3.8627993439123474,3.2307289528014116,3.165429434910954,2.9281331389122447,1.916067436824456,4.096289353290762
2026-03-17,3.834404415361177,3.209373634865742,3.1410584850419196,2.89625295410254,1.86691837613628,4.04858275935651
2026-03-18,3.835459485787319,3.2113960089871467,3.146372480300516,2.8975428024013734,1.8779339894624505,4.055824600408235
2026-03-19,3.735442967745426,3.1566141922768174,3.0974923254810034,2.8573515787668677,1.824072966733499,3.9736845217481056
2026-03-20,3.6763376095040545,3.1168883090299553,3.055941456799153,2.8351808099633304,1.8051949576671666,3.926064818600961
2026-03-23,3.52747967509659,2.996089227881997,2.9350755495614704,2.7418134870733746,1.7479894734441406,3.7820603869690275
2026-03-24,3.594614988296632,3.0501131085477633,2.994933348250866,2.7990746709529004,1.7937000076633955,3.8611027950140238
2026-03-25,3.6705293231593266,3.0902377781921944,3.042109693175525,2.8524275413014237,1.8224370082896766,3.9268331788412443
2026-03-26,3.604657703013943,3.058706358397965,3.0046817366187777,2.826248605167412,1.7998514477569107,3.878121123674562
2026-03-27,3.650701435263463,3.0924825072284414,3.021733589660265,2.8316699732691957,1.8161581239008195,3.909525793519966
2026-03-30,3.649693592926546,3.1024657762779446,3.0133589810966837,2.836806125952704,1.8210865171319797,3.9132313724708707
2026-03-31,3.628501881549804,3.0719243389625586,2.978827341115184,2.7938347118092257,1.7822811454492697,3.863472763105891
2026-04-01,3.6980079889720905,3.098680944471904,3.0082815190862595,2.8166963085314514,1.8123421163447289,3.9211682717063927
2026-04-02,3.624469156571644,3.0453141610605883,2.97279958685227,2.799237502037042,1.8120640295570782,3.877843941857817
2026-04-03,3.5790787976703586,3.0065109762081126,2.9412201451358015,2.766777599918807,1.7939803587772263,3.833285579821775
2026-04-07,3.626457625920289,3.0070010985597615,2.9521088844712255,2.767475226388387,1.8009796923829589,3.8496330645657246
2026-04-08,3.8088872636207363,3.1432042610086586,3.056003968827393,2.835875929768738,1.8224812084699957,3.978537127299361
2026-04-09,3.782153300606485,3.103601917511276,3.0227102010027127,2.809763845902839,1.818667491938494,3.94529938873339
2026-04-10,3.8154679034033423,3.142759003055105,3.057434989173826,2.8223502475588487,1.8309393685166422,3.9801323184207673
2026-04-13,3.820652276403912,3.1329047037514632,3.054422096699795,2.812618471692444,1.8431425098153713,3.980538513600177
2026-04-14,3.8746475114223276,3.154650196074786,3.071560642818939,2.8298318130831728,1.8500456175091353,4.0096463441699575
2026-04-15,3.843645186856863,3.144869297825369,3.0654710453845415,2.833739158185028,1.845033539329061,3.9980616454775655
2026-04-16,3.8982171757159163,3.168463362652585,3.089418066570134,2.8467302451349763,1.8589539911034858,4.031388743851992
2026-04-17,3.915164790368181,3.1644237188381443,3.079823846043802,2.840250447769243,1.8538287047611914,4.027314056822922
2026-04-20,3.958470218829228,3.184734442755799,3.093407922392636,2.84898616389917,1.8596707714855594,4.049972952401961
2026-04-21,3.965776873865396,3.1771026955220965,3.087179847926648,2.8557240252948577,1.8740711095833402,4.056104371976538
2026-04-22,3.9962315588580464,3.1940846101215032,3.1069937313542693,2.8610772881567175,1.881103866983724,4.076460269865394
2026-04-23,3.9402146339012525,3.1756832996275377,3.111742236135229,2.858378846672073,1.8820462144651475,4.061215348298565
2026-04-24,3.911772398990671,3.1515036473792897,3.0812392823477897,2.849338751543987,1.8802911699442362,4.037874692445064
2026-04-27,3.9272704434645647,3.154299305780312,3.073362689381594,2.846268477956999,1.8811469166690973,4.039229249262815
2026-04-28,3.8703207576506578,3.1352534869822426,3.0710798918560984,2.84881463267397,1.8826276449446913,4.023377390269463
2026-04-29,3.9523146745033317,3.173255951387965,3.1071624357870182,2.8775433321895427,1.8997748894025355,4.07509933523984
2026-04-30,3.9472174579205883,3.1700070895426076,3.090704743118996,2.8642601125776763,1.8892025429533175,4.060589078615115
2026-05-06,4.0466315275591125,3.2199090538997446,3.1196316541302305,2.8876541537091254,1.9000191735663505,4.122480140867358
2026-05-07,4.065117437635159,3.2339676946588827,3.1147111521739537,2.895509432652718,1.9137705315715416,4.136763720819659
2026-05-08,4.090566591359091,3.247229174183178,3.118683797687823,2.8977775538510775,1.901610999003846,4.141816997543187
2026-05-11,4.098397428294509,3.265174735777497,3.1384495238931245,2.927891134811498,1.9410119113186544,4.1789542353573434
2026-05-12,4.077196094697853,3.254952715249716,3.1228225707614143,2.9130694478798085,1.925493360228573,4.156939978217507
2026-05-13,4.0851443478813225,3.260033186825059,3.1290895806364434,2.9294229265371827,1.965746605121844,4.183544056931992
2026-05-14,4.010304802148085,3.195491059732879,3.0765673371838647,2.8629520187946165,1.9149614222600717,4.097020499380035
2026-05-15,3.9487462469047183,3.1518613343551865,3.0408687286619016,2.83433361704614,1.889398077962782,4.044600334862562
2026-05-18,3.9135783182955555,3.1221818234143375,3.029907925733977,2.824433382009865,1.8936120756926431,4.025813211284736
2026-05-19,3.960445727761572,3.1502727945409084,3.0559806797772615,2.8343088282859377,1.8948524756780585,4.05300562596628
2026-05-20,3.917438180877549,3.108420898723889,3.028135014343763,2.816258322411319,1.9131977183370927,4.028701020385907
2026-05-21,3.8676345798078926,3.070172045507282,2.996790711149402,2.7620278988066156,1.8601704416869478,3.962379712879766
2026-05-22,3.8709971869355466,3.075209261445646,2.9969303767787463,2.792065799282486,1.9095248967189955,3.99400384313486
2026-05-25,3.885258607944514,3.0900690840545595,3.0092461864599103,2.81585627938767,1.9375471058060867,4.022595139960316
2026-05-26,3.8980905963893795,3.0844289147062245,3.0235059741020303,2.8209809092970453,1.9331588835878422,4.027252460494476
2026-05-27,3.8459233916829985,3.0467551747705417,2.9972849560273462,2.7745992849709236,1.9107040949793213,3.977045391848
2026-05-28,3.8223142033566884,3.028693788793224,2.971703189449601,2.763105879353332,1.928868048025546,3.9649048550614614
2026-05-29,3.838955416135461,3.0541212987174555,2.9790813467611525,2.733660604627585,1.8826850730320768,3.9496005540290517
2026-06-01,3.851671907856235,3.0783005569638417,3.0029384578869065,2.7522026179029155,1.8587368058579643,3.9685853029865186
2026-06-02,3.8288369634623827,3.062891179464241,2.9898258398038347,2.755260431284732,1.883718343155476,3.9680411832055706
2026-06-03,3.817861387966882,3.0468205756729145,2.9646349718769964,2.744522714366926,1.900168019924319,3.958822081141392
2026-06-04,3.7586215328619343,2.998598615553336,2.9252492549747586,2.7226652254449544,1.9134466876121108,3.9227773737110088
2026-06-05,3.7545870561575625,2.994163568091841,2.9341937281684474,2.7095271552475038,1.8683622668740585,3.9008151973348784
2026-06-08,3.645134907648527,2.9214643835367697,2.888463827248597,2.6411280780330015,1.8173624497776,3.805930242340078
2026-06-09,3.690043345812361,2.9306965527308413,2.9025186045290976,2.657422084375293,1.8703589363308792,3.8484309429579224
2026-06-10,3.6627485343623047,2.9255790443594463,2.912805514469228,2.6371844434390996,1.8360126739703235,3.8240426292717036
2026-06-11,3.650156036681175,2.9002335568254756,2.890244987758592,2.62220364494055,1.8358914208765413,3.8045110467586705
2026-06-12,3.7464780563967497,2.977824604310162,2.9422430570579636,2.6754546015029765,1.8472746871954384,3.8787656463202613
2026-06-15,3.793160594442928,3.0285157812623416,2.974797675440224,2.7175185596415283,1.9167357754064465,3.95166704841878
2026-06-16,3.749679318251745,3.009440239596688,2.9472584908779216,2.7029959641646473,1.944325594389857,3.9375313346332375
2026-06-17,3.722986375620737,3.00314863882588,2.9315144253118115,2.6956203626146977,1.9745741671021984,3.9362339856563615
2026-06-18,3.6752568699595325,2.9574317176894853,2.877775692868785,2.662116287379754,1.9747596421679958,3.890084681428844
2026-06-22,3.7557242559779853,3.017676649051138,2.945172064984109,2.7052970629479014,2.018673027087371,3.9711251355507584
2026-06-23,3.6478636482971587,2.961385531061875,2.923014337016066,2.6680104164325154,1.978230828122077,3.900580193414377
2026-06-24,3.654872296916131,2.945001738742304,2.8820706554753923,2.65191251749062,1.989803348747066,3.886788062343703
2026-06-25,3.630450579971799,2.931921203329387,2.8870394147290153,2.6601125954792293,2.019863363466313,3.893659925221275
2026-06-26,3.522877418791285,2.838268410852523,2.816351439155574,2.5887435896486,1.9773302891074596,3.7893715350409716
2026-06-29,3.5533713354543646,2.8667675552791083,2.8543290812700772,2.606442497053515,1.9811277089572903,3.820361983455548
2026-06-30,3.572289028040174,2.868607511993373,2.8310134564313794,2.6031724749641905,2.0088181538402097,3.8284947906383016
2026-07-01,3.6348708922198245,2.920796495306249,2.882244874176062,2.632298744733975,2.013742089019189,3.887948154020873
2026-07-02,3.6338688070915843,2.9178657163998687,2.8869664775865953,2.6207593118629884,1.9344309869040688,3.8542485565888804
2026-07-03,3.70528184832433,2.9566116245563725,2.9258869378134302,2.6551126995851395,1.9228157481224537,3.8955597626417755
2026-07-06,3.71672503543703,2.979550605309806,2.9457899951338096,2.6724586602956317,1.9005228828877598,3.9053713434982504
2026-07-07,3.6141819900426144,2.911455395860257,2.8924043752779123,2.6380444480085883,1.8637702031451935,3.826603959056004
2026-07-08,3.5998100275216767,2.9060981287242886,2.8699522094541208,2.6107643116591768,1.8132707269610815,3.7876010916897074
2026-07-09,3.590171085562019,2.8981764355832373,2.8526993909810705,2.609534104220762,1.8791768421102002,3.806081740680151
2026-07-10,3.648675759900961,2.9357273090938896,2.8716411160746595,2.6082967669477672,1.8419974816639033,3.818066924664051
2026-07-13,3.5752698913979284,2.8947365522271444,2.8409003429940176,2.5772464657228342,1.7567043058881977,3.739421419452794
2026-07-14,3.640026027448315,2.9243447317184765,2.8849129985902016,2.609865170820491,1.798500951992641,3.7994761367354326
2026-07-15,3.6841925821653385,2.9675956508110675,2.921676931758033,2.6448666014745474,1.7645230809714973,3.825487907053527
2026-07-16,3.6865628925699183,2.9737218697687444,2.917588630038657,2.629517786423952,1.7075955445321278,3.7974169020046156
2026-07-17,3.629078811830189,2.9273505888174207,2.8811688768500643,2.571909157613012,1.610860621522636,3.7046439514394622
2026-07-20,3.7558510296474092,2.993224050230853,2.928971992126864,2.603108439833253,1.5667579161397067,3.7483403638268062
2026-07-21,3.7799662051455,3.0116148928349427,2.9424657569295043,2.618348745079349,1.6449920016299693,3.802984507276357
2026-07-22,3.8417305497531107,3.035121284071337,2.958991698543427,2.6185001471556757,1.6323611181733926,3.819901502974566
2026-07-23,3.9039584786267953,3.069461527785029,2.990474179384832,2.6443406219021486,1.6334521025315458,3.857140352150029
2026-07-24,3.756846426172391,2.990862619279288,2.9217410406789073,2.585155954852236,1.5922980167747642,3.7538136817267147
2026-07-27,3.8121616102324136,3.0311781436203846,2.958175860358425,2.6207834350496193,1.6332820201060418,3.8140120734406846
2026-07-28,3.801820669703092,3.0391002529436015,2.9495327559304423,2.599924169729579,1.5586859962775363,3.770853034849333
2026-07-29,3.8967095589143663,3.0980925293122654,3.0032930113030063,2.6458914253638692,1.5630084256883525,3.8335401403476204
2026-07-30,3.922678634490217,3.126401945601453,3.02615803385102,2.6480840265877044,1.5111965100235527,3.8267675483255514
2026-07-31,3.9472809286265247,3.1424226505389257,3.037336503857396,2.6616283751427705,1.5489058475299362,3.861311631237967
2026-08-03,3.959889458016943,3.1580051312987827,3.0488408461329466,2.661759743390888,1.5223700714408555,3.8673729635109546
2026-08-04,4.124726475629607,3.1668499634599625,3.0294989149176224,2.6173942867861006,1.5027496824480235,3.874131584329947
2026-08-05,4.291041903048122,3.20114422552774,3.038436642118602,2.6015502755202635,1.5033535941037004,3.9118088538470355
2026-08-06,4.329775176090338,3.17398806509965,3.0207158504662424,2.592392457829211,1.5013253209193984,3.903937729845596
2026-08-07,4.444189060153521,3.1966581025578065,3.027590768123367,2.578315619976937,1.5016278545401103,3.927934582999375
2026-08-10,4.443974814741364,3.2290639341153966,3.0650771879345244,2.609951060483334,1.5240542469788132,3.966926356465395
2026-08-11,4.40818999101324,3.2023192116207273,3.0336630848353137,2.591907212906507,1.5130331880796457,3.9346193131865643
2026-08-12,4.4638664669943475,3.2211342287688254,3.040538728305811,2.5940111156388745,1.5104227721632817,3.9502658381491056
2026-08-13,4.411956234996372,3.1935187737685693,3.0170613455086954,2.5720656952073297,1.4973013442524101,3.914642389812747
2026-08-14,4.454549493781047,3.168629536424646,2.999665430844962,2.5537251684134548,1.490053342914942,3.9022845594954068
2026-08-17,4.5800213659066635,3.199498295093618,3.018096363528732,2.556667228232845,1.4970205026052104,3.941298318258559
2026-08-18,4.5563444605287104,3.180156879801176,3.0054325549061107,2.558765661427832,1.50518755530125,3.934123834237669
2026-08-19,4.281654089805037,3.1013389567775023,2.965331412807505,2.5493111422587464,1.5013782420184927,3.851653216664807
2026-08-20,4.242739433659427,3.114428736333208,3.0007983570122687,2.5730855974142544,1.5097779045415312,3.8685318072694383
2026-08-21,4.308220421447074,3.109828306760173,2.9842329219726578,2.5482977503060606,1.498752699799385,3.8620295086142273
2026-08-24,4.203842490962189,3.0915695210088128,2.976072578592906,2.561453589478131,1.4992153038380889,3.8408115778296286
2026-08-25,4.193874440896653,3.1067125181051276,2.9896768577142994,2.5705191224051025,1.504018705750128,3.8514139781322005
2026-08-26,4.217726172294361,3.142448186929655,3.0263328302467802,2.596566797199189,1.5135949353301945,3.8867689120289466
2026-08-27,4.347389783579766,3.169175040883959,3.039224648447582,2.5944285183470654,1.5136476121517977,3.920064940218204
2026-08-28,4.324745853188076,3.175444170662792,3.047895976661887,2.6037448626114297,1.5199026658598023,3.925798166495649
2026-08-31,4.3696475779593325,3.16576895193608,3.0364510213335247,2.5889139362615112,1.5231842469328356,3.925914123634312
2026-09-01,4.295053903324769,3.162087593018282,3.036901390573405,2.5915186008028193,1.5239406093772898,3.922763251331594
